Date;Close;High;Low;Open;Volume;Log_Returns;Monetary_Volume;Bid_Ask_Spread;Capitalizacion_Mercado
25/08/2021;9.579.999.923.706.050;9.699.999.809.265.130;9.460.000.038.146.970;9.600.000.381.469.720;353000;;33.817.399.730.682.300;0.23999977111816406;33.817.399.730.682.300
26/08/2021;9.680.000.305.175.780;10.039.999.961.853.000;9.460.000.038.146.970;9.5;646200;0.010384348796017032;625.521.619.720.459;0.5799999237060547;625.521.619.720.459
27/08/2021;100.600.004.196.167;10.229.999.542.236.300;9.5;9.760.000.228.881.830;674900;0.03850527356808491;678.949.428.319.931;0.7299995422363281;678.949.428.319.931
30/08/2021;9.970.000.267.028.800;10.289.999.961.853.000;9.960.000.038.146.970;10.069.999.694.824.200;261800;-0.008986595626016662;2.610.146.069.908.140;0.3299999237060547;2.610.146.069.908.140
31/08/2021;99.399.995.803.833;10.199.999.809.265.100;9.680.000.305.175.780;9.970.000.267.028.800;302300;-0.00301363230345511;3.004.861.873.149.870;0.5199995040893555;3.004.861.873.149.870
1/09/2021;10.279.999.732.971.100;1.040.999.984.741.210;9.829.999.923.706.050;9.920.000.076.293.940;478400;0.03363325559793159;4.917.951.872.253.410;0.5799999237060547;4.917.951.872.253.410
2/09/2021;103.100.004.196.167;10.574.999.809.265.100;10.289.999.961.853.000;10.329.999.923.706.000;360800;0.0029141046773849687;3.719.848.151.397.700;0.2849998474121094;3.719.848.151.397.700
3/09/2021;9.960.000.038.146.970;10.25;990.999.984.741.211;10.210.000.038.146.900;490100;-0.03453726330231432;4.881.396.018.695.830;0.3400001525878906;4.881.396.018.695.830
7/09/2021;9.899.999.618.530.270;10.069.999.694.824.200;984.000.015.258.789;9.890.000.343.322.750;279500;-0.006042356818276265;27.670.498.933.792.100;0.22999954223632812;27.670.498.933.792.100
8/09/2021;98.100.004.196.167;99.399.995.803.833;9.550.000.190.734.860;9.899.999.618.530.270;365800;-0.009132402256593924;35.884.981.534.957.800;0.3899993896484375;35.884.981.534.957.800
9/09/2021;10.079.999.923.706.000;10.300.000.190.734.800;98.100.004.196.167;98.100.004.196.167;571300;0.02715093872272464;5.758.703.956.413.260;0.48999977111816406;5.758.703.956.413.260
10/09/2021;10.050.000.190.734.800;101.899.995.803.833;9.930.000.305.175.780;101.899.995.803.833;225400;-0.002980601590700795;2.265.270.042.991.630;0.25999927520751953;2.265.270.042.991.630
13/09/2021;1.040.999.984.741.210;10.479.999.542.236.300;9.920.000.076.293.940;10.100.000.381.469.700;438000;0.03519421448538087;4.559.579.933.166.500;0.5599994659423828;4.559.579.933.166.500
14/09/2021;10.270.000.457.763.600;10.579.999.923.706.000;10.170.000.076.293.900;104.399.995.803.833;1202500;-0.013539799455694094;12.349.675.550.460.800;0.4099998474121094;12.349.675.550.460.800
15/09/2021;104.399.995.803.833;10.569.999.694.824.200;10.210.000.038.146.900;10.350.000.381.469.700;436700;0.01641747374795661;4.559.147.816.753.380;0.3599996566772461;4.559.147.816.753.380
16/09/2021;10.539.999.961.853.000;10.539.999.961.853.000;10.211.000.442.504.800;10.390.000.343.322.700;238000;0.00953299723263739;25.085.199.909.210.200;0.32899951934814453;25.085.199.909.210.200
17/09/2021;10.520.000.457.763.600;10.75;10.399.999.618.530.200;10.569.999.694.824.200;1422100;-0.0018992886707390215;14.960.492.650.985.700;0.35000038146972656;14.960.492.650.985.700
20/09/2021;10.25;10.489.999.771.118.100;10.170.000.076.293.900;10.319.999.694.824.200;246600;-0.026000545238802665;2527650.0;0.31999969482421875;2527650.0
21/09/2021;1.134.000.015.258.780;11.390.000.343.322.700;10.510.000.228.881.800;10.510.000.228.881.800;685900;0.10105860617091111;7.778.106.104.660.030;0.880000114440918;7.778.106.104.660.030
22/09/2021;12.140.000.343.322.700;12.279.999.732.971.100;110.600.004.196.167;110.600.004.196.167;710700;0.06816950215631645;8.627.898.243.999.480;12.199.993.133.544.900;8.627.898.243.999.480
23/09/2021;12.329.999.923.706.000;1.259.000.015.258.780;12.039.999.961.853.000;12.149.999.618.530.200;740900;0.01552949707694035;9.135.296.943.473.810;0.5500001907348633;9.135.296.943.473.810
24/09/2021;11.869.999.885.559.000;12.25;1.159.000.015.258.780;12.220.000.267.028.800;844900;-0.03802111200819774;10.028.962.903.308.800;0.6599998474121094;10.028.962.903.308.800
27/09/2021;12.920.000.076.293.900;14.100.000.381.469.700;12.359.999.656.677.200;12.729.999.542.236.300;1960300;0.08476230527917267;2.532.707.614.955.900;17.400.007.247.924.800;2.532.707.614.955.900
28/09/2021;13.229.999.542.236.300;1.340.999.984.741.210;12.630.000.114.440.900;12.789.999.961.853.000;544800;0.02371043926687512;7.207.703.750.610.350;0.7799997329711914;7.207.703.750.610.350
29/09/2021;13.149.999.618.530.200;13.569.999.694.824.200;12.960.000.038.146.900;13.229.999.542.236.300;471000;-0.0060652139117664955;6.193.649.820.327.750;0.6099996566772461;6.193.649.820.327.750
30/09/2021;12.569.999.694.824.200;13.420.000.076.293.900;12.430.000.305.175.700;13.229.999.542.236.300;679900;-0.04510873129061785;8.546.342.792.510.980;0.9899997711181641;8.546.342.792.510.980
1/10/2021;13.050.000.190.734.800;13.260.000.228.881.800;1.237.399.959.564.200;125.600.004.196.167;458900;0.037475150060350036;5.988.645.087.528.220;0.8860006332397461;5.988.645.087.528.220
4/10/2021;12.510.000.228.881.800;13.050.000.190.734.800;124.399.995.803.833;12.930.000.305.175.700;373400;-0.042259805609670936;4.671.234.085.464.470;0.6100006103515625;4.671.234.085.464.470
5/10/2021;12.220.000.267.028.800;12.600.000.381.469.700;12.069.999.694.824.200;12.470.000.267.028.800;496900;-0.02345436717949609;6.072.118.132.686.610;0.5300006866455078;6.072.118.132.686.610
6/10/2021;12.359.999.656.677.200;12.5;118.100.004.196.167;12.050.000.190.734.800;338500;0.01139144865738875;4.183.859.883.785.240;0.6899995803833008;4.183.859.883.785.240
7/10/2021;12.329.999.923.706.000;12.579.000.473.022.400;12.170.000.076.293.900;1.240.999.984.741.210;252000;-0.0024301132640375;3.107.159.980.773.920;0.4090003967285156;3.107.159.980.773.920
8/10/2021;12.569.999.694.824.200;12.899.999.618.530.200;12.359.999.656.677.200;12.430.000.305.175.700;286300;0.01927768733546565;3.598.790.912.628.170;0.5399999618530273;3.598.790.912.628.170
11/10/2021;13.390.000.343.322.700;13.579.999.923.706.000;12.539.999.961.853.000;12.609.999.656.677.200;1086400;0.06319518701926578;1.454.689.637.298.580;10.399.999.618.530.200;1.454.689.637.298.580
12/10/2021;13.449.999.809.265.100;138.149.995.803.833;1.334.000.015.258.780;13.520.000.457.763.600;503100;0.0044709065235009554;676.669.490.404.129;0.47499942779541016;676.669.490.404.129
13/10/2021;1.334.000.015.258.780;13.539.999.961.853.000;12.819.999.694.824.200;13.449.999.809.265.100;438200;-0.008212039940967128;5.845.588.066.864.010;0.7200002670288086;5.845.588.066.864.010
14/10/2021;13.510.000.228.881.800;13.729.999.542.236.300;13.420.000.076.293.900;13.574.999.809.265.100;529500;0.012663116987917878;7.153.545.121.192.930;0.3099994659423828;7.153.545.121.192.930
15/10/2021;14.069.999.694.824.200;14.300.000.190.734.800;13.710.000.038.146.900;13.739.999.771.118.100;577800;0.040614680522708516;8.129.645.823.669.430;0.5900001525878906;8.129.645.823.669.430
18/10/2021;13.470.000.267.028.800;139.399.995.803.833;1.309.000.015.258.780;13.859.999.656.677.200;572600;-0.04357983919023909;7.712.922.152.900.690;0.8499994277954102;7.712.922.152.900.690
19/10/2021;13.050.000.190.734.800;13.449.999.809.265.100;13.010.000.228.881.800;13.225.000.381.469.700;413900;-0.031676861861836776;540.139.507.894.516;0.4399995803833008;540.139.507.894.516
20/10/2021;12.720.000.267.028.800;13.170.000.076.293.900;12.699.999.809.265.100;1.284.000.015.258.780;186700;-0.02561256947959395;23.748.240.498.542.700;0.4700002670288086;23.748.240.498.542.700
21/10/2021;12.670.000.076.293.900;12.770.000.457.763.600;12.380.000.114.440.900;1.265.999.984.741.210;307200;-0.00393857855013748;38.922.240.234.375;0.3900003433227539;38.922.240.234.375
22/10/2021;12.729.999.542.236.300;12.770.000.457.763.600;12.399.999.618.530.200;125.600.004.196.167;210600;0.0047243762552051745;26.809.379.035.949.700;0.37000083923339844;26.809.379.035.949.700
25/10/2021;128.100.004.196.167;12.970.000.267.028.800;12.239.999.771.118.100;12.25;528400;0.0062647720557310995;6.768.804.221.725.460;0.7300004959106445;6.768.804.221.725.460
26/10/2021;12.75;13.199.999.809.265.100;12.529.999.732.971.100;12.850.000.381.469.700;435500;-0.004694877061170422;5552625.0;0.6700000762939453;5552625.0
27/10/2021;12.329.999.923.706.000;126.899.995.803.833;12.239.999.771.118.100;1.259.000.015.258.780;442300;-0.03349596061585019;5.453.558.966.255.180;0.4499998092651367;5.453.558.966.255.180
28/10/2021;12.5;12.850.000.381.469.700;12.180.000.305.175.700;12.300.000.190.734.800;427900;0.013693333319670481;5348750.0;0.6700000762939453;5348750.0
29/10/2021;12.420.000.076.293.900;12.670.000.076.293.900;12.097.999.572.753.900;12.5;886600;-0.006420561660093021;11.011.572.067.642.200;0.5720005035400391;11.011.572.067.642.200
1/11/2021;12.760.000.228.881.800;13.25;1.209.000.015.258.780;12.300.000.190.734.800;729600;0.027007213205929238;9.309.696.166.992.180;11.599.998.474.121.000;9.309.696.166.992.180
2/11/2021;12.800.000.190.734.800;12.880.000.114.440.900;123.100.004.196.167;12.649.999.618.530.200;469000;0.003129889972640981;6.003.200.089.454.650;0.5699996948242188;6.003.200.089.454.650
3/11/2021;13.100.000.381.469.700;13.619.999.885.559.000;12.649.999.618.530.200;12.779.999.732.971.100;562100;0.023167073500199323;7.363.510.214.424.130;0.9700002670288086;7.363.510.214.424.130
4/11/2021;13.239.999.771.118.100;13.359.999.656.677.200;12.920.000.076.293.900;13.069.999.694.824.200;747200;0.010630273894782315;9.892.927.828.979.490;0.4399995803833008;9.892.927.828.979.490
5/11/2021;13.289.999.961.853.000;13.579.999.923.706.000;12.510.000.228.881.800;13.319.999.694.824.200;733400;0.003769336633088146;974.688.597.202.301;10.699.996.948.242.100;974.688.597.202.301
8/11/2021;13.350.000.381.469.700;13.734.999.656.677.200;13.199.999.809.265.100;1.340.999.984.741.210;447200;0.004504543565967015;5.970.120.170.593.260;0.5349998474121094;5.970.120.170.593.260
9/11/2021;13.100.000.381.469.700;13.609.999.656.677.200;12.720.000.267.028.800;13.010.000.228.881.800;846400;-0.018904154093837645;11.087.840.322.875.900;0.8899993896484375;11.087.840.322.875.900
10/11/2021;12.199.999.809.265.100;13.390.000.343.322.700;121.899.995.803.833;13.100.000.381.469.700;784000;-0.07117632322172632;9.564.799.850.463.860;12.000.007.629.394.500;9.564.799.850.463.860
11/11/2021;12.350.000.381.469.700;125.600.004.196.167;12.145.000.457.763.600;12.145.000.457.763.600;264900;0.012220157857017147;32.715.151.010.513.300;0.41499996185302734;32.715.151.010.513.300
12/11/2021;12.079.999.923.706.000;12.510.000.228.881.800;11.920.000.076.293.900;12.510.000.228.881.800;477200;-0.02210490777127774;5.764.575.963.592.520;0.5900001525878906;5.764.575.963.592.520
15/11/2021;1.165.999.984.741.210;12.079.999.923.706.000;11.630.000.114.440.900;12.050.000.190.734.800;423000;-0.0353870183550387;4.932.179.935.455.320;0.4499998092651367;4.932.179.935.455.320
16/11/2021;11.789.999.961.853.000;11.899.999.618.530.200;11.420.000.076.293.900;11.550.000.190.734.800;373500;0.011087543477837037;4.403.564.985.752.100;0.4799995422363281;4.403.564.985.752.100
17/11/2021;11.640.000.343.322.700;11.869.999.885.559.000;11.470.000.267.028.800;116.899.995.803.833;312400;-0.01280423951536999;36.363.361.072.540.200;0.39999961853027344;36.363.361.072.540.200
18/11/2021;11.390.000.343.322.700;11.869.999.885.559.000;11.289.999.961.853.000;11.869.999.885.559.000;382400;-0.021711664196811118;4.355.536.131.286.620;0.5799999237060547;4.355.536.131.286.620
19/11/2021;11.569.999.694.824.200;116.899.995.803.833;11.119.999.885.559.000;11.260.000.228.881.800;268500;0.015679707227550726;31.065.449.180.603.000;0.5699996948242188;31.065.449.180.603.000
22/11/2021;11.239.999.771.118.100;11.75;111.899.995.803.833;11.600.000.381.469.700;356800;-0.02893669072672072;4.010.431.918.334.960;0.5600004196166992;4.010.431.918.334.960
23/11/2021;11.539.999.961.853.000;11.600.000.381.469.700;10.979.999.542.236.300;11.170.000.076.293.900;379400;0.02634043367193123;4.378.275.985.527.030;0.6200008392333984;4.378.275.985.527.030
24/11/2021;11.25;11.470.000.267.028.800;11.170.000.076.293.900;11.470.000.267.028.800;330100;-0.025451129123894176;3713625.0;0.3000001907348633;3713625.0
26/11/2021;10.649.999.618.530.200;11.229.999.542.236.300;10.479.999.542.236.300;10.970.000.267.028.800;314200;-0.054808272313749386;3.346.229.880.142.210;0.75;3.346.229.880.142.210
29/11/2021;108.100.004.196.167;11.069.999.694.824.200;10.710.000.038.146.900;1.090.999.984.741.210;591900;0.014911814131892303;6.398.439.248.371.120;0.3599996566772461;6.398.439.248.371.120
30/11/2021;1.084.000.015.258.780;10.970.000.267.028.800;10.5;1.065.999.984.741.210;494600;0.00277133961930161;5.361.464.075.469.970;0.4700002670288086;5.361.464.075.469.970
1/12/2021;10.800.000.190.734.800;11.425.000.190.734.800;10.779.999.732.971.100;11.069.999.694.824.200;362100;-0.0036968582970643505;3.910.680.069.065.090;0.6450004577636719;3.910.680.069.065.090
2/12/2021;11.039.999.961.853.000;1.109.000.015.258.780;10.670.000.076.293.900;1.090.999.984.741.210;302600;0.02197888560279815;3.340.703.988.456.720;0.4200000762939453;3.340.703.988.456.720
3/12/2021;10.260.000.228.881.800;11.029.999.732.971.100;10.100.000.381.469.700;11.029.999.732.971.100;1981000;-0.07327217534281319;20.325.060.453.414.900;0.9299993515014648;20.325.060.453.414.900
6/12/2021;10.460.000.038.146.900;10.649.999.618.530.200;10.069.999.694.824.200;10.350.000.381.469.700;284300;0.019305600232920665;29.737.780.108.451.800;0.5799999237060547;29.737.780.108.451.800
7/12/2021;111.899.995.803.833;11.470.000.267.028.800;10.619.999.885.559.000;10.800.000.190.734.800;532600;0.06746202254086;5.959.793.776.512.140;0.8500003814697266;5.959.793.776.512.140
8/12/2021;1.109.000.015.258.780;11.319.999.694.824.200;10.989.999.771.118.100;11.180.000.305.175.700;249700;-0.008976669703247042;27.691.730.381.011.900;0.3299999237060547;27.691.730.381.011.900
9/12/2021;10.359.999.656.677.200;11.180.000.305.175.700;10.319.999.694.824.200;1.115.999.984.741.210;289400;-0.06809161142925343;2.998.183.900.642.390;0.8600006103515625;2.998.183.900.642.390
10/12/2021;10.25;10.585.000.038.146.900;10.180.000.305.175.700;10.510.000.228.881.800;338800;-0.010674498107657285;3472700.0;0.4049997329711914;3472700.0
13/12/2021;10.539.999.961.853.000;10.869.999.885.559.000;101.899.995.803.833;10.199.999.809.265.100;679300;0.02789983390954173;71.598.219.740.867.600;0.6800003051757812;71.598.219.740.867.600
14/12/2021;103.100.004.196.167;10.520.000.457.763.600;10.100.000.381.469.700;10.390.000.343.322.700;790800;-0.022063200765120375;8.153.148.331.832.880;0.4200000762939453;8.153.148.331.832.880
15/12/2021;10.680.000.305.175.700;10.710.000.038.146.900;10.0;10.270.000.457.763.600;928300;0.03525852337772112;9.914.244.283.294.670;0.7100000381469727;9.914.244.283.294.670
16/12/2021;10.119.999.885.559.000;11.0;9.979.999.542.236.320;10.720.000.267.028.800;703500;-0.0538592095556314;7.119.419.919.490.810;10.200.004.577.636.700;7.119.419.919.490.810
17/12/2021;10.739.999.771.118.100;1.084.000.015.258.780;9.869.999.885.559.080;10.039.999.961.853.000;1992600;0.05946141521863228;21.400.523.543.930.000;0.9700002670288086;21.400.523.543.930.000
20/12/2021;10.579.999.923.706.000;10.720.000.267.028.800;10.039.999.961.853.000;10.510.000.228.881.800;445600;-0.015009648550555185;4.714.447.966.003.410;0.6800003051757812;4.714.447.966.003.410
21/12/2021;10.819.999.694.824.200;10.859.999.656.677.200;10.390.000.343.322.700;10.630.000.114.440.900;399500;0.022430825994543997;4.322.589.878.082.270;0.4699993133544922;4.322.589.878.082.270
22/12/2021;11.109.999.656.677.200;11.140.000.343.322.700;10.430.000.305.175.700;10.770.000.457.763.600;449900;0.026449327535850792;4.998.388.845.539.090;0.7100000381469727;4.998.388.845.539.090
23/12/2021;11.640.000.343.322.700;1.165.999.984.741.210;110.600.004.196.167;11.100.000.381.469.700;617500;0.04660189904897327;7.187.700.212.001.800;0.5999994277954102;7.187.700.212.001.800
27/12/2021;11.140.000.343.322.700;116.850.004.196.167;11.109.999.656.677.200;11.600.000.381.469.700;354000;-0.04390520648031718;3.943.560.121.536.250;0.5750007629394531;3.943.560.121.536.250
28/12/2021;10.800.000.190.734.800;11.210.000.038.146.900;10.779.999.732.971.100;10.850.000.381.469.700;272700;-0.03099611352724678;2.945.160.052.013.390;0.43000030517578125;2.945.160.052.013.390
29/12/2021;10.779.999.732.971.100;10.800.000.190.734.800;10.529.999.732.971.100;10.710.000.038.146.900;372300;-0.0018536110807199774;40.133.939.005.851.700;0.2700004577636719;40.133.939.005.851.700
30/12/2021;11.279.999.732.971.100;11.545.000.076.293.900;10.779.999.732.971.100;1.084.000.015.258.780;403400;0.045338681687056445;4.550.351.892.280.570;0.7650003433227539;4.550.351.892.280.570
31/12/2021;113.100.004.196.167;11.5;11.170.000.076.293.900;11.170.000.076.293.900;353100;0.0026561048322707166;39.935.611.481.666.500;0.3299999237060547;39.935.611.481.666.500
3/01/2022;11.890.000.343.322.700;12.279.999.732.971.100;113.100.004.196.167;11.430.000.305.175.700;486500;0.05001041234818989;578.448.516.702.652;0.9699993133544922;578.448.516.702.652
4/01/2022;11.350.000.381.469.700;11.949.999.809.265.100;113.100.004.196.167;11.890.000.343.322.700;345600;-0.04647996204052767;39.225.601.318.359.300;0.6399993896484375;39.225.601.318.359.300
5/01/2022;11.0;11.699.999.809.265.100;10.960.000.038.146.900;11.350.000.381.469.700;532700;-0.031322504738708144;5859700.0;0.7399997711181641;5859700.0
6/01/2022;119.399.995.803.833;12.020.000.457.763.600;10.789.999.961.853.000;11.109.999.656.677.200;622300;0.08199880002230768;7.430.261.738.872.520;12.300.004.959.106.400;7.430.261.738.872.520
7/01/2022;11.949.999.809.265.100;1.209.000.015.258.780;11.010.000.228.881.800;11.800.000.190.734.800;671900;0.0008371895957649231;8.029.204.871.845.240;10.799.999.237.060.500;8.029.204.871.845.240
10/01/2022;12.239.999.771.118.100;12.739.999.771.118.100;119.399.995.803.833;12.210.000.038.146.900;1087400;0.023977995968240337;13.309.775.751.113.800;0.8000001907348633;13.309.775.751.113.800
11/01/2022;12.489.999.771.118.100;12.859.999.656.677.200;12.100.000.381.469.700;1.215.999.984.741.210;506200;0.020219047427595675;6.322.437.884.140.010;0.7599992752075195;6.322.437.884.140.010
12/01/2022;11.869.999.885.559.000;12.609.999.656.677.200;11.835.000.038.146.900;12.420.000.076.293.900;436200;-0.05091410683189185;5.177.693.950.080.870;0.7749996185302734;5.177.693.950.080.870
13/01/2022;1.159.000.015.258.780;12.140.000.343.322.700;114.399.995.803.833;11.829.999.923.706.000;556900;-0.023871528463248963;6.454.471.084.976.190;0.7000007629394531;6.454.471.084.976.190
14/01/2022;11.850.000.381.469.700;11.890.000.343.322.700;11.130.000.114.440.900;11.550.000.190.734.800;488700;0.02218522925553947;5.791.095.186.424.250;0.7600002288818359;5.791.095.186.424.250
18/01/2022;11.199.999.809.265.100;11.779.999.732.971.100;11.109.999.656.677.200;11.779.999.732.971.100;717300;-0.05641413850152756;8.033.759.863.185.880;0.6700000762939453;8.033.759.863.185.880
19/01/2022;10.75;11.529.999.732.971.100;10.739.999.771.118.100;11.289.999.961.853.000;415800;-0.04100800669747845;4469850.0;0.7899999618530273;4469850.0
20/01/2022;10.670.000.076.293.900;11.079.999.923.706.000;10.614.999.771.118.100;10.850.000.381.469.700;758100;-0.007469682109686917;808.892.705.783.844;0.4650001525878906;808.892.705.783.844
21/01/2022;10.289.999.961.853.000;10.850.000.381.469.700;10.199.999.809.265.100;10.359.999.656.677.200;692700;-0.03626352632521541;7.127.882.973.575.590;0.6500005722045898;7.127.882.973.575.590
24/01/2022;1.034.000.015.258.780;10.520.000.457.763.600;9.789.999.961.853.020;10.119.999.885.559.000;1040200;0.004847337698562978;10.755.668.158.721.900;0.7300004959106445;10.755.668.158.721.900
25/01/2022;9.979.999.542.236.320;101.850.004.196.167;9.850.000.381.469.720;10.130.000.114.440.900;1074200;-0.035436839382064135;10.720.515.508.270.200;0.33500003814697266;10.720.515.508.270.200
26/01/2022;9.489.999.771.118.160;10.25;9.420.000.076.293.940;10.180.000.305.175.700;880900;-0.05034445595164444;8.359.740.798.377.990;0.8299999237060547;8.359.740.798.377.990
27/01/2022;8.710.000.038.146.970;9.569.999.694.824.210;8.640.000.343.322.750;9.569.999.694.824.210;1791600;-0.08576679325953702;15.604.836.068.344.100;0.9299993515014648;15.604.836.068.344.100
28/01/2022;9.109.999.656.677.240;9.130.000.114.440.910;8.324.999.809.265.130;865.999.984.741.211;1883300;0.044900878341417885;17.156.862.353.420.200;0.8050003051757812;17.156.862.353.420.200
31/01/2022;959.000.015.258.789;9.720.000.267.028.800;9.029.999.732.971.190;9.270.000.457.763.670;695900;0.05134823122098817;6.673.681.106.185.910;0.6900005340576172;6.673.681.106.185.910
1/02/2022;9.5;9.670.000.076.293.940;9.045.000.076.293.940;95.600.004.196.167;778400;-0.009429106199997645;7394800.0;0.625;7394800.0
2/02/2022;9.029.999.732.971.190;9.770.000.457.763.670;8.989.999.771.118.160;9.770.000.457.763.670;500100;-0.050739460748898124;4.515.902.866.458.890;0.7800006866455078;4.515.902.866.458.890
3/02/2022;8.619.999.885.559.080;9.069.999.694.824.210;8.609.999.656.677.240;8.899.999.618.530.270;623500;-0.04646726645820398;5.374.569.928.646.080;0.46000003814697266;5.374.569.928.646.080
4/02/2022;8.609.999.656.677.240;8.800.000.190.734.860;8.420.000.076.293.940;8.600.000.381.469.720;842600;-0.0011607928346387293;7.254.785.710.716.240;0.38000011444091797;7.254.785.710.716.240
7/02/2022;8.890.000.343.322.750;9.0;8.522.000.312.805.170;8.600.000.381.469.720;642400;0.03200280958004064;5.710.936.220.550.530;0.4779996871948242;5.710.936.220.550.530
8/02/2022;89.399.995.803.833;9.0;8.720.000.267.028.800;8.930.000.305.175.780;348800;0.0056084541036358565;31.182.718.536.376.900;0.2799997329711914;31.182.718.536.376.900
9/02/2022;9.229.999.542.236.320;9.380.000.114.440.910;9.010.000.228.881.830;9.010.000.228.881.830;508900;0.03192345667113155;4.697.146.767.044.060;0.36999988555908203;4.697.146.767.044.060
10/02/2022;884.000.015.258.789;9.329.999.923.706.050;8.619.999.885.559.080;8.949.999.809.265.130;620600;-0.04317210500893669;5.486.104.094.696.040;0.7100000381469727;5.486.104.094.696.040
11/02/2022;8.710.000.038.146.970;9.010.000.228.881.830;8.635.000.228.881.830;8.970.000.267.028.800;594400;-0.014815098666538695;5.177.224.022.674.560;0.375;5.177.224.022.674.560
14/02/2022;8.670.000.076.293.940;8.800.000.190.734.860;8.520.000.457.763.670;8.789.999.961.853.020;439900;-0.00460299565187331;38.139.330.335.617.000;0.2799997329711914;38.139.330.335.617.000
15/02/2022;9.100.000.381.469.720;9.130.000.114.440.910;8.850.000.381.469.720;8.930.000.305.175.780;400100;0.04840565585034014;36.409.101.526.260.300;0.2799997329711914;36.409.101.526.260.300
16/02/2022;9.020.000.457.763.670;9.119.999.885.559.080;890.999.984.741.211;9.0;303100;-0.008830070618169835;2.733.962.138.748.160;0.21000003814697266;2.733.962.138.748.160
17/02/2022;909.000.015.258.789;9.210.000.038.146.970;890.999.984.741.211;89.399.995.803.833;570300;0.007730540151350123;5.184.027.087.020.870;0.3000001907348633;5.184.027.087.020.870
18/02/2022;9.289.999.961.853.020;9.529.999.732.971.190;9.010.000.228.881.830;9.010.000.228.881.830;546800;0.021763623743772803;5.079.771.979.141.230;0.5199995040893555;5.079.771.979.141.230
22/02/2022;90.600.004.196.167;9.510.000.228.881.830;8.979.999.542.236.320;9.180.000.305.175.780;521400;-0.025069382349310925;4.723.884.218.788.140;0.5300006866455078;4.723.884.218.788.140
23/02/2022;9.050.000.190.734.860;9.380.000.114.440.910;8.920.000.076.293.940;915.999.984.741.211;808000;-0.001104387582685848;73.124.001.541.137.600;0.46000003814697266;73.124.001.541.137.600
24/02/2022;9.699.999.809.265.130;9.739.999.771.118.160;8.600.000.381.469.720;8.739.999.771.118.160;1065000;0.06936108705843884;1.033.049.979.686.730;11.399.993.896.484.300;1.033.049.979.686.730
25/02/2022;9.25;9.930.000.305.175.780;8.920.000.076.293.940;9.789.999.961.853.020;695500;-0.04750231432161512;6433375.0;1.010.000.228.881.830;6433375.0
28/02/2022;9.029.999.732.971.190;9.899.999.618.530.270;9.0;915.999.984.741.211;828900;-0.024071213666736854;7.484.966.778.659.820;0.8999996185302734;7.484.966.778.659.820
1/03/2022;9.069.999.694.824.210;9.25;89.399.995.803.833;9.0;557100;0.004419892622724332;5.052.896.829.986.570;0.3100004196166992;5.052.896.829.986.570
2/03/2022;9.260.000.228.881.830;940.999.984.741.211;8.949.999.809.265.130;9.149.999.618.530.270;371700;0.020731842895027334;34.419.420.850.753.700;0.46000003814697266;34.419.420.850.753.700
3/03/2022;9.039.999.961.853.020;9.390.000.343.322.750;8.970.000.267.028.800;9.329.999.923.706.050;662500;-0.024044903191061295;5.988.999.974.727.630;0.4200000762939453;5.988.999.974.727.630
4/03/2022;9.600.000.381.469.720;96.899.995.803.833;9.079.999.923.706.050;9.079.999.923.706.050;716000;0.06010396802593246;6.873.600.273.132.320;0.6099996566772461;6.873.600.273.132.320
7/03/2022;98.100.004.196.167;9.984.999.656.677.240;95.600.004.196.167;9.680.000.305.175.780;616400;0.021639178141434307;6.046.884.258.651.730;0.4249992370605469;6.046.884.258.651.730
8/03/2022;9.350.000.381.469.720;9.880.000.114.440.910;9.25;9.800.000.190.734.860;383100;-0.048025932252158024;35.819.851.461.410.500;0.630000114440918;35.819.851.461.410.500
9/03/2022;9.710.000.038.146.970;9.779.999.732.971.190;9.350.000.381.469.720;9.359.999.656.677.240;463600;0.037779902132364984;45.015.560.176.849.300;0.42999935150146484;45.015.560.176.849.300
10/03/2022;9.609.999.656.677.240;9.640.000.343.322.750;9.25;9.600.000.381.469.720;321800;-0.010352098975233252;3.092.497.889.518.730;0.3900003433227539;3.092.497.889.518.730
11/03/2022;8.970.000.267.028.800;9.720.000.267.028.800;8.960.000.038.146.970;9.619.999.885.559.080;379100;-0.06891848141682545;34.005.271.012.306.200;0.7600002288818359;34.005.271.012.306.200
14/03/2022;8.819.999.694.824.210;9.100.000.381.469.720;8.640.000.343.322.750;9.010.000.228.881.830;557000;-0.016863870421531642;491.273.983.001.709;0.46000003814697266;491.273.983.001.709
15/03/2022;84.399.995.803.833;8.949.999.809.265.130;8.359.999.656.677.240;8.890.000.343.322.750;740900;-0.0440395765280245;6.253.195.689.105.980;0.5900001525878906;6.253.195.689.105.980
16/03/2022;859.000.015.258.789;8.600.000.381.469.720;80.600.004.196.167;8.380.000.114.440.910;736600;0.017616494869350796;632.739.411.239.624;0.5399999618530273;632.739.411.239.624
17/03/2022;9.010.000.228.881.830;9.020.000.457.763.670;8.291.999.816.894.530;8.579.999.923.706.050;380200;0.04773634326373873;3.425.602.087.020.870;0.7280006408691406;3.425.602.087.020.870
18/03/2022;9.260.000.228.881.830;934.000.015.258.789;8.859.999.656.677.240;8.930.000.305.175.780;925800;0.02736897635201304;8.572.908.211.898.800;0.48000049591064453;8.572.908.211.898.800
21/03/2022;8.75;93.100.004.196.167;8.619.999.885.559.080;93.100.004.196.167;1061300;-0.0566503730058255;9286375.0;0.6900005340576172;9286375.0
22/03/2022;8.979.999.542.236.320;9.100.000.381.469.720;8.529.999.732.971.190;8.75;475400;0.02594613096867394;426.909.178.237.915;0.5700006484985352;426.909.178.237.915
23/03/2022;8.800.000.190.734.860;9.069.999.694.824.210;8.779.999.732.971.190;8.890.000.343.322.750;354300;-0.020248088179620077;3.117.840.067.577.360;0.28999996185302734;3.117.840.067.577.360
24/03/2022;8.949.999.809.265.130;9.050.000.190.734.860;8.779.999.732.971.190;8.869.999.885.559.080;358800;0.01690176781702908;3.211.259.931.564.330;0.2700004577636719;3.211.259.931.564.330
25/03/2022;8.670.000.076.293.940;8.949.999.809.265.130;8.619.999.885.559.080;8.890.000.343.322.750;319400;-0.031784711383392436;2.769.198.024.368.280;0.3299999237060547;2.769.198.024.368.280
28/03/2022;8.680.000.305.175.780;884.000.015.258.789;8.420.000.076.293.940;8.670.000.076.293.940;522200;0.0011527642385447765;4.532.696.159.362.790;0.4200000762939453;4.532.696.159.362.790
29/03/2022;9.020.000.457.763.670;9.220.000.267.028.800;865.999.984.741.211;884.000.015.258.789;612200;0.038422820993625435;552.204.428.024.292;0.5600004196166992;552.204.428.024.292
30/03/2022;890.999.984.741.211;9.359.999.656.677.240;8.859.999.656.677.240;89.399.995.803.833;438900;-0.012270160467130671;3.910.598.933.029.170;0.5;3.910.598.933.029.170
31/03/2022;8.680.000.305.175.780;9.079.999.923.706.050;8.640.000.343.322.750;8.960.000.038.146.970;387800;-0.02615266052649475;3.366.104.118.347.160;0.4399995803833008;3.366.104.118.347.160
1/04/2022;9.0;9.079.999.923.706.050;8.609.999.656.677.240;86.899.995.803.833;648600;0.03620301350546104;5837400.0;0.4700002670288086;5837400.0
4/04/2022;9.010.000.228.881.830;9.335.000.038.146.970;876.099.967.956.543;8.989.999.771.118.160;495200;0.0011105196871161916;4.461.752.113.342.280;0.574000358581543;4.461.752.113.342.280
5/04/2022;8.75;91.899.995.803.833;86.899.995.803.833;89.399.995.803.833;332200;-0.029281396653812665;2906750.0;0.5;2906750.0
6/04/2022;9.579.999.923.706.050;9.720.000.267.028.800;8.819.999.694.824.210;90.600.004.196.167;667100;0.09062388364936869;6.390.817.949.104.300;0.9000005722045898;6.390.817.949.104.300
7/04/2022;9.770.000.457.763.670;990.999.984.741.211;934.000.015.258.789;9.609.999.656.677.240;773400;0.01963892888980785;7.556.118.354.034.420;0.5699996948242188;7.556.118.354.034.420
8/04/2022;9.970.000.267.028.800;10.210.000.038.146.900;9.574.999.809.265.130;9.850.000.381.469.720;588400;0.02026409784827742;5.866.348.157.119.750;0.6350002288818359;5.866.348.157.119.750
11/04/2022;94.399.995.803.833;9.885.000.228.881.830;93.100.004.196.167;9.819.999.694.824.210;700900;-0.05462467505049032;66.164.957.058.906.500;0.5749998092651367;66.164.957.058.906.500
12/04/2022;9.130.000.114.440.910;9.729.999.542.236.320;9.024.999.618.530.270;9.520.000.457.763.670;343800;-0.03339022856500764;31.388.940.393.447.800;0.7049999237060547;31.388.940.393.447.800
13/04/2022;934.000.015.258.789;94.399.995.803.833;9.050.000.190.734.860;9.199.999.809.265.130;289500;0.022740561436305186;27.039.300.441.741.900;0.3899993896484375;27.039.300.441.741.900
14/04/2022;8.850.000.381.469.720;9.359.999.656.677.240;8.770.000.457.763.670;9.359.999.656.677.240;510800;-0.05388876645402328;4.520.580.194.854.730;0.5899991989135742;4.520.580.194.854.730
18/04/2022;8.720.000.267.028.800;9.300.000.190.734.860;8.680.000.305.175.780;9.300.000.190.734.860;560100;-0.014798233580303556;4.884.072.149.562.830;0.619999885559082;4.884.072.149.562.830
19/04/2022;83.100.004.196.167;8.800.000.190.734.860;8.210.000.038.146.970;8.680.000.305.175.780;761200;-0.04815960918071108;6.325.572.319.412.230;0.5900001525878906;6.325.572.319.412.230
20/04/2022;8.699.999.809.265.130;8.760.000.228.881.830;7.869.999.885.559.080;8.270.000.457.763.670;1021200;0.04586334437424368;8.884.439.805.221.550;0.8900003433227539;8.884.439.805.221.550
21/04/2022;8.649.999.618.530.270;88.149.995.803.833;8.460.000.038.146.970;8.760.000.228.881.830;1019200;-0.005763726893749695;8.816.079.611.206.050;0.3549995422363281;8.816.079.611.206.050
22/04/2022;8.800.000.190.734.860;8.890.000.343.322.750;809.000.015.258.789;84.399.995.803.833;879800;0.01719246631533624;7.742.240.167.808.530;0.8000001907348633;7.742.240.167.808.530
25/04/2022;9.079.999.923.706.050;9.145.000.457.763.670;6.650.000.095.367.430;7.932.000.160.217.280;5834900;0.03132244105220812;5.298.089.155.483.240;24.950.003.623.962.400;5.298.089.155.483.240
26/04/2022;7.670.000.076.293.940;9.119.999.885.559.080;7.610.000.133.514.400;909.000.015.258.789;2633200;-0.16875755888456087;20.196.644.200.897.200;15.099.997.520.446.700;20.196.644.200.897.200
27/04/2022;7.139.999.866.485.590;7.820.000.171.661.370;7.099.999.904.632.560;7.590.000.152.587.890;1588700;-0.07160386767422774;11.343.317.787.885.600;0.7200002670288086;11.343.317.787.885.600
28/04/2022;7.090.000.152.587.890;7.409.999.847.412.100;6.744.999.885.559.080;7.179.999.828.338.620;1366700;-0.007027395586396235;968.990.320.854.187;0.6649999618530273;968.990.320.854.187
29/04/2022;6.909.999.847.412.100;7.385.000.228.881.830;6.869.999.885.559.080;7.039.999.961.853.020;975800;-0.025715746368205807;6.742.777.851.104.730;0.5150003433227539;6.742.777.851.104.730
2/05/2022;7.139.999.866.485.590;7.230.000.019.073.480;6.775.000.095.367.430;6.909.999.847.412.100;885900;0.032743141954602054;6.325.325.881.719.580;0.4549999237060547;6.325.325.881.719.580
3/05/2022;7.150.000.095.367.430;7.269.999.980.926.510;6.855.000.019.073.480;7.079.999.923.706.050;1277600;0.0013996123920221768;913.484.012.184.143;0.41499996185302734;913.484.012.184.143
4/05/2022;7.489.999.771.118.160;7.525.000.095.367.430;6.809.999.942.779.540;728.000.020.980.835;850900;0.04645639692678655;6.373.240.805.244.440;0.7150001525878906;6.373.240.805.244.440
5/05/2022;7.420.000.076.293.940;7.610.000.133.514.400;7.267.000.198.364.250;7.380.000.114.440.910;868200;-0.009389699509313199;6.442.044.066.238.400;0.3429999351501465;6.442.044.066.238.400
6/05/2022;6.900.000.095.367.430;734.499.979.019.165;6.809.999.942.779.540;7.139.999.866.485.590;735900;-0.07265764203691136;5.077.710.070.180.890;0.5349998474121094;5.077.710.070.180.890
9/05/2022;6.409.999.847.412.100;696.999.979.019.165;6.275.000.095.367.430;6.659.999.847.412.100;1963000;-0.0736621782966652;1.258.282.970.046.990;0.6949996948242188;1.258.282.970.046.990
10/05/2022;7.159.999.847.412.100;7.340.000.152.587.890;6.355.000.019.073.480;6.449.999.809.265.130;1084500;0.11065071253348077;7.765.019.834.518.430;0.9850001335144043;7.765.019.834.518.430
11/05/2022;7.210.000.038.146.970;7.949.999.809.265.130;7.050.000.190.734.860;728.000.020.980.835;1100900;0.006958996926303899;7.937.489.041.996.000;0.8999996185302734;7.937.489.041.996.000
12/05/2022;8.359.999.656.677.240;8.369.999.885.559.080;7.090.000.152.587.890;7.090.000.152.587.890;1257300;0.14798942944159435;10.511.027.568.340.300;12.799.997.329.711.900;10.511.027.568.340.300
13/05/2022;8.600.000.381.469.720;9.010.000.228.881.830;8.25;8.510.000.228.881.830;954600;0.028303861587111727;8.209.560.364.151.000;0.7600002288818359;8.209.560.364.151.000
16/05/2022;84.399.995.803.833;890.999.984.741.211;8.385.000.228.881.830;8.510.000.228.881.830;496300;-0.018779988726159873;4.188.771.791.744.230;0.5249996185302734;4.188.771.791.744.230
17/05/2022;8.640.000.343.322.750;8.789.999.961.853.020;8.444.999.694.824.210;8.539.999.961.853.020;1084300;0.02342036366214711;9.368.352.372.264.860;0.3450002670288086;9.368.352.372.264.860
18/05/2022;7.760.000.228.881.830;8.600.000.381.469.720;771.999.979.019.165;8.399.999.618.530.270;491300;-0.10742025886218441;3.812.488.112.449.640;0.8800005912780762;3.812.488.112.449.640
19/05/2022;7.639.999.866.485.590;7.760.000.228.881.830;7.315.000.057.220.450;7.730.000.019.073.480;1131300;-0.015584777987487312;8.643.131.848.955.150;0.44500017166137695;8.643.131.848.955.150
20/05/2022;7.480.000.019.073.480;7.744.999.885.559.080;6.880.000.114.440.910;7.690.000.057.220.450;789300;-0.021164791166404406;5.903.964.015.054.700;0.8649997711181641;5.903.964.015.054.700
23/05/2022;7.820.000.171.661.370;7.920.000.076.293.940;7.5;7.559.999.942.779.540;431500;0.04445178197248499;3.374.330.074.071.880;0.4200000762939453;3.374.330.074.071.880
24/05/2022;7.460.000.038.146.970;7.760.000.228.881.830;7.349.999.904.632.560;7.710.000.038.146.970;389800;-0.04712915717959758;290.790.801.486.969;0.4100003242492676;290.790.801.486.969
25/05/2022;7.449.999.809.265.130;7.554.999.828.338.620;7.170.000.076.293.940;7.440.000.057.220.450;491300;-0.0013414125397319399;36.601.849.062.919.600;0.38499975204467773;36.601.849.062.919.600
26/05/2022;7.380.000.114.440.910;7.690.000.057.220.450;7.260.000.228.881.830;7.489.999.771.118.160;311300;-0.009440352670192243;22.973.940.356.254.500;0.42999982833862305;22.973.940.356.254.500
27/05/2022;7.599.999.904.632.560;7.644.999.980.926.510;7.110.000.133.514.400;7.400.000.095.367.430;553000;0.029374580624658687;420.279.994.726.181;0.5349998474121094;420.279.994.726.181
31/05/2022;7.050.000.190.734.860;7.639.999.866.485.590;6.989.999.771.118.160;7.639.999.866.485.590;943300;-0.07512059086517164;66.502.651.799.201.900;0.6500000953674316;66.502.651.799.201.900
1/06/2022;6.920.000.076.293.940;7.190.000.057.220.450;6.550.000.190.734.860;7.050.000.190.734.860;727800;-0.018611863224052685;5.036.376.055.526.730;0.6399998664855957;5.036.376.055.526.730
2/06/2022;6.960.000.038.146.970;703.000.020.980.835;6.630.000.114.440.910;6.920.000.076.293.940;458800;0.005763699172500381;3.193.248.017.501.830;0.40000009536743164;3.193.248.017.501.830
3/06/2022;7.199.999.809.265.130;7.309.999.942.779.540;6.820.000.171.661.370;6.960.000.038.146.970;480000;0.03390151970384086;34.559.999.084.472.600;0.48999977111816406;34.559.999.084.472.600
6/06/2022;6.730.000.019.073.480;7.360.000.133.514.400;6.690.000.057.220.450;7.329.999.923.706.050;527900;-0.06750585304032056;35.527.670.100.688.900;0.6700000762939453;35.527.670.100.688.900
7/06/2022;7.019.999.980.926.510;7.054.999.828.338.620;6.659.999.847.412.100;6.659.999.847.412.100;460000;0.04218806882996355;32.291.999.912.261.900;0.39499998092651367;32.291.999.912.261.900
8/06/2022;7.300.000.190.734.860;7.519.999.980.926.510;6.849.999.904.632.560;6.849.999.904.632.560;420800;0.03911115896170976;30.718.400.802.612.300;0.6700000762939453;30.718.400.802.612.300
9/06/2022;7.019.999.980.926.510;7.329.999.923.706.050;7.010.000.228.881.830;7.239.999.771.118.160;370000;-0.039111158961709615;259.739.999.294.281;0.31999969482421875;259.739.999.294.281
10/06/2022;6.710.000.038.146.970;6.980.000.019.073.480;6.699.999.809.265.130;6.929.999.828.338.620;438800;-0.04516425865201571;29.443.480.167.388.900;0.2800002098083496;29.443.480.167.388.900
13/06/2022;6.130.000.114.440.910;6.605.000.019.073.480;6.010.000.228.881.830;6.409.999.847.412.100;735000;-0.09040418805157178;4.505.550.084.114.070;0.5949997901916504;4.505.550.084.114.070
14/06/2022;596.999.979.019.165;6.130.000.114.440.910;5.835.000.038.146.970;6.130.000.114.440.910;624800;-0.026447876356378394;3.730.055.868.911.740;0.2950000762939453;3.730.055.868.911.740
15/06/2022;6.110.000.133.514.400;6.150.000.095.367.430;5.809.999.942.779.540;6.0;537400;0.023179902774555516;3.283.514.071.750.640;0.3400001525878906;3.283.514.071.750.640
16/06/2022;6.070.000.171.661.370;6.130.000.114.440.910;5.639.999.866.485.590;5.929.999.828.338.620;644300;-0.006568161683589183;3.910.901.110.601.420;0.49000024795532227;3.910.901.110.601.420
17/06/2022;6.690.000.057.220.450;6.820.000.171.661.370;6.150.000.095.367.430;6.150.000.095.367.430;1203400;0.09725524934157068;80.507.460.688.591;0.6700000762939453;80.507.460.688.591
21/06/2022;703.000.020.980.835;7.489.999.771.118.160;6.630.000.114.440.910;6.699.999.809.265.130;856400;0.04957285297401862;6.020.492.179.679.870;0.8599996566772461;6.020.492.179.679.870
22/06/2022;7.269.999.980.926.510;7.599.999.904.632.560;6.880.000.114.440.910;6.880.000.114.440.910;645700;0.03356955325455115;469.423.898.768.425;0.7199997901916504;469.423.898.768.425
23/06/2022;7.559.999.942.779.540;7.579.999.923.706.050;7.239.999.771.118.160;728.000.020.980.835;563400;0.03911489370075808;4.259.303.967.761.990;0.3400001525878906;4.259.303.967.761.990
24/06/2022;7.639.999.866.485.590;7.739.999.771.118.160;7.230.000.019.073.480;7.579.999.923.706.050;1965200;0.010526403080123732;15.014.127.737.617.400;0.5099997520446777;15.014.127.737.617.400
27/06/2022;7.659.999.847.412.100;7.824.999.809.265.130;7.369.999.885.559.080;753.000.020.980.835;493600;0.0026143781296879987;3.780.975.924.682.610;0.4549999237060547;3.780.975.924.682.610
28/06/2022;7.480.000.019.073.480;7.730.000.019.073.480;7.320.000.171.661.370;7.619.999.885.559.080;330000;-0.023779169296092365;24.684.000.062.942.500;0.4099998474121094;24.684.000.062.942.500
29/06/2022;8.119.999.885.559.080;8.239.999.771.118.160;7.420.000.076.293.940;7.460.000.038.146.970;477500;0.08209734554356014;38.772.999.453.544.600;0.8199996948242188;38.772.999.453.544.600
30/06/2022;8.369.999.885.559.080;8.454.999.923.706.050;7.880.000.114.440.910;8.020.000.457.763.670;674900;0.030323730748756366;5.648.912.922.763.820;0.5749998092651367;5.648.912.922.763.820
1/07/2022;8.359.999.656.677.240;8.520.000.457.763.670;815.999.984.741.211;8.25;548600;-0.0011954847993394977;4.586.295.811.653.130;0.3600006103515625;4.586.295.811.653.130
5/07/2022;8.789.999.961.853.020;896.500.015.258.789;8.270.000.457.763.670;8.270.000.457.763.670;805400;0.05015632132797632;7.079.465.969.276.420;0.6949996948242188;7.079.465.969.276.420
6/07/2022;8.069.999.694.824.210;9.010.000.228.881.830;796.999.979.019.165;8.680.000.305.175.780;775900;-0.08546126289149594;6.261.512.763.214.110;10.400.004.386.901.800;6.261.512.763.214.110
7/07/2022;7.690.000.057.220.450;8.229.999.542.236.320;7.559.999.942.779.540;8.119.999.885.559.080;1582700;-0.04823265350733022;1.217.096.309.056.280;0.6699995994567871;1.217.096.309.056.280
8/07/2022;7.710.000.038.146.970;7.760.000.228.881.830;7.380.000.114.440.910;7.610.000.133.514.400;563800;0.0025974015645202665;4.346.898.021.507.260;0.38000011444091797;4.346.898.021.507.260
11/07/2022;7.269.999.980.926.510;7.699.999.809.265.130;721.999.979.019.165;7.659.999.847.412.100;540500;-0.058761903601125015;39.294.349.896.907.800;0.48000001907348633;39.294.349.896.907.800
12/07/2022;7.210.000.038.146.970;7.380.000.114.440.910;6.820.000.171.661.370;728.000.020.980.835;1500500;-0.008287332334139839;10.818.605.057.239.500;0.559999942779541;10.818.605.057.239.500
13/07/2022;9.510.000.228.881.830;95.600.004.196.167;7.510.000.228.881.830;7.619.999.885.559.080;9920400;0.2768749440370894;9.434.300.627.059.930;20.500.001.907.348.600;9.434.300.627.059.930
14/07/2022;11.050.000.190.734.800;11.579.999.923.706.000;9.430.000.305.175.780;9.475.000.381.469.720;13439900;0.1500865446000459;1.485.108.975.634.570;21.499.996.185.302.700;1.485.108.975.634.570
15/07/2022;11.079.999.923.706.000;11.649.999.618.530.200;10.529.999.732.971.100;11.050.000.190.734.800;4040900;0.002711229208567348;447.731.716.917.038;1.119.999.885.559.080;447.731.716.917.038
18/07/2022;11.279.999.732.971.100;12.300.000.190.734.800;11.229.999.542.236.300;11.569.999.694.824.200;2484700;0.017889547963743282;2.802.741.533.651.350;10.700.006.484.985.300;2.802.741.533.651.350
19/07/2022;11.989.999.771.118.100;12.199.999.809.265.100;11.119.999.885.559.000;11.260.000.228.881.800;4570200;0.06104172755288272;5.479.669.695.396.420;10.799.999.237.060.500;5.479.669.695.396.420
20/07/2022;12.0;12.449.999.809.265.100;11.920.000.076.293.900;12.0;1724400;0.000833699837971682;20692800.0;0.5299997329711914;20692800.0
21/07/2022;12.020.000.457.763.600;12.555.000.305.175.700;11.850.000.381.469.700;12.0;1057300;0.0016653174025607152;1.270.874.648.399.350;0.7049999237060547;1.270.874.648.399.350
22/07/2022;1.184.000.015.258.780;1.213.700.008.392.330;118.149.995.803.833;120.600.004.196.167;1214500;-0.015088324847210685;14.379.680.185.317.900;0.32200050354003906;14.379.680.185.317.900
25/07/2022;11.789.999.961.853.000;1.209.000.015.258.780;11.619.999.885.559.000;11.920.000.076.293.900;856300;-0.004231931029607066;10.095.776.967.334.700;0.4700002670288086;10.095.776.967.334.700
26/07/2022;11.630.000.114.440.900;11.979.999.542.236.300;11.501.999.855.041.500;1.165.999.984.741.210;789700;-0.013663734943022551;9.184.211.090.373.990;0.4779996871948242;9.184.211.090.373.990
27/07/2022;11.920.000.076.293.900;11.960.000.038.146.900;11.449.999.809.265.100;11.739.999.771.118.100;1165400;0.024629691666981698;13.891.568.088.912.900;0.5100002288818359;13.891.568.088.912.900
28/07/2022;11.770.000.457.763.600;119.399.995.803.833;11.130.000.114.440.900;11.899.999.618.530.200;1247700;-0.01266370787310734;14.685.429.571.151.700;0.8099994659423828;14.685.429.571.151.700
29/07/2022;11.229.999.542.236.300;11.670.000.076.293.900;1.115.999.984.741.210;11.670.000.076.293.900;814000;-0.04696523217681514;9.141.219.627.380.370;0.5100002288818359;9.141.219.627.380.370
1/08/2022;11.170.000.076.293.900;11.760.000.228.881.800;11.079.999.923.706.000;11.229.999.542.236.300;722100;-0.005357108076415928;8.065.857.055.091.850;0.6800003051757812;8.065.857.055.091.850
2/08/2022;11.779.999.732.971.100;118.100.004.196.167;11.199.999.809.265.100;11.220.000.267.028.800;760100;0.053171535644095956;8.953.977.797.031.400;0.6100006103515625;8.953.977.797.031.400
3/08/2022;12.25;12.329.999.923.706.000;11.781.999.588.012.600;11.890.000.343.322.700;1565000;0.0391227814352759;19171250.0;0.5480003356933594;19171250.0
4/08/2022;12.850.000.381.469.700;12.989.999.771.118.100;12.225.000.381.469.700;12.350.000.381.469.700;1218100;0.04781790403685233;15.652.585.464.668.200;0.7649993896484375;15.652.585.464.668.200
5/08/2022;12.949.999.809.265.100;13.069.999.694.824.200;12.529.999.732.971.100;12.710.000.038.146.900;1378800;0.0077519323893973;1.785.545.973.701.470;0.5399999618530273;1.785.545.973.701.470
8/08/2022;13.020.000.457.763.600;13.470.000.267.028.800;128.100.004.196.167;130.600.004.196.167;1218300;0.005390898521937;15.862.266.557.693.400;0.6599998474121094;15.862.266.557.693.400
9/08/2022;12.970.000.267.028.800;13.0;12.130.000.114.440.900;12.600.000.381.469.700;1437300;-0.003847653022381587;18.641.781.383.800.500;0.869999885559082;18.641.781.383.800.500
10/08/2022;13.619.999.885.559.000;139.399.995.803.833;13.010.000.228.881.800;13.020.000.457.763.600;2078600;0.04890027340240825;28.310.531.762.123.100;0.9299993515014648;28.310.531.762.123.100
11/08/2022;13.25;13.760.000.228.881.800;12.819.999.694.824.200;13.720.000.267.028.800;2700800;-0.027541739886718163;35785600.0;0.9400005340576172;35785600.0
12/08/2022;13.869.999.885.559.000;13.960.000.038.146.900;13.319.999.694.824.200;134.399.995.803.833;973400;0.04573067364354151;1.350.105.788.860.320;0.6400003433227539;1.350.105.788.860.320
15/08/2022;14.25;14.279.999.732.971.100;13.550.000.190.734.800;13.720.000.267.028.800;996200;0.02702868063888679;14195850.0;0.7299995422363281;14195850.0
16/08/2022;1.384.000.015.258.780;14.479.999.542.236.300;13.75;14.300.000.190.734.800;909000;-0.029193945499999457;12.580.560.138.702.300;0.7299995422363281;12.580.560.138.702.300
17/08/2022;13.75;14.289.999.961.853.000;13.619.999.885.559.000;140.600.004.196.167;655100;-0.006524137102079705;9007625.0;0.6700000762939453;9007625.0
18/08/2022;14.180.000.305.175.700;14.220.000.267.028.800;13.260.000.228.881.800;13.920.000.076.293.900;623900;0.030793718512965126;884.690.219.039.917;0.9600000381469727;884.690.219.039.917
19/08/2022;14.050.000.190.734.800;14.329.999.923.706.000;13.829.999.923.706.000;14.100.000.381.469.700;526300;-0.009210133270355681;7.394.515.100.383.750;0.5;7.394.515.100.383.750
22/08/2022;13.75;143.100.004.196.167;13.279.999.732.971.100;13.279.999.732.971.100;814500;-0.021583585242609525;11199375.0;10.300.006.866.455.000;11199375.0
23/08/2022;14.619.999.885.559.000;14.710.000.038.146.900;13.779.999.732.971.100;13.779.999.732.971.100;716400;0.061351622381356025;10.473.767.918.014.500;0.9300003051757812;10.473.767.918.014.500
24/08/2022;14.880.000.114.440.900;15.079.999.923.706.000;14.309.000.015.258.700;14.619.999.885.559.000;863400;0.017627590601931403;12.847.392.098.808.200;0.7709999084472656;12.847.392.098.808.200
25/08/2022;140.600.004.196.167;15.194.999.694.824.200;14.0;14.880.000.114.440.900;831600;-0.0566841208686338;11.692.296.348.953.200;11.949.996.948.242.100;11.692.296.348.953.200
26/08/2022;13.649.999.618.530.200;14.140.000.343.322.700;13.539.999.961.853.000;14.069.999.694.824.200;702300;-0.02959442254276561;9.586.394.732.093.810;0.6000003814697266;9.586.394.732.093.810
29/08/2022;13.630.000.114.440.900;14.029.999.732.971.100;13.369.999.885.559.000;13.520.000.457.763.600;683300;-0.0014662395797747354;931.337.907.819.748;0.6599998474121094;931.337.907.819.748
30/08/2022;13.369.999.885.559.000;13.979.999.542.236.300;133.100.004.196.167;13.720.000.267.028.800;740800;-0.019259871550371756;9.904.495.915.222.160;0.6699991226196289;9.904.495.915.222.160
31/08/2022;13.949.999.809.265.100;14.039.999.961.853.000;13.489.999.771.118.100;13.489.999.771.118.100;741300;0.04246611204030281;10.341.134.858.608.200;0.5500001907348633;10.341.134.858.608.200
1/09/2022;14.579.999.923.706.000;1.459.000.015.258.780;13.369.999.885.559.000;13.789.999.961.853.000;767500;0.04417122675310668;11.190.149.941.444.300;12.200.002.670.288.000;11.190.149.941.444.300
2/09/2022;14.289.999.961.853.000;14.869.999.885.559.000;13.821.000.099.182.100;14.609.999.656.677.200;686600;-0.020090732075442375;9.811.513.973.808.280;10.489.997.863.769.500;9.811.513.973.808.280
6/09/2022;13.649.999.618.530.200;144.399.995.803.833;13.645.000.457.763.600;14.199.999.809.265.100;706100;-0.045820495587820524;9.638.264.730.644.220;0.7949991226196289;9.638.264.730.644.220
7/09/2022;14.619.999.885.559.000;14.619.999.885.559.000;135.649.995.803.833;13.600.000.381.469.700;894000;0.06865095280946808;1.307.027.989.768.980;10.550.003.051.757.800;1.307.027.989.768.980
8/09/2022;14.800.000.190.734.800;14.989.999.771.118.100;14.380.000.114.440.900;14.640.000.343.322.700;599400;0.01223674716362375;8.871.120.114.326.470;0.6099996566772461;8.871.120.114.326.470
9/09/2022;14.069.999.694.824.200;1.490.999.984.741.210;14.020.000.457.763.600;14.890.000.343.322.700;709900;-0.05058234422108363;9.988.292.783.355.710;0.8899993896484375;9.988.292.783.355.710
12/09/2022;13.989.999.771.118.100;14.140.000.343.322.700;13.609.999.656.677.200;14.140.000.343.322.700;815100;-0.0057020771194753305;11.403.248.813.438.400;0.5300006866455078;11.403.248.813.438.400
13/09/2022;13.770.000.457.763.600;13.930.000.305.175.700;13.600.000.381.469.700;13.619.999.885.559.000;934100;-0.01585042633288905;12.862.557.427.597.000;0.3299999237060547;12.862.557.427.597.000
14/09/2022;14.449.999.809.265.100;14.5;13.539.999.961.853.000;13.829.999.923.706.000;1043200;0.048202055374684444;1.507.423.980.102.530;0.9600000381469727;1.507.423.980.102.530
15/09/2022;13.819.999.694.824.200;14.569.999.694.824.200;13.649.999.618.530.200;14.319.999.694.824.200;1538500;-0.044577605101456835;2.126.206.953.048.700;0.9200000762939453;2.126.206.953.048.700
16/09/2022;13.520.000.457.763.600;13.789.999.961.853.000;13.359.999.656.677.200;13.710.000.038.146.900;2572700;-0.021946691784262447;347.829.051.776.886;0.43000030517578125;347.829.051.776.886
19/09/2022;13.520.000.457.763.600;13.829.999.923.706.000;13.220.000.267.028.800;13.760.000.228.881.800;1239800;0.0;167.620.965.675.354;0.6099996566772461;167.620.965.675.354
20/09/2022;13.600.000.381.469.700;13.829.999.923.706.000;13.300.000.190.734.800;13.5;1172800;0.005899716318173401;15.950.080.447.387.600;0.5299997329711914;15.950.080.447.387.600
21/09/2022;125.600.004.196.167;13.5;12.430.000.305.175.700;133.100.004.196.167;2359900;-0.0795526263422256;2.964.034.499.025.340;10.699.996.948.242.100;2.964.034.499.025.340
22/09/2022;12.279.999.732.971.100;12.579.999.923.706.000;11.970.000.267.028.800;12.579.999.923.706.000;1009800;-0.0225452934750457;1.240.034.373.035.430;0.6099996566772461;1.240.034.373.035.430
23/09/2022;12.140.000.343.322.700;12.170.000.076.293.900;11.649.999.618.530.200;12.039.999.961.853.000;1176200;-0.011466087062334665;14.279.068.403.816.200;0.5200004577636719;14.279.068.403.816.200
26/09/2022;12.050.000.190.734.800;12.914.999.961.853.000;12.020.000.457.763.600;121.899.995.803.833;807700;-0.007441138146361276;973.278.515.405.655;0.8949995040893555;973.278.515.405.655
27/09/2022;1.240.999.984.741.210;12.520.000.457.763.600;1.209.000.015.258.780;12.270.000.457.763.600;1039600;0.029437911155673315;12.901.435.841.369.600;0.43000030517578125;12.901.435.841.369.600
28/09/2022;12.430.000.305.175.700;1.265.999.984.741.210;12.225.000.381.469.700;1.259.000.015.258.780;1389200;0.0016103431532141573;17.267.756.423.950.100;0.4349994659423828;17.267.756.423.950.100
29/09/2022;119.399.995.803.833;1.253.499.984.741.210;1.184.000.015.258.780;12.399.999.618.530.200;987400;-0.04021885725349234;11.789.555.585.670.400;0.6949996948242188;11.789.555.585.670.400
30/09/2022;11.979.999.542.236.300;12.430.000.305.175.700;11.899.999.618.530.200;119.399.995.803.833;1758700;0.00334448165596712;2.106.922.519.493.100;0.5300006866455078;2.106.922.519.493.100
3/10/2022;1.165.999.984.741.210;12.369.999.885.559.000;11.619.999.885.559.000;12.109.999.656.677.200;980400;-0.027074386640739228;11.431.463.850.402.800;0.75;11.431.463.850.402.800
4/10/2022;12.010.000.228.881.800;12.015.000.343.322.700;11.619.999.885.559.000;11.899.999.618.530.200;1403500;0.029575487313590696;16.856.035.321.235.600;0.3950004577636719;16.856.035.321.235.600
5/10/2022;12.289.999.961.853.000;12.319.999.694.824.200;11.600.000.381.469.700;11.829.999.923.706.000;936100;0.02304626532454316;11.504.668.964.290.600;0.7199993133544922;11.504.668.964.290.600
6/10/2022;126.899.995.803.833;13.675.000.190.734.800;12.300.000.190.734.800;1.240.999.984.741.210;2153500;0.032028328185533916;2.732.791.409.635.540;1.375;2.732.791.409.635.540
7/10/2022;12.180.000.305.175.700;12.630.000.114.440.900;12.149.999.618.530.200;12.520.000.457.763.600;792100;-0.04101896132234043;9.647.778.241.729.730;0.48000049591064453;9.647.778.241.729.730
10/10/2022;12.199.999.809.265.100;12.529.000.282.287.500;11.760.000.228.881.800;12.300.000.190.734.800;1351100;0.0016406487679720193;16.483.419.742.298.100;0.7690000534057617;16.483.419.742.298.100
11/10/2022;11.430.000.305.175.700;1.246.500.015.258.780;11.069.999.694.824.200;121.899.995.803.833;1626900;-0.0651944315989432;1.859.546.749.649.040;13.950.004.577.636.700;1.859.546.749.649.040
12/10/2022;11.739.999.771.118.100;11.989.999.771.118.100;11.239.999.771.118.100;11.369.999.885.559.000;1899300;0.0267602903977904;2.229.778.156.528.470;0.75;2.229.778.156.528.470
13/10/2022;12.180.000.305.175.700;12.229.999.542.236.300;11.529.999.732.971.100;11.739.999.771.118.100;1655200;0.03679349243318069;20.160.336.505.126.900;0.6999998092651367;20.160.336.505.126.900
14/10/2022;12.170.000.076.293.900;12.430.000.305.175.700;11.970.000.267.028.800;12.300.000.190.734.800;692700;-0.0008213740687800289;8.430.159.052.848.810;0.46000003814697266;8.430.159.052.848.810
17/10/2022;12.069.999.694.824.200;12.579.999.923.706.000;11.920.000.076.293.900;12.300.000.190.734.800;1155700;-0.008250903442839828;1.394.929.864.730.830;0.6599998474121094;1.394.929.864.730.830
18/10/2022;12.5;12.555.000.305.175.700;12.109.999.656.677.200;1.215.999.984.741.210;1265400;0.035005634482641636;15817500.0;0.44500064849853516;15817500.0
19/10/2022;12.319.999.694.824.200;12.539.999.961.853.000;12.130.000.114.440.900;12.369.999.885.559.000;1724100;-0.01450471097364351;21.240.911.473.846.400;0.4099998474121094;21.240.911.473.846.400
20/10/2022;12.869.999.885.559.000;13.529.999.732.971.100;12.520.000.457.763.600;12.699.999.809.265.100;1769500;0.04367507938135503;22.773.464.797.496.700;10.099.992.752.075.100;22.773.464.797.496.700
21/10/2022;125.600.004.196.167;12.789.999.961.853.000;12.149.999.618.530.200;12.789.999.961.853.000;1527900;-0.024381818266942138;19.190.424.641.132.300;0.6400003433227539;19.190.424.641.132.300
24/10/2022;12.069.999.694.824.200;125.600.004.196.167;11.739.999.771.118.100;12.5;1430600;-0.039794184623411236;17.267.341.563.415.500;0.8200006484985352;17.267.341.563.415.500
25/10/2022;12.010.000.228.881.800;12.479.999.542.236.300;11.920.000.076.293.900;12.119.999.885.559.000;1339100;-0.004983354676116683;16.082.591.306.495.600;0.5599994659423828;16.082.591.306.495.600
26/10/2022;11.789.999.961.853.000;12.0;11.380.000.114.440.900;119.399.995.803.833;1882500;-0.018487943835753723;22.194.674.928.188.300;0.619999885559082;22.194.674.928.188.300
27/10/2022;10.819.999.694.824.200;11.970.999.717.712.400;10.739.999.771.118.100;11.770.000.457.763.600;1386100;-0.0858554661001939;1.499.760.157.699.580;12.309.999.465.942.300;1.499.760.157.699.580
28/10/2022;10.539.999.961.853.000;10.914.999.961.853.000;10.229.999.542.236.300;10.869.999.885.559.000;2251800;-0.02621870571959043;23.733.971.914.100.600;0.6850004196166992;23.733.971.914.100.600
31/10/2022;11.100.000.381.469.700;11.135.000.228.881.800;10.5;10.5;1416600;0.05176760319097096;15.724.260.540.390.000;0.6350002288818359;15.724.260.540.390.000
1/11/2022;10.850.000.381.469.700;11.329.999.923.706.000;10.779.999.732.971.100;111.899.995.803.833;848600;-0.022780027539961844;920.731.032.371.521;0.5500001907348633;920.731.032.371.521
2/11/2022;10.600.000.381.469.700;11.010.000.228.881.800;10.5;10.850.000.381.469.700;1208700;-0.02331107803923724;12.812.220.461.082.400;0.5100002288818359;12.812.220.461.082.400
3/11/2022;10.600.000.381.469.700;10.850.000.381.469.700;10.479.999.542.236.300;10.619.999.885.559.000;634900;0.0;6.729.940.242.195.120;0.37000083923339844;6.729.940.242.195.120
4/11/2022;10.520.000.457.763.600;10.569.999.694.824.200;10.199.999.809.265.100;10.399.999.618.530.200;1047100;-0.007575786282511008;1.101.549.247.932.430;0.36999988555908203;1.101.549.247.932.430
7/11/2022;10.039.999.961.853.000;10.470.000.267.028.800;9.979.999.542.236.320;10.390.000.343.322.700;1654800;-0.04670114035913606;1.661.419.193.687.430;0.49000072479248047;1.661.419.193.687.430
8/11/2022;10.149.999.618.530.200;10.479.999.542.236.300;10.0;10.140.000.343.322.700;1233600;0.010896557440487523;12.521.039.529.418.900;0.4799995422363281;12.521.039.529.418.900
9/11/2022;9.949.999.809.265.130;10.239.999.771.118.100;9.920.000.076.293.940;10.119.999.885.559.000;950900;-0.019901135903403123;9.461.454.818.630.210;0.31999969482421875;9.461.454.818.630.210
10/11/2022;10.390.000.343.322.700;105.649.995.803.833;10.055.000.305.175.700;10.210.000.038.146.900;1217900;0.04327130615354311;12.653.981.418.132.700;0.5099992752075195;12.653.981.418.132.700
11/11/2022;984.000.015.258.789;10.390.000.343.322.700;9.744.999.885.559.080;10.289.999.961.853.000;1260900;-0.05438811158365003;12.407.256.192.398.000;0.6450004577636719;12.407.256.192.398.000
14/11/2022;9.720.000.267.028.800;10.079.999.923.706.000;9.609.999.656.677.240;9.819.999.694.824.210;1070800;-0.01227008062661436;10.408.176.285.934.400;0.4700002670288086;10.408.176.285.934.400
15/11/2022;10.010.000.228.881.800;10.460.000.038.146.900;9.619.999.885.559.080;9.930.000.305.175.780;1482500;0.02939897024800033;14.839.825.339.317.300;0.8400001525878906;14.839.825.339.317.300
16/11/2022;9.229.999.542.236.320;10.130.000.114.440.900;9.149.999.618.530.270;9.960.000.038.146.970;1749800;-0.08112561727288503;16.150.653.199.005.100;0.9800004959106445;16.150.653.199.005.100
17/11/2022;9.119.999.885.559.080;9.484.999.656.677.240;8.920.000.076.293.940;91.899.995.803.833;2215900;-0.01198920738166854;2.020.900.774.641.030;0.5649995803833008;2.020.900.774.641.030
18/11/2022;9.140.000.343.322.750;9.390.000.343.322.750;8.75;9.359.999.656.677.240;2695800;0.0021906314908287376;2.463.961.292.552.940;0.6400003433227539;2.463.961.292.552.940
21/11/2022;9.390.000.343.322.750;940.999.984.741.211;9.020.000.457.763.670;9.100.000.381.469.720;2452900;0.02698490675404191;23.032.731.842.136.300;0.3899993896484375;23.032.731.842.136.300
22/11/2022;9.039.999.961.853.020;9.390.000.343.322.750;8.880.000.114.440.910;9.319.999.694.824.210;2258900;-0.03798615959847716;20.420.455.913.829.800;0.5100002288818359;20.420.455.913.829.800
23/11/2022;9.029.999.732.971.190;9.354.999.542.236.320;89.399.995.803.833;9.180.000.305.175.780;1387100;-0.0011068323266902318;1.252.551.262.960.430;0.41499996185302734;1.252.551.262.960.430
25/11/2022;8.930.000.305.175.780;915.999.984.741.211;884.000.015.258.789;9.029.999.732.971.190;772400;-0.011135908794970235;6.897.532.235.717.770;0.31999969482421875;6.897.532.235.717.770
28/11/2022;8.729.999.542.236.320;9.100.000.381.469.720;8.699.999.809.265.130;8.970.000.267.028.800;1623100;-0.02265111164681846;14.169.662.257.003.700;0.40000057220458984;14.169.662.257.003.700
29/11/2022;85.600.004.196.167;9.029.999.732.971.190;8.289.999.961.853.020;8.75;2382200;-0.019665078241516195;203.916.329.996.109;0.7399997711181641;203.916.329.996.109
30/11/2022;85.600.004.196.167;88.100.004.196.167;8.149.999.618.530.270;8.619.999.885.559.080;3254100;0.0;278.550.973.654.747;0.6600008010864258;278.550.973.654.747
1/12/2022;8.25;8.789.999.961.853.020;8.180.000.305.175.780;8.550.000.190.734.860;1516800;-0.036887038827702404;12513600.0;0.6099996566772461;12513600.0
2/12/2022;9.020.000.457.763.670;9.050.000.190.734.860;8.119.999.885.559.080;8.229.999.542.236.320;2475700;0.08923118447779423;22.330.815.133.285.500;0.9300003051757812;22.330.815.133.285.500
5/12/2022;9.289.999.961.853.020;9.550.000.190.734.860;8.649.999.618.530.270;9.0;1729900;0.02949416389512301;16.070.770.934.009.500;0.9000005722045898;16.070.770.934.009.500
6/12/2022;2.359.999.895.095.820;3.549.999.952.316.280;21.500.000.953.674.300;3.440.000.057.220.450;56500400;-13.702.769.741.329.100;13.334.093.807.287.200;13.999.998.569.488.500;13.334.093.807.287.200
7/12/2022;21.600.000.858.306.800;21.700.000.762.939.400;17.300.000.190.734.800;17.899.999.618.530.200;30989500;-0.08855331315409354;6.693.732.265.985.010;0.440000057220459;6.693.732.265.985.010
8/12/2022;21.500.000.953.674.300;2.299.999.952.316.280;2.059.999.942.779.540;2.130.000.114.440.910;10371200;-0.004640374935987326;22.298.080.989.074.700;0.24000000953674316;22.298.080.989.074.700
9/12/2022;21.700.000.762.939.400;2.190.000.057.220.450;19.900.000.095.367.400;2.109.999.895.095.820;9254700;0.00925931621435227;20.082.699.706.077.500;0.20000004768371582;20.082.699.706.077.500
12/12/2022;2.180.000.066.757.200;2.259.999.990.463.250;19.800.000.190.734.800;2.240.000.009.536.740;8797400;0.00459770471269931;1.917.833.258.728.980;0.2799999713897705;1.917.833.258.728.980
13/12/2022;23.299.999.237.060.500;2.380.000.114.440.910;21.700.000.762.939.400;2.180.000.066.757.200;7241700;0.06654332740985908;16.873.160.447.502.100;0.21000003814697266;16.873.160.447.502.100
14/12/2022;2.440.000.057.220.450;24.700.000.286.102.200;2.259.999.990.463.250;2.359.999.895.095.820;4394300;0.046129827922691984;10.722.092.251.443.800;0.21000003814697266;10.722.092.251.443.800
15/12/2022;20.999.999.046.325.600;2.440.000.057.220.450;2.055.000.066.757.200;2.440.000.057.220.450;5708100;-0.15006076343980446;11.987.009.455.633.100;0.38499999046325684;11.987.009.455.633.100
16/12/2022;27.300.000.190.734.800;2.950.000.047.683.710;1.934.999.942.779.540;2.069.999.933.242.790;46511400;0.26236431686717976;12.697.612.288.713.400;10.150.001.049.041.700;12.697.612.288.713.400
19/12/2022;20.299.999.713.897.700;23.389.999.866.485.500;20.199.999.809.265.100;23.389.999.866.485.500;7464800;-0.29626583722350663;15.153.543.786.430.300;0.3190000057220459;15.153.543.786.430.300
20/12/2022;20.799.999.237.060.500;20.899.999.141.693.100;19.299.999.475.479.100;20.299.999.713.897.700;6652100;0.024332078073457882;13.836.367.492.485.000;0.15999996662139893;13.836.367.492.485.000
21/12/2022;19.500.000.476.837.100;20.220.000.743.865.900;1.850.000.023.841.850;20.199.999.809.265.100;5297500;-0.06453846000460177;10.330.125.252.604.400;0.17200005054473877;10.330.125.252.604.400
22/12/2022;17.400.000.095.367.400;1.940.000.057.220.450;16.299.999.952.316.200;1.940.000.057.220.450;8151300;-0.11394427832151825;14.183.262.077.736.800;0.31000006198883057;14.183.262.077.736.800
23/12/2022;1.899.999.976.158.140;19.149.999.618.530.200;15.700.000.524.520.800;17.200.000.286.102.200;7322400;0.08796875491672385;1.391.255.982.542.030;0.34499990940093994;1.391.255.982.542.030
27/12/2022;17.599.999.904.632.500;18.799.999.952.316.200;17.050.000.429.153.400;18.799.999.952.316.200;3794800;-0.07654006999259216;6.678.847.963.809.960;0.17499995231628418;6.678.847.963.809.960
28/12/2022;20.199.999.809.265.100;20.299.999.713.897.700;17.519.999.742.507.900;17.899.999.618.530.200;3909300;0.13778369833933699;789.678.592.543.602;0.27799999713897705;789.678.592.543.602
29/12/2022;22.300.000.190.734.800;2.25;1.815.000.057.220.450;19.700.000.286.102.200;5872000;0.09890409205436682;13.094.560.111.999.500;0.434999942779541;13.094.560.111.999.500
30/12/2022;21.700.000.762.939.400;2.319.999.933.242.790;20.250.000.953.674.300;2.200.000.047.683.710;4710400;-0.027274391314292535;10.221.568.359.375;0.2949998378753662;10.221.568.359.375
3/01/2023;20.399.999.618.530.200;22.100.000.381.469.700;20.199.999.809.265.100;21.500.000.953.674.300;3576600;-0.06177741355423928;7.296.263.863.563.530;0.19000005722045898;7.296.263.863.563.530
4/01/2023;21.500.000.953.674.300;2.184.999.942.779.540;19.800.000.190.734.800;20.299.999.713.897.700;3102000;0.052518097339886875;6.669.300.295.829.770;0.2049999237060547;6.669.300.295.829.770
5/01/2023;21.500.000.953.674.300;2.180.000.066.757.200;20.199.999.809.265.100;2.130.000.114.440.910;4159700;0.0;8.943.355.396.699.900;0.16000008583068848;8.943.355.396.699.900
6/01/2023;2.200.000.047.683.710;2.25;20.199.999.809.265.100;2.130.000.114.440.910;3177900;0.022989495542170824;69.913.801.515.340.800;0.23000001907348633;69.913.801.515.340.800
9/01/2023;21.600.000.858.306.800;23.499.999.046.325.600;20.799.999.237.060.500;2.190.000.057.220.450;3950200;-0.018349120606183555;8.532.432.339.048.380;0.26999998092651367;8.532.432.339.048.380
10/01/2023;2.359.999.895.095.820;2.375;21.500.000.953.674.300;21.500.000.953.674.300;3666100;0.08855331315409355;8.651.995.615.410.800;0.22499990463256836;8.651.995.615.410.800
11/01/2023;2.319.999.933.242.790;23.499.999.046.325.600;22.300.000.190.734.800;23.399.999.141.693.100;3227800;-0.017094417683034165;7.488.495.784.521.100;0.11999988555908203;7.488.495.784.521.100
12/01/2023;24.700.000.286.102.200;24.700.000.286.102.200;2.240.000.009.536.740;23.499.999.046.325.600;4898400;0.06265100531941245;12.099.048.140.144.300;0.23000001907348633;12.099.048.140.144.300
13/01/2023;23.399.999.141.693.100;25.399.999.618.530.200;2.240.000.009.536.740;24.100.000.858.306.800;6353800;-0.05406726953314663;14.867.891.454.648.900;0.2999999523162842;14.867.891.454.648.900
17/01/2023;2.130.000.114.440.910;23.499.999.046.325.600;20.999.999.046.325.600;23.499.999.046.325.600;3327100;-0.09402885924036514;7.086.723.380.756.370;0.25;7.086.723.380.756.370
18/01/2023;19.800.000.190.734.800;2.25;19.600.000.381.469.700;2.140.000.104.904.170;2808500;-0.07302517910994506;5.560.830.053.567.880;0.28999996185302734;5.560.830.053.567.880
19/01/2023;18.899.999.856.948.800;2.0;1.871.000.051.498.410;19.700.000.286.102.200;2552500;-0.04652003283681055;4.824.224.963.486.190;0.12899994850158691;4.824.224.963.486.190
20/01/2023;19.900.000.095.367.400;2.059.999.942.779.540;1.850.000.023.841.850;1.909.999.966.621.390;5781500;0.051557822026027086;1.150.518.505.513.660;0.2099999189376831;1.150.518.505.513.660
23/01/2023;20.999.999.046.325.600;21.600.000.858.306.800;19.900.000.095.367.400;2.049.999.952.316.280;4522000;0.053802655787579395;9.496.199.568.748.470;0.1700000762939453;9.496.199.568.748.470
24/01/2023;24.000.000.953.674.300;2.440.000.057.220.450;2.069.999.933.242.790;20.799.999.237.060.500;5300300;0.13353147777401536;12.720.720.505.475.900;0.37000012397766113;12.720.720.505.475.900
25/01/2023;22.899.999.618.530.200;2.430.000.066.757.200;22.300.000.190.734.800;23.499.999.046.325.600;2488700;-0.04691697618224751;5.699.122.905.063.620;0.20000004768371582;5.699.122.905.063.620
26/01/2023;2.319.999.933.242.790;2.430.000.066.757.200;22.799.999.713.897.700;2.299.999.952.316.280;2223400;0.013015355995480675;5.158.287.851.572.030;0.15000009536743164;5.158.287.851.572.030
27/01/2023;2.430.000.066.757.200;25.250.000.953.674.300;22.899.999.618.530.200;22.899.999.618.530.200;2807600;0.04632412792099424;6.822.468.187.427.520;0.2350001335144043;6.822.468.187.427.520
30/01/2023;2.380.000.114.440.910;24.749.999.046.325.600;2.359.999.895.095.820;2.440.000.057.220.450;2101100;-0.020790749056754862;5.000.618.240.451.810;0.11500000953674316;5.000.618.240.451.810
31/01/2023;2.640.000.104.904.170;27.049.999.237.060.500;24.000.000.953.674.300;24.100.000.858.306.800;3582400;0.10367842112685233;9.457.536.375.808.710;0.30499982833862305;9.457.536.375.808.710
1/02/2023;28.299.999.237.060.500;2.880.000.114.440.910;25.220.000.743.865.900;25.999.999.046.325.600;3270900;0.06949772780150079;9.256.646.750.450.130;0.3580000400543213;9.256.646.750.450.130
2/02/2023;29.200.000.762.939.400;3.059.999.942.779.540;2.799.999.952.316.280;29.000.000.953.674.300;4619400;0.03130695771209893;13.488.648.352.432.200;0.25999999046325684;13.488.648.352.432.200
3/02/2023;27.799.999.713.897.700;29.800.000.190.734.800;2.759.999.990.463.250;28.499.999.046.325.600;4031100;-0.049132724997157366;11.206.457.884.669.300;0.2200000286102295;11.206.457.884.669.300
6/02/2023;27.300.000.190.734.800;29.100.000.858.306.800;2.634.999.990.463.250;2.799.999.952.316.280;1983900;-0.01814930122760286;54.160.470.378.398.800;0.27500009536743164;54.160.470.378.398.800
7/02/2023;27.300.000.190.734.800;27.799.999.713.897.700;26.700.000.762.939.400;2.740.000.009.536.740;2276900;0.0;6.215.937.043.428.420;0.1099998950958252;6.215.937.043.428.420
8/02/2023;24.000.000.953.674.300;2.799.999.952.316.280;2.380.000.114.440.910;27.799.999.713.897.700;3286300;-0.1288328390931644;7.887.120.313.405.990;0.4199998378753662;7.887.120.313.405.990
9/02/2023;22.899.999.618.530.200;2.450.000.047.683.710;22.699.999.809.265.100;24.100.000.858.306.800;2599900;-0.04691697618224751;5.953.770.900.821.680;0.18000006675720215;5.953.770.900.821.680
10/02/2023;2.299.999.952.316.280;23.499.999.046.325.600;22.100.000.381.469.700;22.899.999.618.530.200;2060400;0.004357301294971909;4.738.919.901.752.470;0.1399998664855957;4.738.919.901.752.470
13/02/2023;22.899.999.618.530.200;24.189.999.103.546.100;2.240.000.009.536.740;2.299.999.952.316.280;1605600;-0.004357301294971973;36.768.239.387.512.200;0.1789999008178711;36.768.239.387.512.200
14/02/2023;2.25;23.399.999.141.693.100;2.180.000.066.757.200;2.25;1572500;-0.01762158469175275;3538125.0;0.15999984741210938;3538125.0
15/02/2023;23.499.999.046.325.600;24.100.000.858.306.800;2.259.999.990.463.250;22.699.999.809.265.100;2414000;0.04348507135785213;567.289.976.978.302;0.15000009536743164;567.289.976.978.302
16/02/2023;22.200.000.286.102.200;25.299.999.713.897.700;2.200.000.047.683.710;2.369.999.885.559.080;2722900;-0.056908078802502184;6.044.838.077.902.790;0.3299999237060547;6.044.838.077.902.790
17/02/2023;22.100.000.381.469.700;22.200.000.286.102.200;2.0;21.500.000.953.674.300;2631400;-0.004514675980943847;5.815.394.100.379.940;0.2200000286102295;5.815.394.100.379.940
21/02/2023;19.600.000.381.469.700;2.25;1.940.000.057.220.450;21.500.000.953.674.300;2838700;-0.12004804008556803;5.563.852.108.287.810;0.309999942779541;5.563.852.108.287.810
22/02/2023;17.699.999.809.265.100;19.600.000.381.469.700;17.050.000.429.153.400;19.600.000.381.469.700;4754700;-0.10196495689541012;8.415.818.909.311.290;0.2549999952316284;8.415.818.909.311.290
23/02/2023;17.400.000.095.367.400;18.350.000.381.469.700;16.799.999.475.479.100;17.699.999.809.265.100;3369500;-0.017094417102432247;5.862.930.032.134.050;0.15500009059906006;5.862.930.032.134.050
24/02/2023;17.300.000.190.734.800;1.774.999.976.158.140;16.799.999.475.479.100;17.300.000.190.734.800;3386900;-0.005763699172500427;5.859.337.064.599.990;0.09500002861022949;5.859.337.064.599.990
27/02/2023;17.599.999.904.632.500;1.850.000.023.841.850;16.649.999.618.530.200;17.200.000.286.102.200;3790700;0.017192384096632155;6.671.631.963.849.060;0.18500006198883057;6.671.631.963.849.060
28/02/2023;17.300.000.190.734.800;17.899.999.618.530.200;16.799.999.475.479.100;17.200.000.286.102.200;2961100;-0.017192384096632173;51.227.030.564.785;0.11000001430511475;51.227.030.564.785
1/03/2023;1.659.999.966.621.390;17.549.999.952.316.200;15.800.000.429.153.400;16.699.999.570.846.500;3359600;-0.04130383727396346;5.576.935.887.861.250;0.17499995231628418;5.576.935.887.861.250
2/03/2023;17.599.999.904.632.500;18.300.000.429.153.400;16.200.000.047.683.700;1.659.999.966.621.390;2842800;0.05849622137059574;50.033.279.728.889.400;0.21000003814697266;50.033.279.728.889.400
3/03/2023;18.300.000.429.153.400;1.909.999.966.621.390;1.690.000.057.220.450;17.899.999.618.530.200;4201600;0.03900218667288067;768.892.818.031.311;0.21999990940093994;768.892.818.031.311
6/03/2023;17.400.000.095.367.400;18.300.000.429.153.400;16.799.999.475.479.100;18.300.000.429.153.400;3256400;-0.05043087159701255;566.613.603.105.545;0.15000009536743164;566.613.603.105.545
7/03/2023;16.699.999.570.846.500;17.799.999.713.897.700;16.200.000.047.683.700;16.299.999.952.316.200;3100500;-0.04106151797647203;5.177.834.866.940.970;0.15999996662139893;5.177.834.866.940.970
8/03/2023;14.199.999.570.846.500;16.699.999.570.846.500;13.309.999.704.360.900;16.699.999.570.846.500;4506100;-0.16216675933975702;6.398.661.806.619.160;0.33899998664855957;6.398.661.806.619.160
9/03/2023;13.250.000.476.837.100;14.800.000.190.734.800;13.200.000.524.520.800;1.440.000.057.220.450;3419400;-0.06924434596520057;4.530.705.163.049.690;0.15999996662139893;4.530.705.163.049.690
10/03/2023;1.309.999.942.779.540;13.700.000.047.683.700;11.799.999.475.479.100;13.300.000.429.153.400;4816200;-0.011385401892575343;6.309.221.724.414.820;0.19000005722045898;6.309.221.724.414.820
13/03/2023;1.399.999.976.158.140;1.399.999.976.158.140;1.25;12.899.999.618.530.200;4018100;0.06644512605799474;5.625.339.904.201.030;0.1499999761581421;5.625.339.904.201.030
14/03/2023;1.399.999.976.158.140;1.399.999.976.158.140;12.599.999.904.632.500;1.340.000.033.378.600;3374800;0.0;4.724.719.919.538.490;0.13999998569488525;4.724.719.919.538.490
15/03/2023;13.200.000.524.520.800;1.399.999.976.158.140;12.799.999.713.897.700;12.999.999.523.162.800;3451700;-0.058840443256605764;455.624.418.104.887;0.12000000476837158;455.624.418.104.887
16/03/2023;10.499.999.523.162.800;13.300.000.429.153.400;10.399.999.618.530.200;13.300.000.429.153.400;6824500;-0.22884165757834024;7.165.724.674.582.480;0.2900000810623169;7.165.724.674.582.480
17/03/2023;0.9610000252723694;1.090.000.033.378.600;0.9599999785423279;1.090.000.033.378.600;38561900;-0.08857096247022213;3.705.798.687.455.050;0.1300000548362732;3.705.798.687.455.050
20/03/2023;12.100.000.381.469.700;12.699.999.809.265.100;0.9610000252723694;10.299.999.713.897.700;8772500;0.23040123484892672;10.614.725.334.644.300;0.3089999556541443;10.614.725.334.644.300
21/03/2023;1.190.000.057.220.450;1.225.000.023.841.850;11.399.999.856.948.800;1.190.000.057.220.450;3369000;-0.01666703592721668;40.091.101.927.757.200;0.08500003814697266;40.091.101.927.757.200
22/03/2023;11.100.000.143.051.100;12.200.000.286.102.200;10.099.999.904.632.500;12.200.000.286.102.200;4405400;-0.06959332699612271;48.899.940.630.197.500;0.21000003814697266;48.899.940.630.197.500
23/03/2023;10.700.000.524.520.800;12.799.999.713.897.700;1.059.999.942.779.540;12.799.999.713.897.700;4025800;-0.03670133071727745;4.307.606.211.161.610;0.2200000286102295;4.307.606.211.161.610
24/03/2023;1.190.000.057.220.450;1.215.000.033.378.600;1.059.999.942.779.540;10.700.000.524.520.800;2915900;0.1062946577134002;34.699.211.668.491.300;0.15500009059906006;34.699.211.668.491.300
27/03/2023;12.599.999.904.632.500;1.309.999.942.779.540;11.799.999.475.479.100;12.100.000.381.469.700;3582000;0.05715835818668655;4.513.319.965.839.380;0.12999999523162842;4.513.319.965.839.380
28/03/2023;12.599.999.904.632.500;13.049.999.475.479.100;1.25;12.699.999.809.265.100;1861100;0.0;23.449.859.822.511.600;0.0549999475479126;23.449.859.822.511.600
29/03/2023;13.300.000.429.153.400;13.700.000.047.683.700;1.25;12.699.999.809.265.100;1809000;0.054067261106295166;24.059.700.776.338.500;0.12000000476837158;24.059.700.776.338.500
30/03/2023;12.200.000.286.102.200;1.399.999.976.158.140;1.190.000.057.220.450;13.600.000.143.051.100;2371500;-0.08632809230466534;28.932.300.678.491.500;0.2099999189376831;28.932.300.678.491.500
31/03/2023;12.599.999.904.632.500;1.274.999.976.158.140;12.200.000.286.102.200;12.300.000.190.734.800;2033000;0.03226083119837014;2.561.579.980.611.800;0.0549999475479126;2.561.579.980.611.800
3/04/2023;11.200.000.047.683.700;1.309.999.942.779.540;11.100.000.143.051.100;1.25;2977600;-0.11778302383006503;3.334.912.014.198.300;0.19999992847442627;3.334.912.014.198.300
4/04/2023;10.149.999.856.948.800;11.399.999.856.948.800;0.9739999771118164;11.200.000.047.683.700;3403000;-0.09844009116443637;34.540.449.513.196.900;0.16600000858306885;34.540.449.513.196.900
5/04/2023;1.0;1.059.999.942.779.540;0.9829999804496765;10.199.999.809.265.100;2270300;-0.014888598400041399;2270300.0;0.0769999623298645;2270300.0
6/04/2023;1.090.000.033.378.600;11.399.999.856.948.800;10.199.999.809.265.100;10.499.999.523.162.800;1958500;0.08617772686362166;213.476.506.537.199;0.12000000476837158;213.476.506.537.199
10/04/2023;1.100.000.023.841.850;1.125;10.700.000.524.520.800;1.100.000.023.841.850;1409400;0.009132474615119254;15.503.400.336.027.100;0.0549999475479126;15.503.400.336.027.100
11/04/2023;11.399.999.856.948.800;1.149.999.976.158.140;1.062.000.036.239.620;10.800.000.429.153.400;1099400;0.0357180483793169;12.533.159.842.729.500;0.08799993991851807;12.533.159.842.729.500
12/04/2023;10.499.999.523.162.800;11.549.999.713.897.700;10.399.999.618.530.200;11.399.999.856.948.800;1065700;-0.0822381311016894;1.118.984.949.183.460;0.11500000953674316;1.118.984.949.183.460
13/04/2023;11.699.999.570.846.500;1.25;10.549.999.475.479.100;1.090.000.033.378.600;1344600;0.10821359337351445;15.731.819.422.960.200;0.1950000524520874;15.731.819.422.960.200
14/04/2023;10.449.999.570.846.500;11.799.999.475.479.100;10.399.999.618.530.200;11.699.999.570.846.500;1689900;-0.11298686778042431;17.659.454.274.773.500;0.13999998569488525;17.659.454.274.773.500
17/04/2023;1.059.999.942.779.540;11.200.000.047.683.700;10.399.999.618.530.200;10.399.999.618.530.200;1235600;0.014252009792950849;13.097.359.292.984.000;0.08000004291534424;13.097.359.292.984.000
18/04/2023;0.9800000190734863;1.059.999.942.779.540;0.9100000262260437;10.399.999.618.530.200;5091700;-0.07847154199718777;498.986.609.711.647;0.14999991655349731;498.986.609.711.647
19/04/2023;10.099.999.904.632.500;10.199.999.809.265.100;0.9300000071525574;0.9620000123977661;1788000;0.03015300926562662;18.058.799.829.483.000;0.0899999737739563;18.058.799.829.483.000
20/04/2023;11.200.000.047.683.700;11.399.999.856.948.800;1.0;1.0;4713400;0.10337836815362979;5.279.008.022.475.240;0.13999998569488525;5.279.008.022.475.240
21/04/2023;12.100.000.381.469.700;1.25;1.100.000.023.841.850;11.200.000.047.683.700;1658100;0.07729170157059512;20.063.010.632.514.900;0.1499999761581421;20.063.010.632.514.900
24/04/2023;1.159.999.966.621.390;12.100.000.381.469.700;1.100.000.023.841.850;12.100.000.381.469.700;1217200;-0.0422004147914561;14.119.519.593.715.600;0.11000001430511475;14.119.519.593.715.600
25/04/2023;11.200.000.047.683.700;12.389.999.628.067.000;11.050.000.190.734.800;11.299.999.952.316.200;1968900;-0.035091286779138975;2.205.168.009.388.440;0.13399994373321533;2.205.168.009.388.440
26/04/2023;11.649.999.618.530.200;11.799.999.475.479.100;1.090.000.033.378.600;11.200.000.047.683.700;1651600;0.039392364709002974;192.411.393.699.646;0.08999991416931152;192.411.393.699.646
27/04/2023;12.599.999.904.632.500;12.799.999.713.897.700;1.149.999.976.158.140;1.159.999.966.621.390;1538100;0.07839065912106193;19.380.059.853.315.300;0.12999999523162842;19.380.059.853.315.300
28/04/2023;12.899.999.618.530.200;13.700.000.047.683.700;12.200.000.286.102.200;12.200.000.286.102.200;1578800;0.02353047540774091;20.366.519.397.735.500;0.1499999761581421;20.366.519.397.735.500
1/05/2023;13.200.000.524.520.800;13.589.999.675.750.700;12.799.999.713.897.700;12.999.999.523.162.800;692500;0.022989587532424763;9.141.000.363.230.700;0.07899999618530273;9.141.000.363.230.700
2/05/2023;12.599.999.904.632.500;13.300.000.429.153.400;12.200.000.286.102.200;1.309.999.942.779.540;1204500;-0.04652006294016572;15.176.699.885.129.900;0.11000001430511475;15.176.699.885.129.900
3/05/2023;1.340.000.033.378.600;1.375;12.200.000.286.102.200;12.599.999.904.632.500;701300;0.061557925477680665;9.397.420.234.084.120;0.1549999713897705;9.397.420.234.084.120
4/05/2023;13.200.000.524.520.800;13.650.000.095.367.400;1.25;13.300.000.429.153.400;865100;-0.015037862537514926;11.419.320.453.763.000;0.11500000953674316;11.419.320.453.763.000
5/05/2023;13.600.000.143.051.100;1.409.999.966.621.390;13.200.000.524.520.800;1.340.000.033.378.600;926400;0.029852933931718787;12.599.040.132.522.500;0.08999991416931152;12.599.040.132.522.500
8/05/2023;13.600.000.143.051.100;1.399.999.976.158.140;1.340.000.033.378.600;13.600.000.143.051.100;594500;0.0;8.085.200.085.043.900;0.059999942779541016;8.085.200.085.043.900
9/05/2023;13.600.000.143.051.100;1.440.000.057.220.450;1.340.000.033.378.600;1.350.000.023.841.850;1809700;0.0;2.461.192.025.887.960;0.10000002384185791;2.461.192.025.887.960
10/05/2023;1.409.999.966.621.390;15.829.999.446.868.800;1.340.000.033.378.600;1.399.999.976.158.140;2208800;0.036104970450882526;3.114.407.926.273.340;0.24299991130828857;3.114.407.926.273.340
11/05/2023;1.350.000.023.841.850;14.500.000.476.837.100;13.300.000.429.153.400;13.899.999.856.948.800;1464900;-0.043485070606336544;19.776.150.349.259.300;0.12000000476837158;19.776.150.349.259.300
12/05/2023;12.000.000.476.837.100;13.899.999.856.948.800;1.190.000.057.220.450;1.340.000.033.378.600;2122100;-0.11778301358058968;25.465.201.011.896.100;0.19999992847442627;25.465.201.011.896.100
15/05/2023;1.190.000.057.220.450;12.549.999.952.316.200;1.159.999.966.621.390;12.400.000.095.367.400;1429300;-0.008368241322527534;1.700.867.081.785.200;0.09500002861022949;1.700.867.081.785.200
16/05/2023;1.159.999.966.621.390;12.200.000.286.102.200;1.090.000.033.378.600;11.699.999.570.846.500;1365800;-0.02553337886423942;15.843.279.544.115.000;0.12999999523162842;15.843.279.544.115.000
17/05/2023;13.200.000.524.520.800;1.350.000.023.841.850;1.159.999.966.621.390;11.699.999.570.846.500;1220200;0.12921179999109175;1.610.664.064.002.030;0.19000005722045898;1.610.664.064.002.030
18/05/2023;14.199.999.570.846.500;14.450.000.524.520.800;13.200.000.524.520.800;13.300.000.429.153.400;1682000;0.07302506505638691;2.388.439.927.816.390;0.125;2.388.439.927.816.390
19/05/2023;15.299.999.713.897.700;16.200.000.047.683.700;14.199.999.570.846.500;14.600.000.381.469.700;3187700;0.0746108753137521;4.877.180.908.799.170;0.20000004768371582;4.877.180.908.799.170
22/05/2023;14.600.000.381.469.700;1.600.000.023.841.850;14.199.999.570.846.500;15.700.000.524.520.800;3058500;-0.04683125485653937;4.465.410.116.672.510;0.18000006675720215;4.465.410.116.672.510
23/05/2023;1.399.999.976.158.140;1.565.000.057.220.450;13.799.999.952.316.200;14.299.999.475.479.100;1869800;-0.041964242256993904;2.617.719.955.420.490;0.18500006198883057;2.617.719.955.420.490
24/05/2023;13.300.000.429.153.400;1.399.999.976.158.140;12.799.999.713.897.700;13.799.999.952.316.200;2272400;-0.05129324509047625;30.222.920.975.208.200;0.12000000476837158;30.222.920.975.208.200
25/05/2023;1.309.999.942.779.540;1.350.000.023.841.850;12.000.000.476.837.100;1.350.000.023.841.850;2246500;-0.015151880967518485;2.942.914.871.454.230;0.1499999761581421;2.942.914.871.454.230
26/05/2023;12.999.999.523.162.800;13.600.000.143.051.100;1.215.000.033.378.600;1.309.999.942.779.540;3926500;-0.0076628657456105625;510.444.981.276.989;0.14499998092651367;510.444.981.276.989
30/05/2023;12.599.999.904.632.500;1.309.999.942.779.540;1.225.000.023.841.850;1.309.999.942.779.540;1424800;-0.03125251439316616;17.952.479.864.120.400;0.0849999189376831;17.952.479.864.120.400
31/05/2023;1.340.000.033.378.600;1.375;12.200.000.286.102.200;12.599.999.904.632.500;1058100;0.061557925477680665;14.178.540.353.178.900;0.1549999713897705;14.178.540.353.178.900
1/06/2023;12.300.000.190.734.800;13.849.999.904.632.500;12.200.000.286.102.200;1.350.000.023.841.850;2036200;-0.08565545398099803;2.504.526.038.837.430;0.16499996185302734;2.504.526.038.837.430
2/06/2023;1.309.999.942.779.540;1.309.999.942.779.540;1.190.000.057.220.450;12.699.999.809.265.100;1754700;0.06301290864209404;22.986.568.995.952.600;0.11999988555908203;22.986.568.995.952.600
5/06/2023;12.200.000.286.102.200;1.309.999.942.779.540;12.000.000.476.837.100;12.799.999.713.897.700;1239000;-0.07117621133714687;15.115.800.354.480.700;0.1099998950958252;15.115.800.354.480.700
6/06/2023;1.25;12.799.999.713.897.700;1.190.000.057.220.450;12.100.000.381.469.700;1033500;0.02429266911803713;1291875.0;0.08999991416931152;1291875.0
7/06/2023;12.100.000.381.469.700;13.200.000.524.520.800;11.699.999.570.846.500;12.599.999.904.632.500;5405100;-0.032523160179136874;6.540.171.206.188.200;0.15000009536743164;6.540.171.206.188.200
8/06/2023;12.599.999.904.632.500;12.599.999.904.632.500;11.299.999.952.316.200;12.100.000.381.469.700;1803200;0.0404913222594699;22.720.319.828.033.400;0.12999999523162842;22.720.319.828.033.400
9/06/2023;11.699.999.570.846.500;12.599.999.904.632.500;11.299.999.952.316.200;1.222.000.002.861.020;1715800;-0.07410800126466016;20.074.859.263.658.500;0.12999999523162842;20.074.859.263.658.500
12/06/2023;1.149.999.976.158.140;12.599.999.904.632.500;11.299.999.952.316.200;11.699.999.570.846.500;1935900;-0.017241790486774565;22.262.849.538.445.400;0.12999999523162842;22.262.849.538.445.400
13/06/2023;11.799.999.475.479.100;12.599.999.904.632.500;11.399.999.856.948.800;1.159.999.966.621.390;1445400;0.025752472383542852;17.055.719.241.857.500;0.12000000476837158;17.055.719.241.857.500
14/06/2023;1.25;14.500.000.476.837.100;12.300.000.190.734.800;12.799.999.713.897.700;5819200;0.05762915728755898;7274000.0;0.2200000286102295;7274000.0
15/06/2023;13.700.000.047.683.700;1.524.999.976.158.140;12.000.000.476.837.100;12.899.999.618.530.200;5868200;0.09166719200638702;8.039.434.027.981.750;0.32499992847442627;8.039.434.027.981.750
16/06/2023;1.440.000.057.220.450;15.199.999.809.265.100;13.700.000.047.683.700;13.899.999.856.948.800;3297900;0.04983241000374159;4.748.976.188.707.350;0.1499999761581421;4.748.976.188.707.350
20/06/2023;1.315.000.057.220.450;14.450.000.524.520.800;12.899.999.618.530.200;14.299.999.475.479.100;2719400;-0.09080644418095431;3.576.011.155.605.310;0.15500009059906006;3.576.011.155.605.310
21/06/2023;1.309.999.942.779.540;138.100.004.196.167;12.599.999.904.632.500;12.699.999.809.265.100;2422500;-0.0038096156100643833;3.173.474.861.383.430;0.12100005149841309;3.173.474.861.383.430
22/06/2023;1.350.000.023.841.850;14.199.999.570.846.500;12.300.000.190.734.800;12.899.999.618.530.200;3454300;0.030077516577653975;466.330.508.235.693;0.18999993801116943;466.330.508.235.693
23/06/2023;1.350.000.023.841.850;1.409.999.966.621.390;12.799.999.713.897.700;13.200.000.524.520.800;8182600;0.0;11.046.510.195.088.300;0.12999999523162842;11.046.510.195.088.300
26/06/2023;13.799.999.952.316.200;1.409.999.966.621.390;1.350.000.023.841.850;1.350.000.023.841.850;1781300;0.02197888560279815;24.581.939.915.060.900;0.059999942779541016;24.581.939.915.060.900
27/06/2023;13.300.000.429.153.400;13.700.000.047.683.700;1.309.999.942.779.540;1.350.000.023.841.850;1910100;-0.03690452121293354;2.540.433.081.972.590;0.060000061988830566;2.540.433.081.972.590
28/06/2023;1.309.999.942.779.540;13.589.999.675.750.700;12.799.999.713.897.700;13.300.000.429.153.400;1695500;-0.015151880967518485;2.221.104.902.982.710;0.07899999618530273;2.221.104.902.982.710
29/06/2023;12.100.000.381.469.700;12.999.999.523.162.800;1.190.000.057.220.450;12.999.999.523.162.800;1994600;-0.07940670239824665;24.134.660.760.879.500;0.1099998950958252;24.134.660.760.879.500
30/06/2023;12.000.000.476.837.100;12.389.999.628.067.000;1.149.999.976.158.140;12.100.000.381.469.700;1864100;-0.008298794604689195;22.369.200.888.872.100;0.08899998664855957;22.369.200.888.872.100
3/07/2023;13.200.000.524.520.800;13.300.000.429.153.400;11.799.999.475.479.100;12.000.000.476.837.100;1004300;0.09531017980432493;13.256.760.526.776.300;0.15000009536743164;13.256.760.526.776.300
5/07/2023;12.799.999.713.897.700;13.200.000.524.520.800;12.400.000.095.367.400;13.200.000.524.520.800;1743400;-0.030771720754924767;2.231.551.950.120.920;0.08000004291534424;2.231.551.950.120.920
6/07/2023;12.799.999.713.897.700;12.999.999.523.162.800;11.799.999.475.479.100;1.25;2166000;0.0;2.772.479.938.030.240;0.12000000476837158;2.772.479.938.030.240
7/07/2023;1.440.000.057.220.450;14.500.000.476.837.100;1.25;12.799.999.713.897.700;2413100;0.11778309774455455;34.748.641.380.786.800;0.20000004768371582;34.748.641.380.786.800
10/07/2023;14.500.000.476.837.100;15.520.000.457.763.600;14.049.999.713.897.700;14.299.999.475.479.100;1830700;0.006920435993465473;26.545.150.872.945.700;0.14700007438659668;26.545.150.872.945.700
11/07/2023;15.700.000.524.520.800;15.950.000.286.102.200;1.399.999.976.158.140;14.900.000.095.367.400;1237600;0.07951206345138516;19.430.320.649.147.000;0.1950000524520874;19.430.320.649.147.000
12/07/2023;1.659.999.966.621.390;17.300.000.190.734.800;15.499.999.523.162.800;1.600.000.023.841.850;2496100;0.05574192949167162;4.143.525.916.683.670;0.18000006675720215;4.143.525.916.683.670
13/07/2023;15.449.999.570.846.500;1.690.000.057.220.450;14.900.000.095.367.400;16.799.999.475.479.100;1098800;-0.07179369968807411;16.976.459.528.446.100;0.20000004768371582;16.976.459.528.446.100
14/07/2023;14.900.000.095.367.400;15.700.000.524.520.800;14.600.000.381.469.700;15.199.999.809.265.100;555100;-0.03624775621492008;8.270.990.052.938.460;0.11000001430511475;8.270.990.052.938.460
17/07/2023;15.299.999.713.897.700;1.562.000.036.239.620;14.500.000.476.837.100;15.399.999.618.530.200;640300;0.02649159034698093;97.965.898.168.087;0.1119999885559082;97.965.898.168.087
18/07/2023;1.600.000.023.841.850;1.649.999.976.158.140;15.499.999.523.162.800;1.600.000.023.841.850;801900;0.044735927442049156;12.830.400.191.187.800;0.10000002384185791;12.830.400.191.187.800
19/07/2023;18.200.000.524.520.800;1.840.000.033.378.600;1.625;16.299.999.952.316.200;1951000;0.12883288576163515;35.508.201.023.340.200;0.21500003337860107;35.508.201.023.340.200
20/07/2023;12.400.000.095.367.400;18.799.999.952.316.200;1.225.000.023.841.850;17.599.999.904.632.500;17376600;-0.3837251426006645;2.154.698.416.571.610;0.6549999713897705;2.154.698.416.571.610
21/07/2023;1.350.000.023.841.850;14.299.999.475.479.100;11.799.999.475.479.100;12.999.999.523.162.800;7990300;0.08499322280310599;10.786.905.190.503.500;0.25;10.786.905.190.503.500
24/07/2023;1.340.000.033.378.600;1.440.000.057.220.450;12.599.999.904.632.500;13.600.000.143.051.100;3256100;-0.007434971238749889;4.363.174.108.684.060;0.18000006675720215;4.363.174.108.684.060
25/07/2023;1.25;13.300.000.429.153.400;12.400.000.095.367.400;13.300.000.429.153.400;2933400;-0.06952608755801373;3666750.0;0.09000003337860107;3666750.0
26/07/2023;12.599.999.904.632.500;13.300.000.429.153.400;12.480.000.257.492.000;12.599.999.904.632.500;1634200;0.007968162080333152;20.590.919.844.150.500;0.0820000171661377;20.590.919.844.150.500
27/07/2023;12.100.000.381.469.700;1.25;1.149.999.976.158.140;12.400.000.095.367.400;4294500;-0.04049132225946989;5.196.345.163.822.170;0.10000002384185791;5.196.345.163.822.170
28/07/2023;12.799.999.713.897.700;12.949.999.570.846.500;1.159.999.966.621.390;12.300.000.190.734.800;2128400;0.05623966444471079;27.243.519.391.059.800;0.13499999046325684;27.243.519.391.059.800
31/07/2023;1.350.000.023.841.850;13.600.000.143.051.100;12.599.999.904.632.500;12.899.999.618.530.200;1801200;0.053244554531189606;24.316.200.429.439.500;0.10000002384185791;24.316.200.429.439.500
1/08/2023;13.899.999.856.948.800;1.440.000.057.220.450;12.999.999.523.162.800;13.300.000.429.153.400;2054900;0.029199126740177498;28.563.109.706.044.100;0.1400001049041748;28.563.109.706.044.100
2/08/2023;13.899.999.856.948.800;14.199.999.570.846.500;1.350.000.023.841.850;13.600.000.143.051.100;1721700;0.0;2.393.162.975.370.880;0.06999993324279785;2.393.162.975.370.880
3/08/2023;13.600.000.143.051.100;14.299.999.475.479.100;1.350.000.023.841.850;13.700.000.047.683.700;1924600;-0.02181902658472355;2.617.456.027.531.620;0.07999992370605469;2.617.456.027.531.620
4/08/2023;12.699.999.809.265.100;13.899.999.856.948.800;12.599.999.904.632.500;13.700.000.047.683.700;990300;-0.06846782481442072;12.576.809.811.115.200;0.12999999523162842;12.576.809.811.115.200
7/08/2023;12.899.999.618.530.200;13.350.000.381.469.700;12.300.000.190.734.800;13.300.000.429.153.400;935700;0.01562530335027708;12.070.529.643.058.700;0.10500001907348633;12.070.529.643.058.700
8/08/2023;12.200.000.286.102.200;12.899.999.618.530.200;12.050.000.429.153.400;12.899.999.618.530.200;1241600;-0.055791306606110945;1.514.752.035.522.460;0.0849999189376831;1.514.752.035.522.460
9/08/2023;12.000.000.476.837.100;12.949.999.570.846.500;11.799.999.475.479.100;12.599.999.904.632.500;1777300;-0.01652928566578902;2.132.760.084.748.260;0.11500000953674316;2.132.760.084.748.260
10/08/2023;12.000.000.476.837.100;12.599.999.904.632.500;1.190.000.057.220.450;12.300.000.190.734.800;1475600;0.0;1.770.720.070.362.090;0.06999993324279785;1.770.720.070.362.090
11/08/2023;11.699.999.570.846.500;12.100.000.381.469.700;1.159.999.966.621.390;1.190.000.057.220.450;1887800;-0.025317884400500992;2.208.725.918.984.410;0.05000007152557373;2.208.725.918.984.410
14/08/2023;11.699.999.570.846.500;11.699.999.570.846.500;1.090.000.033.378.600;1.159.999.966.621.390;1963400;0.0;2.297.177.915.740.010;0.07999992370605469;2.297.177.915.740.010
15/08/2023;11.399.999.856.948.800;11.779.999.732.971.100;11.200.000.047.683.700;1.149.999.976.158.140;602300;-0.025975462271824953;6.866.219.913.840.290;0.05799996852874756;6.866.219.913.840.290
16/08/2023;10.800.000.429.153.400;11.399.999.856.948.800;1.059.999.942.779.540;11.200.000.047.683.700;1907800;-0.054067168985500305;20.604.240.818.738.900;0.08000004291534424;20.604.240.818.738.900
17/08/2023;10.199.999.809.265.100;10.800.000.429.153.400;0.9919999837875366;10.800.000.429.153.400;2588300;-0.05715847227587421;26.400.659.506.320.900;0.08800005912780762;26.400.659.506.320.900
18/08/2023;10.099.999.904.632.500;1.059.999.942.779.540;0.9800000190734863;0.9900000095367432;1930200;-0.009852287185835048;19.495.019.815.921.700;0.07999992370605469;19.495.019.815.921.700
21/08/2023;10.499.999.523.162.800;10.750.000.476.837.100;1.0;10.099.999.904.632.500;1207000;0.038839797345520136;1.267.349.942.445.750;0.07500004768371582;1.267.349.942.445.750
22/08/2023;10.299.999.713.897.700;10.800.000.429.153.400;1.0;1.059.999.942.779.540;1385400;-0.019231344291746142;1.426.961.960.363.380;0.08000004291534424;1.426.961.960.363.380
23/08/2023;10.499.999.523.162.800;10.800.000.429.153.400;1.034.999.966.621.390;10.499.999.523.162.800;641700;0.019231344291746166;6.737.849.694.013.590;0.04500007629394531;6.737.849.694.013.590
24/08/2023;10.299.999.713.897.700;10.499.999.523.162.800;1.0;10.299.999.713.897.700;771800;-0.019231344291746142;7.949.539.779.186.240;0.04999995231628418;7.949.539.779.186.240
25/08/2023;10.199.999.809.265.100;10.399.999.618.530.200;0.9829999804496765;10.399.999.618.530.200;641000;-0.009756165867939072;6.538.199.877.738.950;0.05699998140335083;6.538.199.877.738.950
28/08/2023;1.0;10.750.000.476.837.100;1.0;10.199.999.809.265.100;739800;-0.019802608596683105;739800.0;0.07500004768371582;739800.0
29/08/2023;10.700.000.524.520.800;10.700.000.524.520.800;1.0;10.099.999.904.632.500;2961600;0.06765869749445604;3.168.912.155.342.100;0.0700000524520874;3.168.912.155.342.100
30/08/2023;10.700.000.524.520.800;1.090.000.033.378.600;10.399.999.618.530.200;10.700.000.524.520.800;817600;0.0;8.748.320.428.848.260;0.05000007152557373;8.748.320.428.848.260
31/08/2023;10.399.999.618.530.200;1.125;10.399.999.618.530.200;10.800.000.429.153.400;2240900;-0.028438021020956838;2.330.535.914.516.440;0.08500003814697266;2.330.535.914.516.440
1/09/2023;10.499.999.523.162.800;11.299.999.952.316.200;10.199.999.809.265.100;1.059.999.942.779.540;2628000;0.009569442282869125;2.759.399.874.687.190;0.11000001430511475;2.759.399.874.687.190
5/09/2023;10.199.999.809.265.100;1.090.000.033.378.600;10.099.999.904.632.500;1.059.999.942.779.540;1485100;-0.028987510159685204;15.148.019.716.739.600;0.08000004291534424;15.148.019.716.739.600
6/09/2023;10.199.999.809.265.100;10.399.999.618.530.200;10.099.999.904.632.500;10.299.999.713.897.700;1158200;0.0;11.813.639.779.090.800;0.029999971389770508;11.813.639.779.090.800
7/09/2023;0.972000002861023;10.299.999.713.897.700;0.9520000219345093;10.299.999.713.897.700;3475900;-0.048202080174941826;33.785.748.099.446.200;0.07799994945526123;33.785.748.099.446.200
8/09/2023;0.9919999837875366;10.199.999.809.265.100;0.9300000071525574;0.9819999933242798;2446700;0.020367283537785327;2.427.126.360.332.960;0.0899999737739563;2.427.126.360.332.960
11/09/2023;0.9700000286102295;10.199.999.809.265.100;0.9539999961853027;0.9700000286102295;1481300;-0.022426989949153573;1.436.861.042.380.330;0.06599998474121094;1.436.861.042.380.330
12/09/2023;0.9490000009536743;10.099.999.904.632.500;0.9340000152587891;0.9819999933242798;1386500;-0.021887301377656664;13.157.885.013.222.600;0.07599997520446777;13.157.885.013.222.600
13/09/2023;0.9269999861717224;0.9909999966621399;0.9100000262260437;0.953000009059906;3586300;-0.023455248966234122;3.324.500.050.407.640;0.08099997043609619;3.324.500.050.407.640
14/09/2023;0.8759999871253967;0.9570000171661377;0.8500000238418579;0.9160000085830688;4278900;-0.05658747440926361;374.831.634.491.086;0.10699999332427979;374.831.634.491.086
15/09/2023;0.9200000166893005;0.9300000071525574;0.843999981880188;0.8569999933242798;9335900;0.04900761194427429;858.902.815.580.964;0.08600002527236938;858.902.815.580.964
18/09/2023;0.9430000185966492;0.9570000171661377;0.8669999837875366;0.8799999952316284;4523300;0.024692614170558236;4.265.471.984.118.220;0.09000003337860107;4.265.471.984.118.220
19/09/2023;0.9330000281333923;0.949999988079071;0.8949999809265137;0.9319999814033508;3317700;-0.010661071353155267;30.954.141.933.381.500;0.05500000715255737;30.954.141.933.381.500
20/09/2023;0.8880000114440918;0.9470000267028809;0.8820000290870667;0.9129999876022339;1243200;-0.049433475121372104;1.103.961.614.227.290;0.06499999761581421;1.103.961.614.227.290
21/09/2023;0.8330000042915344;0.8700000047683716;0.8230000138282776;0.8700000047683716;1341200;-0.06393810856091603;1.117.219.605.755.800;0.046999990940093994;1.117.219.605.755.800
22/09/2023;0.800000011920929;0.8500000238418579;0.7829999923706055;0.8500000238418579;1894100;-0.04042190474965641;15.152.800.225.794.300;0.06700003147125244;15.152.800.225.794.300
25/09/2023;0.777999997138977;0.800000011920929;0.7639999985694885;0.7919999957084656;1615900;-0.027885222068104166;1.257.170.195.376.870;0.03600001335144043;1.257.170.195.376.870
26/09/2023;0.7850000262260437;0.8090000152587891;0.7620000243186951;0.7670000195503235;949600;0.008957230690396582;7.454.360.249.042.510;0.046999990940093994;7.454.360.249.042.510
27/09/2023;0.7919999957084656;0.8149999976158142;0.765999972820282;0.777999997138977;1232800;0.008877635204440962;9.763.775.947.093.960;0.04900002479553223;9.763.775.947.093.960
28/09/2023;0.7799999713897705;0.8029999732971191;0.7620000243186951;0.7919999957084656;844700;-0.015267503391966423;6.588.659.758.329.390;0.04099994897842407;6.588.659.758.329.390
29/09/2023;0.8330000042915344;0.8539999723434448;0.7639999985694885;0.7699999809265137;1135500;0.06573976431488943;9.458.715.048.730.370;0.0899999737739563;9.458.715.048.730.370
2/10/2023;0.7680000066757202;0.8090000152587891;0.7639999985694885;0.8090000152587891;961700;-0.08124390547872863;7.385.856.064.200.400;0.04500001668930054;7.385.856.064.200.400
3/10/2023;0.7260000109672546;0.7670000195503235;0.7020000219345093;0.7609999775886536;1337600;-0.05623971190880882;9.710.976.146.697.990;0.06499999761581421;9.710.976.146.697.990
4/10/2023;0.6959999799728394;0.7289999723434448;0.6800000071525574;0.7200000286102295;2070800;-0.042200398371444174;14.412.767.585.277.500;0.04899996519088745;14.412.767.585.277.500
5/10/2023;0.6759999990463257;0.7049999833106995;0.6600000262260437;0.6940000057220459;1288300;-0.02915655692755985;8.708.907.987.713.810;0.04499995708465576;8.708.907.987.713.810
6/10/2023;0.6700000166893005;0.7039999961853027;0.6600000262260437;0.6809999942779541;1040800;-0.008915337337788003;697.336.017.370.224;0.04399996995925903;697.336.017.370.224
9/10/2023;0.6470000147819519;0.6690000295639038;0.621999979019165;0.6620000004768372;1451200;-0.03493141994660315;9.389.264.214.515.680;0.04700005054473877;9.389.264.214.515.680
10/10/2023;0.6710000038146973;0.6930000185966492;0.6340000033378601;0.6460000276565552;1081200;0.036422825308962445;7.254.852.041.244.500;0.05900001525878906;7.254.852.041.244.500
11/10/2023;0.6660000085830688;0.6890000104904175;0.6439999938011169;0.6819999814033508;434000;-0.007479459228894795;2.890.440.037.250.510;0.04500001668930054;2.890.440.037.250.510
12/10/2023;0.6899999976158142;0.6899999976158142;0.6430000066757202;0.6710000038146973;1304800;0.03540191070808344;9.003.119.968.891.140;0.046999990940093994;9.003.119.968.891.140
13/10/2023;0.6460000276565552;0.7049999833106995;0.6460000276565552;0.6800000071525574;749800;-0.06589204754135744;48.437.082.073.688.500;0.05899995565414429;48.437.082.073.688.500
16/10/2023;0.6399999856948853;0.6690000295639038;0.6299999952316284;0.6600000262260437;1760300;-0.009331392592630312;11.265.919.748.187.000;0.03900003433227539;11.265.919.748.187.000
17/10/2023;0.6389999985694885;0.6589999794960022;0.6309999823570251;0.652999997138977;1506000;-0.0015637018631128295;9.623.339.978.456.490;0.02799999713897705;9.623.339.978.456.490
18/10/2023;0.6000000238418579;0.6449999809265137;0.5960000157356262;0.6299999952316284;4839400;-0.06297475718628728;2.903.640.115.380.280;0.04899996519088745;2.903.640.115.380.280
19/10/2023;0.5600000023841858;0.6399999856948853;0.546999990940094;0.6299999952316284;1562300;-0.06899290696590589;8.748.880.037.248.130;0.09299999475479126;8.748.880.037.248.130
20/10/2023;0.5419999957084656;0.5889999866485596;0.5249999761581421;0.5580000281333923;1603500;-0.03267079446498353;8.690.969.931.185.240;0.06400001049041748;8.690.969.931.185.240
23/10/2023;0.5070000290870667;0.5600000023841858;0.49000000953674316;0.5600000023841858;2232600;-0.06675493255956436;1.131.928.264.939.780;0.06999999284744263;1.131.928.264.939.780
24/10/2023;0.4779999852180481;0.5249999761581421;0.453000009059906;0.49900001287460327;4383400;-0.05890035939525177;2.095.265.135.204.790;0.07199996709823608;2.095.265.135.204.790
25/10/2023;0.49000000953674316;0.5099999904632568;0.47999998927116394;0.4880000054836273;8402000;0.024794709000543383;4.116.980.080.127.710;0.030000001192092896;4.116.980.080.127.710
26/10/2023;0.503000020980835;0.5329999923706055;0.49000000953674316;0.503000020980835;2063400;0.026184801243726498;10.378.902.432.918.500;0.042999982833862305;10.378.902.432.918.500
27/10/2023;0.49000000953674316;0.5199999809265137;0.49000000953674316;0.5199999809265137;2729700;-0.026184801243726647;13.375.530.260.324.400;0.029999971389770508;13.375.530.260.324.400
30/10/2023;0.49799999594688416;0.5400000214576721;0.47099998593330383;0.4830000102519989;2753300;0.016194658318452813;13.711.433.888.405.500;0.06900003552436829;13.711.433.888.405.500
31/10/2023;0.5;0.5230000019073486;0.49000000953674316;0.49300000071525574;2332000;0.004008029536325775;1166000.0;0.03299999237060547;1166000.0
1/11/2023;0.47999998927116394;0.5090000033378601;0.46299999952316284;0.5090000033378601;994300;-0.04082201687199717;4.772.639.893.323.180;0.046000003814697266;4.772.639.893.323.180
2/11/2023;0.5180000066757202;0.5199999809265137;0.46700000762939453;0.47999998927116394;1409400;0.07618917359677908;7.300.692.094.087.600;0.05299997329711914;7.300.692.094.087.600
3/11/2023;0.5699999928474426;0.5950000286102295;0.5;0.5299999713897705;1008500;0.09566109313327578;5.748.449.927.866.450;0.09500002861022949;5.748.449.927.866.450
6/11/2023;0.5839999914169312;0.6000000238418579;0.5600000023841858;0.6000000238418579;1176900;0.02426461985094178;6.873.095.898.985.860;0.04000002145767212;6.873.095.898.985.860
7/11/2023;0.6029999852180481;0.6140000224113464;0.5709999799728394;0.5849999785423279;1789100;0.03201620408197752;10.788.272.735.536.000;0.04300004243850708;10.788.272.735.536.000
8/11/2023;0.5950000286102295;0.6100000143051147;0.5730000138282776;0.6100000143051147;1186700;-0.01335571858312075;7.060.865.339.517.590;0.03700000047683716;7.060.865.339.517.590
9/11/2023;0.550000011920929;0.609000027179718;0.5429999828338623;0.6039999723434448;2613800;-0.07864315372911526;1.437.590.031.158.920;0.06600004434585571;1.437.590.031.158.920
10/11/2023;0.5239999890327454;0.6000000238418579;0.49399998784065247;0.5659999847412109;1757300;-0.04842663650976592;9.208.251.807.272.430;0.10600003600120544;9.208.251.807.272.430
13/11/2023;0.6299999952316284;0.6899999976158142;0.5130000114440918;0.5519999861717224;2362800;0.18422814842556787;14.885.639.887.332.900;0.1769999861717224;14.885.639.887.332.900
14/11/2023;0.6230000257492065;0.6850000023841858;0.6029999852180481;0.6549999713897705;3126200;-0.011173251698292651;19.476.226.804.971.600;0.0820000171661377;19.476.226.804.971.600
15/11/2023;0.8109999895095825;0.8289999961853027;0.6589999794960022;0.6890000104904175;4964700;0.2637214810618075;40.263.716.479.182.200;0.17000001668930054;40.263.716.479.182.200
16/11/2023;0.824999988079071;0.824999988079071;0.7549999952316284;0.7799999713897705;2532100;0.017115330704820554;20.889.824.698.150.100;0.06999999284744263;20.889.824.698.150.100
17/11/2023;0.8230000138282776;0.8399999737739563;0.7900000214576721;0.8339999914169312;1120200;-0.0024271544057189467;9.219.246.154.904.360;0.04999995231628418;9.219.246.154.904.360
20/11/2023;0.8379999995231628;0.859000027179718;0.800000011920929;0.8270000219345093;935200;0.018061882433713795;7.836.975.995.540.610;0.05900001525878906;7.836.975.995.540.610
21/11/2023;0.7599999904632568;0.8659999966621399;0.753000020980835;0.8379999995231628;1511000;-0.09769967918103452;1.148.359.985.589.980;0.11299997568130493;1.148.359.985.589.980
22/11/2023;0.7300000190734863;0.7889999747276306;0.699999988079071;0.7850000262260437;871100;-0.04027386046153044;6.359.030.166.149.130;0.08899998664855957;6.359.030.166.149.130
24/11/2023;0.7720000147819519;0.7760000228881836;0.7200000286102295;0.7749999761581421;336200;0.05594000890188205;25.954.640.496.969.200;0.0559999942779541;25.954.640.496.969.200
27/11/2023;0.746999979019165;0.7919999957084656;0.7129999995231628;0.777999997138977;7355200;-0.032919412126358974;5.494.334.245.681.760;0.07899999618530273;5.494.334.245.681.760
28/11/2023;0.6909999847412109;0.7710000276565552;0.6800000071525574;0.7269999980926514;1201800;-0.07792535536053734;8.304.437.816.619.870;0.0910000205039978;8.304.437.816.619.870
29/11/2023;0.7200000286102295;0.7490000128746033;0.6959999799728394;0.7129999995231628;1130800;0.04111145006104439;8.141.760.323.524.470;0.053000032901763916;8.141.760.323.524.470
30/11/2023;0.7820000052452087;0.796999990940094;0.7099999785423279;0.7300000190734863;1497200;0.08260349550620916;11.708.104.078.531.200;0.08700001239776611;11.708.104.078.531.200
1/12/2023;0.8460000157356262;0.8830000162124634;0.7829999923706055;0.7900000214576721;1772700;0.07866463095351489;14.997.042.278.945.400;0.10000002384185791;14.997.042.278.945.400
4/12/2023;0.968999981880188;0.9700000286102295;0.8299999833106995;0.8299999833106995;3596800;0.1357452149850155;348.529.913.482.666;0.14000004529953003;348.529.913.482.666
5/12/2023;10.299.999.713.897.700;10.399.999.618.530.200;0.949999988079071;0.9810000061988831;4488700;0.06104946025548965;4.623.360.871.577.260;0.0899999737739563;4.623.360.871.577.260
6/12/2023;10.099.999.904.632.500;1.090.000.033.378.600;0.9819999933242798;1.0;3201800;-0.019608453053774056;32.338.179.694.652.500;0.10800004005432129;32.338.179.694.652.500
7/12/2023;10.800.000.429.153.400;10.800.000.429.153.400;0.9639999866485596;10.299.999.713.897.700;949700;0.06701075946170926;10.256.760.407.567.000;0.11600005626678467;10.256.760.407.567.000
8/12/2023;10.299.999.713.897.700;11.100.000.143.051.100;10.299.999.713.897.700;10.700.000.524.520.800;940400;-0.04740230640793523;9.686.119.730.949.400;0.08000004291534424;9.686.119.730.949.400
11/12/2023;10.399.999.618.530.200;10.499.999.523.162.800;0.9900000095367432;10.399.999.618.530.200;1820800;0.009661902008877073;18.936.319.305.419.900;0.059999942779541016;18.936.319.305.419.900
12/12/2023;10.299.999.713.897.700;1.059.999.942.779.540;10.099.999.904.632.500;10.499.999.523.162.800;1241100;-0.009661902008876995;12.783.329.644.918.400;0.04999995231628418;12.783.329.644.918.400
13/12/2023;10.700.000.524.520.800;11.100.000.143.051.100;10.099.999.904.632.500;10.399.999.618.530.200;3339100;0.03809992302983384;3.572.837.175.142.760;0.10000002384185791;3.572.837.175.142.760
14/12/2023;10.299.999.713.897.700;11.299.999.952.316.200;1.0;1.090.000.033.378.600;3657900;-0.038099923029833914;37.676.368.953.466.400;0.12999999523162842;37.676.368.953.466.400
15/12/2023;10.199.999.809.265.100;1.090.000.033.378.600;10.099.999.904.632.500;10.199.999.809.265.100;3454100;-0.009756165867939072;3.523.181.934.118.270;0.08000004291534424;3.523.181.934.118.270
18/12/2023;0.8539999723434448;10.199.999.809.265.100;0.7599999904632568;10.199.999.809.265.100;4143500;-0.17762672617497585;35.385.488.854.050.600;0.25999999046325684;35.385.488.854.050.600
19/12/2023;0.8999999761581421;0.9269999861717224;0.8500000238418579;0.8539999723434448;1819300;0.05246357542951288;1.637.369.956.624.500;0.0769999623298645;1.637.369.956.624.500
20/12/2023;0.8519999980926514;0.9229999780654907;0.8339999914169312;0.9229999780654907;1664800;-0.054808212242713567;1.418.409.596.824.640;0.08899998664855957;1.418.409.596.824.640
21/12/2023;0.8939999938011169;0.9100000262260437;0.8360000252723694;0.8539999723434448;1029500;0.04811924364899685;9.203.729.936.182.490;0.07400000095367432;9.203.729.936.182.490
22/12/2023;0.8629999756813049;0.9110000133514404;0.8500000238418579;0.8999999761581421;704300;-0.035291105335465624;6.078.108.828.723.430;0.06099998950958252;6.078.108.828.723.430
26/12/2023;0.8679999709129333;0.9110000133514404;0.8629999756813049;0.9100000262260437;1620900;0.00577701824572929;14.069.411.528.527.700;0.0480000376701355;14.069.411.528.527.700
27/12/2023;0.8799999952316284;0.8859999775886536;0.8029999732971191;0.8650000095367432;1471700;0.013730220903744017;12.950.959.929.823.800;0.08300000429153442;12.950.959.929.823.800
28/12/2023;0.8830000162124634;0.9200000166893005;0.8629999756813049;0.8700000047683716;504400;0.003403316910972507;4.453.852.081.775.660;0.057000041007995605;4.453.852.081.775.660
29/12/2023;0.9129999876022339;0.9350000023841858;0.8460000157356262;0.8799999952316284;738900;0.03341064805119542;6.746.156.908.392.900;0.08899998664855957;6.746.156.908.392.900
2/01/2024;0.9700000286102295;0.9750000238418579;0.9129999876022339;0.9200000166893005;553700;0.060560233976693974;5.370.890.158.414.840;0.06200003623962402;5.370.890.158.414.840
3/01/2024;0.9990000128746033;10.299.999.713.897.700;0.9300000071525574;0.9700000286102295;744000;0.029458690543534234;7.432.560.095.787.040;0.09999996423721313;7.432.560.095.787.040
4/01/2024;0.9449999928474426;0.9800000190734863;0.9399999976158142;0.9599999785423279;447000;-0.05556987161114524;42.241.499.680.280.600;0.04000002145767212;42.241.499.680.280.600
5/01/2024;0.8500000238418579;0.9629999995231628;0.8500000238418579;0.9629999995231628;572200;-0.10594854239129263;4.863.700.136.423.110;0.11299997568130493;4.863.700.136.423.110
8/01/2024;0.9200000166893005;0.9200000166893005;0.8420000076293945;0.8700000047683716;863700;0.07913731065002345;7.946.040.144.145.480;0.078000009059906;7.946.040.144.145.480
9/01/2024;0.9860000014305115;10.299.999.713.897.700;0.8999999761581421;0.8999999761581421;1338900;0.06928266786982851;13.201.554.019.153.100;0.12999999523162842;13.201.554.019.153.100
10/01/2024;1.0;10.069.999.694.824.200;0.9190000295639038;0.9700000286102295;604500;0.014098922928678613;604500.0;0.08799993991851807;604500.0
11/01/2024;0.9269999861717224;0.9829999804496765;0.9070000052452087;0.9800000190734863;463000;-0.07580172833351781;4.292.009.935.975.070;0.07599997520446777;4.292.009.935.975.070
12/01/2024;0.9739999771118164;0.9800000190734863;0.9100000262260437;0.9169999957084656;384500;0.04945772949475377;3.745.029.911.994.930;0.06999999284744263;3.745.029.911.994.930
16/01/2024;0.9330000281333923;0.972000002861023;0.9010000228881836;0.9549999833106995;440800;-0.04300604914234014;41.126.641.240.119.900;0.07099997997283936;41.126.641.240.119.900
17/01/2024;0.8740000128746033;0.925000011920929;0.8640000224113464;0.9160000085830688;694400;-0.0653248406148302;6.069.056.089.401.240;0.06099998950958252;6.069.056.089.401.240
18/01/2024;0.8700000047683716;0.8960000276565552;0.8299999833106995;0.8899999856948853;787300;-0.0045871732566864255;684.951.003.754.139;0.06600004434585571;684.951.003.754.139
19/01/2024;0.8700000047683716;0.8989999890327454;0.8059999942779541;0.8600000143051147;726400;0.0;6.319.680.034.637.450;0.09299999475479126;6.319.680.034.637.450
22/01/2024;0.8500000238418579;0.8889999985694885;0.8149999976158142;0.8889999985694885;354500;-0.023256839595909927;30.132.500.845.193.800;0.07400000095367432;30.132.500.845.193.800
23/01/2024;0.8500000238418579;0.8650000095367432;0.8109999895095825;0.8450000286102295;364700;0.0;3.099.950.086.951.250;0.054000020027160645;3.099.950.086.951.250
24/01/2024;0.8100000023841858;0.8859999775886536;0.7919999957084656;0.8610000014305115;260200;-0.04820212692368263;21.076.200.062.036.500;0.09399998188018799;21.076.200.062.036.500
25/01/2024;0.7990000247955322;0.8500000238418579;0.7590000033378601;0.8009999990463257;503800;-0.013673273810442695;40.253.621.249.198.900;0.0910000205039978;40.253.621.249.198.900
26/01/2024;0.800000011920929;0.8769999742507935;0.7599999904632568;0.8100000023841858;257100;0.001250765769607292;20.568.000.306.487.000;0.11699998378753662;20.568.000.306.487.000
29/01/2024;0.8640000224113464;0.9300000071525574;0.800000011920929;0.8140000104904175;896200;0.07696105217402527;7.743.168.200.850.480;0.12999999523162842;7.743.168.200.850.480
30/01/2024;0.8700000047683716;0.8889999985694885;0.8299999833106995;0.8889999985694885;503500;0.006920422386402666;4.380.450.024.008.750;0.05900001525878906;4.380.450.024.008.750
31/01/2024;0.8399999737739563;0.890999972820282;0.8370000123977661;0.8500000238418579;575400;-0.03509135651363801;48.333.598.490.953.400;0.05399996042251587;48.333.598.490.953.400
1/02/2024;0.8289999961853027;0.9200000166893005;0.7609999775886536;0.8999999761581421;437400;-0.013181710082148147;3.626.045.983.314.510;0.15900003910064697;3.626.045.983.314.510
2/02/2024;0.8299999833106995;0.8690000176429749;0.7730000019073486;0.8109999895095825;306300;0.00120553014932223;25.422.899.488.806.700;0.09600001573562622;25.422.899.488.806.700
5/02/2024;0.8330000042915344;0.8569999933242798;0.7820000052452087;0.8209999799728394;237100;0.0036079666356924104;1.975.043.010.175.220;0.07499998807907104;1.975.043.010.175.220
6/02/2024;0.8650000095367432;0.8700000047683716;0.8320000171661377;0.8330000042915344;240600;0.03769587063827112;2.081.190.022.945.400;0.03799998760223389;2.081.190.022.945.400
7/02/2024;0.8700000047683716;0.8899999856948853;0.8270000219345093;0.8500000238418579;831600;0.005763699172500381;7.234.920.039.653.770;0.06299996376037598;7.234.920.039.653.770
8/02/2024;0.8610000014305115;0.8799999952316284;0.8379999995231628;0.8500000238418579;230300;-0.01039871104033194;1.982.883.003.294.460;0.041999995708465576;1.982.883.003.294.460
9/02/2024;0.8700000047683716;0.8859999775886536;0.8420000076293945;0.8500000238418579;812500;0.010398711040331842;7.068.750.038.743.010;0.04399996995925903;7.068.750.038.743.010
12/02/2024;0.8799999952316284;0.949999988079071;0.8510000109672546;0.8700000047683716;2939100;0.011428684924131866;2.586.407.985.985.270;0.0989999771118164;2.586.407.985.985.270
13/02/2024;0.9470000267028809;0.949999988079071;0.828000009059906;0.8640000224113464;789700;0.07337721932976965;747.845.921.087.265;0.12199997901916504;747.845.921.087.265
14/02/2024;0.9670000076293945;0.9750000238418579;0.9179999828338623;0.9589999914169312;1016700;0.020899381959633;9.831.489.077.568.050;0.057000041007995605;9.831.489.077.568.050
15/02/2024;10.299.999.713.897.700;10.499.999.523.162.800;0.949999988079071;0.972000002861023;1230300;0.0631155501037084;12.672.089.648.008.300;0.09999996423721313;12.672.089.648.008.300
16/02/2024;10.800.000.429.153.400;11.699.999.570.846.500;0.9990000128746033;1.059.999.942.779.540;2626500;0.04740230640793522;28.366.201.127.171.500;0.1709999442100525;28.366.201.127.171.500
20/02/2024;12.599.999.904.632.500;13.300.000.429.153.400;11.100.000.143.051.100;1.149.999.976.158.140;3477300;0.15415063252198535;4.381.397.966.837.880;0.2200000286102295;4.381.397.966.837.880
21/02/2024;12.200.000.286.102.200;12.999.999.523.162.800;11.399.999.856.948.800;12.799.999.713.897.700;2656100;-0.03226083119837008;32.404.420.759.916.300;0.15999996662139893;32.404.420.759.916.300
22/02/2024;1.159.999.966.621.390;1.25;11.200.000.047.683.700;12.400.000.095.367.400;893600;-0.050430905852555906;10.365.759.701.728.800;0.12999999523162842;10.365.759.701.728.800
23/02/2024;12.999.999.523.162.800;12.999.999.523.162.800;10.800.000.429.153.400;11.399.999.856.948.800;1391700;0.11394425144409225;18.092.099.336.385.700;0.21999990940093994;18.092.099.336.385.700
26/02/2024;12.699.999.809.265.100;13.450.000.286.102.200;12.300.000.190.734.800;12.999.999.523.162.800;1530900;-0.02334734233570233;19.442.429.708.003.900;0.11500000953674316;19.442.429.708.003.900
27/02/2024;12.300.000.190.734.800;13.300.000.429.153.400;12.000.000.476.837.100;12.799.999.713.897.700;854000;-0.03200270056078121;10.504.200.162.887.500;0.12999999523162842;10.504.200.162.887.500
28/02/2024;13.600.000.143.051.100;13.899.999.856.948.800;12.000.000.476.837.100;12.599.999.904.632.500;1692600;0.10047052537520176;2.301.936.024.212.830;0.18999993801116943;2.301.936.024.212.830
29/02/2024;1.409.999.966.621.390;1.5;13.600.000.143.051.100;1.399.999.976.158.140;2325300;0.036104970450882526;3.278.672.922.384.730;0.13999998569488525;3.278.672.922.384.730
1/03/2024;13.799.999.952.316.200;14.700.000.286.102.200;1.309.999.942.779.540;1.399.999.976.158.140;1760600;-0.021506185003538344;2.429.627.991.604.800;0.16000008583068848;2.429.627.991.604.800
4/03/2024;14.500.000.476.837.100;14.600.000.381.469.700;13.300.000.429.153.400;1.399.999.976.158.140;1066800;0.04948009360403224;1.546.860.050.868.980;0.12999999523162842;1.546.860.050.868.980
5/03/2024;14.500.000.476.837.100;1.475.000.023.841.850;13.700.000.047.683.700;1.409.999.966.621.390;1140100;0.0;16.531.450.543.642.000;0.10500001907348633;16.531.450.543.642.000
6/03/2024;15.099.999.904.632.500;15.499.999.523.162.800;14.299.999.475.479.100;14.500.000.476.837.100;1421300;0.04054605519330522;2.146.162.986.445.420;0.12000000476837158;2.146.162.986.445.420
7/03/2024;13.899.999.856.948.800;1.600.000.023.841.850;13.899.999.856.948.800;15.099.999.904.632.500;1072300;-0.08280590765995817;14.904.969.846.606.200;0.21000003814697266;14.904.969.846.606.200
8/03/2024;13.799.999.952.316.200;14.700.000.286.102.200;13.600.000.143.051.100;14.500.000.476.837.100;1074100;-0.007220241137379281;1.482.257.994.878.290;0.11000001430511475;1.482.257.994.878.290
11/03/2024;1.340.000.033.378.600;1.409.999.966.621.390;13.200.000.524.520.800;1.350.000.023.841.850;4694000;-0.029413856841548097;6.289.960.156.679.150;0.08999991416931152;6.289.960.156.679.150
12/03/2024;1.399.999.976.158.140;14.500.000.476.837.100;1.340.000.033.378.600;13.899.999.856.948.800;986400;0.04380258071909079;13.809.599.764.823.900;0.11000001430511475;13.809.599.764.823.900
13/03/2024;14.299.999.475.479.100;1.559.999.942.779.540;13.899.999.856.948.800;14.500.000.476.837.100;1426500;0.021202188000719626;20.398.949.251.770.900;0.16999995708465576;20.398.949.251.770.900
14/03/2024;1.399.999.976.158.140;14.800.000.190.734.800;13.799.999.952.316.200;14.500.000.476.837.100;720700;-0.021202188000719557;1.008.979.982.817.170;0.10000002384185791;1.008.979.982.817.170
15/03/2024;14.600.000.381.469.700;1.5;14.179.999.828.338.600;14.199.999.570.846.500;1542800;0.04196424225699396;22.524.880.588.531.400;0.0820000171661377;22.524.880.588.531.400
18/03/2024;13.799.999.952.316.200;14.500.000.476.837.100;12.699.999.809.265.100;14.500.000.476.837.100;1581000;-0.056352966134536595;21.817.799.924.612.000;0.18000006675720215;21.817.799.924.612.000
19/03/2024;13.899.999.856.948.800;1.440.000.057.220.450;1.340.000.033.378.600;1.340.000.033.378.600;1048500;0.007220241137379365;14.574.149.850.010.800;0.10000002384185791;14.574.149.850.010.800
20/03/2024;1.350.000.023.841.850;1.375;12.899.999.618.530.200;13.700.000.047.683.700;1276300;-0.02919912674017744;17.230.050.304.293.600;0.08500003814697266;17.230.050.304.293.600
21/03/2024;13.200.000.524.520.800;13.700.000.047.683.700;1.315.000.057.220.450;1.340.000.033.378.600;797100;-0.022472833776264838;10.521.720.418.095.500;0.0549999475479126;10.521.720.418.095.500
22/03/2024;1.350.000.023.841.850;1.399.999.976.158.140;1.309.999.942.779.540;1.350.000.023.841.850;1088800;0.02247283377626483;1.469.880.025.959.010;0.09000003337860107;1.469.880.025.959.010
25/03/2024;1.309.999.942.779.540;13.600.000.143.051.100;1.309.999.942.779.540;13.300.000.429.153.400;920500;-0.03007751657765391;12.058.549.473.285.600;0.05000007152557373;12.058.549.473.285.600
26/03/2024;12.300.000.190.734.800;13.070.000.410.079.900;12.300.000.190.734.800;12.899.999.618.530.200;1604700;-0.06301290864209409;19.737.810.306.072.200;0.07700002193450928;19.737.810.306.072.200
27/03/2024;11.699.999.570.846.500;12.300.000.190.734.800;11.100.000.143.051.100;12.300.000.190.734.800;2222200;-0.050010472761342815;2.599.973.904.633.520;0.12000000476837158;2.599.973.904.633.520
28/03/2024;11.799.999.475.479.100;1.215.000.033.378.600;1.149.999.976.158.140;12.000.000.476.837.100;1068300;0.008510681896768206;1.260.593.943.965.430;0.06500005722045898;1.260.593.943.965.430
1/04/2024;12.699.999.809.265.100;12.799.999.713.897.700;11.100.000.143.051.100;11.799.999.475.479.100;1479700;0.07350249142535568;18.792.189.717.769.600;0.16999995708465576;18.792.189.717.769.600
2/04/2024;1.149.999.976.158.140;1.25;11.399.999.856.948.800;12.200.000.286.102.200;1248600;-0.09925496380889855;14.358.899.702.310.500;0.11000001430511475;14.358.899.702.310.500
3/04/2024;11.100.000.143.051.100;1.149.999.976.158.140;10.800.000.429.153.400;1.149.999.976.158.140;2932700;-0.035401893431374704;325.529.704.195.261;0.06999993324279785;325.529.704.195.261
4/04/2024;10.700.000.524.520.800;1.159.999.966.621.390;10.700.000.524.520.800;11.299.999.952.316.200;3480800;-0.03670133071727745;3.724.456.182.575.220;0.08999991416931152;3.724.456.182.575.220
5/04/2024;10.299.999.713.897.700;11.200.000.047.683.700;10.299.999.713.897.700;1.100.000.023.841.850;1661100;-0.038099923029833914;17.109.329.524.755.400;0.09000003337860107;17.109.329.524.755.400
8/04/2024;10.800.000.429.153.400;10.800.000.429.153.400;1.0;10.499.999.523.162.800;942600;0.04740230640793522;10.180.080.404.520.000;0.08000004291534424;10.180.080.404.520.000
9/04/2024;1.0;1.100.000.023.841.850;0.9800000190734863;1.100.000.023.841.850;3137400;-0.07696108087255733;3137400.0;0.12000000476837158;3137400.0
10/04/2024;1.0;10.199.999.809.265.100;0.9599999785423279;0.9900000095367432;741700;0.0;741700.0;0.06000000238418579;741700.0
11/04/2024;0.9679999947547913;10.080.000.162.124.600;0.949999988079071;0.9900000095367432;1579700;-0.03252319712416412;15.291.495.917.141.400;0.058000028133392334;15.291.495.917.141.400
12/04/2024;0.8949999809265137;0.9940000176429749;0.8799999952316284;0.953000009059906;1377400;-0.07840838489427575;123.277.297.372.818;0.11400002241134644;123.277.297.372.818
15/04/2024;0.8579999804496765;0.9020000100135803;0.8299999833106995;0.8999999761581421;915600;-0.04221962026165998;7.855.847.820.997.230;0.07200002670288086;7.855.847.820.997.230
16/04/2024;0.8209999799728394;0.8669999837875366;0.8080000281333923;0.8299999833106995;771100;-0.044080991643227645;6.330.730.845.570.560;0.05899995565414429;6.330.730.845.570.560
17/04/2024;0.8199999928474426;0.8560000061988831;0.800000011920929;0.8289999961853027;936600;-0.001218753523141785;7.680.119.933.009.140;0.0559999942779541;7.680.119.933.009.140
18/04/2024;0.8059999942779541;0.859000027179718;0.7900000214576721;0.8199999928474426;768300;-0.017220596128352125;6.192.497.956.037.520;0.0690000057220459;6.192.497.956.037.520
19/04/2024;0.7839999794960022;0.8500000238418579;0.7689999938011169;0.800000011920929;668600;-0.027674741209966696;52.418.238.629.102.700;0.08100003004074097;52.418.238.629.102.700
22/04/2024;0.7429999709129333;0.8299999833106995;0.7149999737739563;0.7979999780654907;1300500;-0.05371298862772881;9.662.714.621.722.690;0.11500000953674316;9.662.714.621.722.690
23/04/2024;0.7379999756813049;0.7979999780654907;0.7170000076293945;0.75;1208900;-0.006752213921309598;8.921.681.706.011.290;0.08099997043609619;8.921.681.706.011.290
24/04/2024;0.7080000042915344;0.7789999842643738;0.675000011920929;0.7519999742507935;798600;-0.04149969189310155;5.654.088.034.272.190;0.10399997234344482;5.654.088.034.272.190
25/04/2024;0.6700000166893005;0.6930000185966492;0.6330000162124634;0.6930000185966492;2484500;-0.05516636246079388;16.646.150.414.645.600;0.06000000238418579;16.646.150.414.645.600
26/04/2024;0.6679999828338623;0.7099999785423279;0.652999997138977;0.6880000233650208;2084400;-0.002989589455580787;13.923.791.642.189.000;0.05699998140335083;13.923.791.642.189.000
29/04/2024;0.6959999799728394;0.7269999980926514;0.6549999713897705;0.6639999747276306;1252700;0.04106148372092874;8.718.791.749.119.750;0.07200002670288086;8.718.791.749.119.750
30/04/2024;0.7099999785423279;0.7480000257492065;0.6539999842643738;0.7350000143051147;1115000;0.019915308253524003;7.916.499.760.746.950;0.09400004148483276;7.916.499.760.746.950
1/05/2024;0.7080000042915344;0.75;0.6899999976158142;0.7099999785423279;1045800;-0.0028208400580781996;7.404.264.044.880.860;0.06000000238418579;7.404.264.044.880.860
2/05/2024;0.7710000276565552;0.7710000276565552;0.6919999718666077;0.7059999704360962;1152500;0.08524430967913814;8.885.775.318.741.790;0.07900005578994751;8.885.775.318.741.790
3/05/2024;0.7400000095367432;0.8050000071525574;0.6899999976158142;0.7879999876022339;4329600;-0.04103821034864114;3.203.904.041.290.280;0.11500000953674316;3.203.904.041.290.280
6/05/2024;0.781000018119812;0.8040000200271606;0.7170000076293945;0.75;8510600;0.053924973954763214;6.646.778.754.210.470;0.08700001239776611;6.646.778.754.210.470
7/05/2024;0.7319999933242798;0.7850000262260437;0.7229999899864197;0.7820000052452087;2115500;-0.06479466819899415;1.548.545.985.877.510;0.06200003623962402;1.548.545.985.877.510
8/05/2024;0.7549999952316284;0.8080000281333923;0.7329999804496765;0.7689999938011169;4245900;0.03093723809182556;3.205.654.479.753.970;0.07500004768371582;3.205.654.479.753.970
9/05/2024;0.7459999918937683;0.7649999856948853;0.7210000157356262;0.7630000114440918;1682700;-0.011992153595802267;1.255.294.186.359.640;0.04399996995925903;1.255.294.186.359.640
10/05/2024;0.7419999837875366;0.7570000290870667;0.7300000190734863;0.75;1050000;-0.00537636801979941;7.790.999.829.769.130;0.027000010013580322;7.790.999.829.769.130
13/05/2024;0.7200000286102295;0.7490000128746033;0.7129999995231628;0.7400000095367432;1362900;-0.030097969571169007;9.812.880.389.928.810;0.03600001335144043;9.812.880.389.928.810
14/05/2024;0.7329999804496765;0.75;0.7099999785423279;0.722000002861023;2608300;0.017894423468465596;19.118.838.490.068.900;0.04000002145767212;19.118.838.490.068.900
15/05/2024;0.7419999837875366;0.7599999904632568;0.7139999866485596;0.7490000128746033;1988600;0.012203546102703489;14.755.411.677.598.900;0.046000003814697266;14.755.411.677.598.900
16/05/2024;0.7300000190734863;0.7519999742507935;0.7250000238418579;0.7440000176429749;1211200;-0.016304661047199208;8.841.760.231.018.060;0.026999950408935547;8.841.760.231.018.060
17/05/2024;0.6940000057220459;0.7450000047683716;0.6899999976158142;0.7400000095367432;972300;-0.050572591518672556;6.747.762.055.635.450;0.05500000715255737;6.747.762.055.635.450
20/05/2024;0.6830000281333923;0.7260000109672546;0.6600000262260437;0.7099999785423279;944600;-0.015977067990127013;6.451.618.265.748.020;0.06599998474121094;6.451.618.265.748.020
21/05/2024;0.6700000166893005;0.7099999785423279;0.6650000214576721;0.6869999766349792;1119200;-0.0192171634672852;7.498.640.186.786.650;0.04499995708465576;7.498.640.186.786.650
22/05/2024;0.6389999985694885;0.6899999976158142;0.6299999952316284;0.6850000023841858;1493900;-0.04737328515555249;9.546.020.978.629.580;0.06000000238418579;9.546.020.978.629.580
23/05/2024;0.6370000243186951;0.652999997138977;0.621999979019165;0.6399999856948853;1022800;-0.003134758389784784;6.515.236.248.731.610;0.03100001811981201;6.515.236.248.731.610
24/05/2024;0.6200000047683716;0.6499999761581421;0.6010000109672546;0.6399999856948853;1344900;-0.027050208019018866;8.338.380.064.129.820;0.04899996519088745;8.338.380.064.129.820
28/05/2024;0.5950000286102295;0.6349999904632568;0.5899999737739563;0.6209999918937683;1647300;-0.04115803210001123;980.143.547.129.631;0.04500001668930054;980.143.547.129.631
29/05/2024;0.5839999914169312;0.6000000238418579;0.5649999976158142;0.5910000205039978;1129400;-0.018660485498856693;659.569.590.306.282;0.0350000262260437;659.569.590.306.282
30/05/2024;0.5789999961853027;0.6000000238418579;0.5709999799728394;0.5899999737739563;530500;-0.008598497146619683;3.071.594.979.763.030;0.029000043869018555;3.071.594.979.763.030
31/05/2024;0.5899999737739563;0.6079999804496765;0.5720000267028809;0.5720000267028809;865700;0.018820021464271055;51.076.297.729.611.300;0.035999953746795654;51.076.297.729.611.300
3/06/2024;0.5809999704360962;0.6200000047683716;0.574999988079071;0.6039999723434448;829300;-0.015371786481448761;4.818.232.754.826.540;0.04500001668930054;4.818.232.754.826.540
4/06/2024;0.5550000071525574;0.6000000238418579;0.550000011920929;0.5799999833106995;1018800;-0.04578257933346868;5.654.340.072.870.250;0.050000011920928955;5.654.340.072.870.250
5/06/2024;0.5730000138282776;0.5839999914169312;0.5550000071525574;0.5649999976158142;862300;0.0319176142139338;49.409.791.192.412.300;0.02899998426437378;49.409.791.192.412.300
6/06/2024;0.6000000238418579;0.6269999742507935;0.5699999928474426;0.5759999752044678;1126100;0.04604395410471648;6.756.600.268.483.160;0.05699998140335083;6.756.600.268.483.160
7/06/2024;0.5479999780654907;0.6299999952316284;0.5410000085830688;0.6000000238418579;1100700;-0.09065444803103748;6.031.835.758.566.850;0.08899998664855957;6.031.835.758.566.850
10/06/2024;0.5149999856948853;0.5820000171661377;0.49900001287460327;0.5699999928474426;2199400;-0.062108374034723995;11.326.909.685.373.300;0.08300000429153442;11.326.909.685.373.300
11/06/2024;0.5099999904632568;0.5299999713897705;0.5080000162124634;0.5199999809265137;1825600;-0.009756165867939072;9.310.559.825.897.210;0.02199995517730713;9.310.559.825.897.210
12/06/2024;0.5199999809265137;0.5550000071525574;0.5149999856948853;0.5210000276565552;1154000;0.019418067876816054;6.000.799.779.891.960;0.04000002145767212;6.000.799.779.891.960
13/06/2024;0.5170000195503235;0.5299999713897705;0.5099999904632568;0.5289999842643738;945400;-0.005785862572323459;4.887.718.184.828.750;0.019999980926513672;4.887.718.184.828.750
14/06/2024;0.5199999809265137;0.5299999713897705;0.5130000114440918;0.5239999890327454;731800;0.005785862572323406;3.805.359.860.420.220;0.01699995994567871;3.805.359.860.420.220
17/06/2024;0.5199999809265137;0.6449999809265137;0.5199999809265137;0.531000018119812;15763300;0.0;8.196.915.699.338.910;0.125;8.196.915.699.338.910
18/06/2024;0.5419999957084656;0.6000000238418579;0.531000018119812;0.5910000205039978;4436100;0.04143721862599494;2.404.366.180.962.320;0.0690000057220459;2.404.366.180.962.320
20/06/2024;0.5690000057220459;0.5799999833106995;0.550000011920929;0.5519999861717224;916600;0.04861445066096454;52.154.540.524.482.700;0.029999971389770508;52.154.540.524.482.700
21/06/2024;0.6499999761581421;0.7229999899864197;0.5950000286102295;0.6000000238418579;11632400;0.13309188202725017;7.561.059.722.661.970;0.12799996137619019;7.561.059.722.661.970
24/06/2024;0.8259999752044678;0.8420000076293945;0.6610000133514404;0.6610000133514404;4684100;0.23962241729227268;38.690.664.838.552.400;0.1809999942779541;38.690.664.838.552.400
25/06/2024;10.099.999.904.632.500;1.090.000.033.378.600;0.8799999952316284;0.9200000166893005;15381900;0.20111085689081168;1.553.571.885.330.670;0.21000003814697266;1.553.571.885.330.670
26/06/2024;0.9390000104904175;10.199.999.809.265.100;0.8629999756813049;0.9950000047683716;4266700;-0.07289011001281863;40.064.313.447.594.600;0.15700000524520874;40.064.313.447.594.600
27/06/2024;0.9520000219345093;1.059.000.015.258.780;0.871999979019165;0.9200000166893005;2531800;0.01374956745164942;24.102.736.555.337.900;0.18700003623962402;24.102.736.555.337.900
28/06/2024;0.9010000228881836;0.9639999866485596;0.8899999856948853;0.9440000057220459;1309900;-0.055059774820388964;11.802.199.299.812.300;0.07400000095367432;11.802.199.299.812.300
1/07/2024;0.9480000138282776;0.9509999752044678;0.8899999856948853;0.9089999794960022;1202500;0.05084923383038546;11.399.700.166.285.000;0.06099998950958252;11.399.700.166.285.000
2/07/2024;0.9599999785423279;10.199.999.809.265.100;0.9240000247955322;0.949999988079071;1648100;0.012578745268327425;15.821.759.646.356.100;0.09599995613098145;15.821.759.646.356.100
3/07/2024;10.299.999.713.897.700;10.299.999.713.897.700;0.9139999747276306;0.9900000095367432;1368000;0.07038079133661933;1.409.039.960.861.200;0.11599999666213989;1.409.039.960.861.200
5/07/2024;10.800.000.429.153.400;10.800.000.429.153.400;1.0;1.0;1587500;0.04740230640793522;1.714.500.068.128.100;0.08000004291534424;1.714.500.068.128.100
8/07/2024;1.159.999.966.621.390;1.159.999.966.621.390;10.429.999.828.338.600;10.800.000.429.153.400;1785600;0.07145889547105935;207.129.594.039.917;0.11699998378753662;207.129.594.039.917
9/07/2024;12.000.000.476.837.100;12.000.000.476.837.100;1.100.000.023.841.850;11.699.999.570.846.500;2242700;0.03390162018676702;26.912.401.069.402.600;0.10000002384185791;26.912.401.069.402.600
10/07/2024;11.699.999.570.846.500;12.899.999.618.530.200;11.299.999.952.316.200;12.000.000.476.837.100;2554700;-0.025317884400500992;298.899.889.036.417;0.15999996662139893;298.899.889.036.417
11/07/2024;12.300.000.190.734.800;13.700.000.047.683.700;11.549.999.713.897.700;1.190.000.057.220.450;3215000;0.05001047276134278;39.544.500.613.212.500;0.21500003337860107;39.544.500.613.212.500
12/07/2024;11.699.999.570.846.500;13.250.000.476.837.100;1.159.999.966.621.390;12.899.999.618.530.200;1633600;-0.050010472761342815;19.113.119.298.934.900;0.1650000810623169;19.113.119.298.934.900
15/07/2024;11.799.999.475.479.100;12.100.000.381.469.700;11.180.000.305.175.700;12.100.000.381.469.700;1924100;0.008510681896768206;22.704.378.990.769.300;0.09200000762939453;22.704.378.990.769.300
16/07/2024;1.25;13.300.000.429.153.400;1.184.999.942.779.540;1.190.000.057.220.450;4316300;0.05762915728755898;5395375.0;0.14500010013580322;5395375.0
17/07/2024;1.090.000.033.378.600;13.200.000.524.520.800;10.750.000.476.837.100;12.699.999.809.265.100;2708900;-0.13696582445058805;29.527.010.904.192.900;0.24500000476837158;29.527.010.904.192.900
18/07/2024;10.499.999.523.162.800;1.190.000.057.220.450;10.299.999.713.897.700;10.700.000.524.520.800;1543600;-0.037387608107253376;16.207.799.263.954.100;0.16000008583068848;16.207.799.263.954.100
19/07/2024;10.299.999.713.897.700;10.800.000.429.153.400;10.199.999.809.265.100;10.299.999.713.897.700;787800;-0.019231344291746142;8.114.339.774.608.610;0.060000061988830566;8.114.339.774.608.610
22/07/2024;1.059.999.942.779.540;10.800.000.429.153.400;10.199.999.809.265.100;10.199.999.809.265.100;531100;0.028710079677787145;5.629.659.696.102.140;0.060000061988830566;5.629.659.696.102.140
23/07/2024;10.700.000.524.520.800;1.090.000.033.378.600;10.199.999.809.265.100;10.399.999.618.530.200;424400;0.009389843352046751;4.541.080.222.606.650;0.0700000524520874;4.541.080.222.606.650
24/07/2024;10.700.000.524.520.800;1.149.999.976.158.140;10.499.999.523.162.800;1.059.999.942.779.540;808300;0.0;8.648.810.423.970.220;0.10000002384185791;8.648.810.423.970.220
25/07/2024;1.090.000.033.378.600;11.399.999.856.948.800;1.059.999.942.779.540;1.059.999.942.779.540;467000;0.018519029369165677;5.090.300.155.878.060;0.08000004291534424;5.090.300.155.878.060
26/07/2024;11.200.000.047.683.700;11.399.999.856.948.800;10.700.000.524.520.800;1.090.000.033.378.600;703800;0.027150962700856145;7.882.560.033.559.790;0.06999993324279785;7.882.560.033.559.790
29/07/2024;10.199.999.809.265.100;11.200.000.047.683.700;1.0;11.200.000.047.683.700;1325500;-0.09352608096779468;13.520.099.747.180.900;0.12000000476837158;13.520.099.747.180.900
30/07/2024;0.9449999928474426;10.700.000.524.520.800;0.9039999842643738;10.299.999.713.897.700;2117600;-0.07637296765392128;20.011.319.848.537.400;0.16600006818771362;20.011.319.848.537.400
31/07/2024;0.902999997138977;0.9980000257492065;0.8999999761581421;0.9599999785423279;965900;-0.04546236967626674;8.722.076.972.365.370;0.09800004959106445;8.722.076.972.365.370
1/08/2024;0.8799999952316284;0.9800000190734863;0.8700000047683716;0.9120000004768372;2269400;-0.025800648194984108;19.970.719.891.786.500;0.11000001430511475;19.970.719.891.786.500
2/08/2024;0.8920000195503235;0.9710000157356262;0.8399999737739563;0.8700000047683716;1111100;0.01354425244376398;9.911.012.217.223.640;0.13100004196166992;9.911.012.217.223.640
5/08/2024;0.7900000214576721;0.847000002861023;0.7670000195503235;0.8100000023841858;2013100;-0.1214331818747351;15.903.490.431.964.300;0.07999998331069946;15.903.490.431.964.300
6/08/2024;0.8330000042915344;0.9269999861717224;0.8140000104904175;0.8500000238418579;1322700;0.05300067469606766;11.018.091.056.764.100;0.11299997568130493;11.018.091.056.764.100
7/08/2024;0.8119999766349792;0.8970000147819519;0.8090000152587891;0.8450000286102295;551400;-0.025533335931723328;44.773.678.711.652.700;0.08799999952316284;44.773.678.711.652.700
8/08/2024;0.8169999718666077;0.8399999737739563;0.7799999713897705;0.8199999928474426;506800;0.006138749037984158;41.405.558.574.199.600;0.06000000238418579;41.405.558.574.199.600
9/08/2024;0.7910000085830688;0.8970000147819519;0.7910000085830688;0.8500000238418579;592800;-0.03234108180644293;4.689.048.050.880.430;0.10600000619888306;4.689.048.050.880.430
12/08/2024;0.7950000166893005;0.8489999771118164;0.7799999713897705;0.800000011920929;598200;0.005044157028599867;4.755.690.099.835.390;0.0690000057220459;4.755.690.099.835.390
13/08/2024;0.824999988079071;0.8899999856948853;0.8109999895095825;0.8259999752044678;665700;0.03704123623790748;5.492.024.920.642.370;0.07899999618530273;5.492.024.920.642.370
14/08/2024;0.8270000219345093;0.8600000143051147;0.7850000262260437;0.8489999771118164;884500;0.002421349661606748;7.314.815.194.010.730;0.07499998807907104;7.314.815.194.010.730
15/08/2024;0.824999988079071;0.8740000128746033;0.8199999928474426;0.8309999704360962;688000;-0.0024213496616067158;5.675.999.917.984.000;0.054000020027160645;5.675.999.917.984.000
16/08/2024;0.8500000238418579;0.8600000143051147;0.8090000152587891;0.8180000185966492;554000;0.029853005648536365;4.709.000.132.083.890;0.050999999046325684;4.709.000.132.083.890
19/08/2024;0.9330000281333923;0.9350000023841858;0.8450000286102295;0.8600000143051147;1574500;0.09316885346742663;14.690.085.442.960.200;0.0899999737739563;14.690.085.442.960.200
20/08/2024;0.9300000071525574;0.9300000071525574;0.8799999952316284;0.9129999876022339;508200;-0.0032206371628093933;47.262.600.363.492.900;0.050000011920928955;47.262.600.363.492.900
21/08/2024;0.9399999976158142;0.9700000286102295;0.8949999809265137;0.9120000004768372;746000;0.010695278889458152;7.012.399.982.213.970;0.07500004768371582;7.012.399.982.213.970
22/08/2024;0.890999972820282;0.949999988079071;0.8700000047683716;0.9300000071525574;635000;-0.05353547576160686;5.657.849.827.408.790;0.07999998331069946;5.657.849.827.408.790
23/08/2024;0.9089999794960022;0.9279999732971191;0.8709999918937683;0.8960000276565552;477400;0.020000674654750528;43.395.659.021.139.100;0.05699998140335083;43.395.659.021.139.100
26/08/2024;0.9240000247955322;0.953000009059906;0.8939999938011169;0.8939999938011169;804300;0.016367026855850005;7.431.732.199.430.460;0.05900001525878906;7.431.732.199.430.460
27/08/2024;0.9139999747276306;0.9449999928474426;0.8899999856948853;0.9359999895095825;558700;-0.010881554672820546;5.106.517.858.803.270;0.05500000715255737;5.106.517.858.803.270
28/08/2024;0.8820000290870667;0.925000011920929;0.8619999885559082;0.9139999747276306;663200;-0.035638454818530486;5.849.424.192.905.420;0.06300002336502075;5.849.424.192.905.420
29/08/2024;0.8610000014305115;0.9089999794960022;0.8220000267028809;0.8899999856948853;1018600;-0.02409758289614003;877.014.601.457.119;0.08699995279312134;877.014.601.457.119
30/08/2024;0.878000020980835;0.8899999856948853;0.8299999833106995;0.878000020980835;591400;0.019552111442099413;5.192.492.124.080.650;0.06000000238418579;5.192.492.124.080.650
3/09/2024;0.8669999837875366;0.9300000071525574;0.8460000157356262;0.8460000157356262;1240100;-0.012607659450238505;10.751.666.798.949.200;0.08399999141693115;10.751.666.798.949.200
4/09/2024;0.859000027179718;0.8930000066757202;0.8399999737739563;0.8930000066757202;630600;-0.009270004455675131;5.416.854.171.395.300;0.053000032901763916;5.416.854.171.395.300
5/09/2024;0.9610000252723694;0.9700000286102295;0.8299999833106995;0.8619999885559082;2095800;0.11220548164291307;20.140.638.529.658.300;0.14000004529953003;20.140.638.529.658.300
6/09/2024;0.9100000262260437;0.9750000238418579;0.8730000257492065;0.9700000286102295;768800;-0.054529806937559676;6.996.080.201.625.820;0.10199999809265137;6.996.080.201.625.820
9/09/2024;0.9300000071525574;0.9750000238418579;0.8999999761581421;0.9229999780654907;540500;0.021739965507499983;50.266.500.386.595.700;0.07500004768371582;50.266.500.386.595.700
10/09/2024;0.9210000038146973;0.9459999799728394;0.8899999856948853;0.9200000166893005;428700;-0.009724553441008716;3.948.327.016.353.600;0.0559999942779541;3.948.327.016.353.600
11/09/2024;0.8899999856948853;0.9399999976158142;0.8799999952316284;0.9100000262260437;535100;-0.03423859374419206;4.762.389.923.453.330;0.06000000238418579;4.762.389.923.453.330
12/09/2024;0.8799999952316284;0.9100000262260437;0.8519999980926514;0.8830000162124634;1505400;-0.011299544599374644;13.247.519.928.216.900;0.058000028133392334;13.247.519.928.216.900
13/09/2024;0.9210000038146973;0.9300000071525574;0.8600000143051147;0.8799999952316284;611700;0.045538138343566695;5.633.757.023.334.500;0.06999999284744263;5.633.757.023.334.500
16/09/2024;0.9100000262260437;0.9449999928474426;0.8809999823570251;0.9449999928474426;630700;-0.012015412066491236;5.739.370.165.407.650;0.06400001049041748;5.739.370.165.407.650
17/09/2024;0.8989999890327454;0.9399999976158142;0.8899999856948853;0.9179999828338623;598600;-0.01216160605849674;5.381.413.934.350.010;0.050000011920928955;5.381.413.934.350.010
18/09/2024;0.9110000133514404;0.9700000286102295;0.8709999918937683;0.8999999761581421;842900;0.013259889643538615;7.678.819.112.539.290;0.09900003671646118;7.678.819.112.539.290
19/09/2024;0.9599999785423279;0.9779999852180481;0.9010000228881836;0.9399999976158142;642700;0.05239035019437443;6.169.919.862.091.540;0.0769999623298645;6.169.919.862.091.540
20/09/2024;10.499.999.523.162.800;10.700.000.524.520.800;0.9340000152587891;0.9589999914169312;2393900;0.08961213562836542;25.135.948.858.499.500;0.13600003719329834;25.135.948.858.499.500
23/09/2024;1.0;11.100.000.143.051.100;0.9800000190734863;11.100.000.143.051.100;1557000;-0.04879011875636827;1557000.0;0.12999999523162842;1557000.0
24/09/2024;0.9940000176429749;10.299.999.713.897.700;0.9850000143051147;0.9900000095367432;563500;-0.00601805457609149;5.601.190.099.418.160;0.04499995708465576;5.601.190.099.418.160
25/09/2024;0.9829999804496765;10.199.999.809.265.100;0.9800000190734863;1.0;556000;-0.011128124147305934;5.465.479.891.300.200;0.039999961853027344;5.465.479.891.300.200
26/09/2024;0.9520000219345093;0.9900000095367432;0.9390000104904175;0.9800000190734863;799400;-0.03204404242692368;7.610.288.175.344.460;0.050999999046325684;7.610.288.175.344.460
27/09/2024;0.9599999785423279;0.9990000128746033;0.9390000104904175;0.949999988079071;871800;0.00836820427832388;8.369.279.812.932.010;0.06000000238418579;8.369.279.812.932.010
30/09/2024;0.9860000014305115;1.0;0.9750000238418579;0.9760000109672546;544900;0.026723093943318444;5.372.714.007.794.850;0.02499997615814209;5.372.714.007.794.850
1/10/2024;10.499.999.523.162.800;1.059.999.942.779.540;0.9599999785423279;0.972000002861023;2194300;0.06288904168504683;23.040.148.953.676.200;0.09999996423721313;23.040.148.953.676.200
2/10/2024;10.499.999.523.162.800;10.700.000.524.520.800;1.0;10.499.999.523.162.800;484900;0.0;5.091.449.768.781.660;0.0700000524520874;5.091.449.768.781.660
3/10/2024;10.099.999.904.632.500;10.399.999.618.530.200;0.9800000190734863;10.299.999.713.897.700;2111300;-0.03883979734552017;2.132.412.979.865.070;0.059999942779541016;2.132.412.979.865.070
4/10/2024;10.700.000.524.520.800;1.090.000.033.378.600;1.0;10.199.999.809.265.100;1376100;0.05770837608360787;14.724.270.721.793.100;0.09000003337860107;14.724.270.721.793.100
7/10/2024;10.499.999.523.162.800;10.700.000.524.520.800;10.399.999.618.530.200;10.499.999.523.162.800;414600;-0.018868578738087744;4.353.299.802.303.310;0.03000009059906006;4.353.299.802.303.310
8/10/2024;10.199.999.809.265.100;1.059.999.942.779.540;10.099.999.904.632.500;10.499.999.523.162.800;604100;-0.028987510159685204;6.161.819.884.777.060;0.04999995231628418;6.161.819.884.777.060
9/10/2024;10.099.999.904.632.500;10.490.000.247.955.300;0.9760000109672546;10.299.999.713.897.700;880500;-0.009852287185835048;8.893.049.916.028.970;0.07300001382827759;8.893.049.916.028.970
10/10/2024;0.984000027179718;10.099.999.904.632.500;0.972000002861023;10.099.999.904.632.500;296900;-0.02607967571906738;2.921.496.080.696.580;0.03799998760223389;2.921.496.080.696.580
11/10/2024;0.9649999737739563;0.984000027179718;0.9300000071525574;0.9789999723434448;745100;-0.019497850512179497;7.190.214.804.589.740;0.054000020027160645;7.190.214.804.589.740
14/10/2024;0.9419999718666077;0.9800000190734863;0.9390000104904175;0.949999988079071;669700;-0.024122829450972542;6.308.573.811.590.670;0.04100000858306885;6.308.573.811.590.670
15/10/2024;0.9679999947547913;0.9800000190734863;0.9399999976158142;0.9399999976158142;446700;0.027226837147207215;43.240.559.765.696.500;0.04000002145767212;43.240.559.765.696.500
16/10/2024;0.9700000286102295;0.9800000190734863;0.9539999961853027;0.9700000286102295;429700;0.0020640191345371196;4.168.090.122.938.150;0.026000022888183594;4.168.090.122.938.150
17/10/2024;0.9629999995231628;0.9800000190734863;0.9539999961853027;0.9599999785423279;268300;-0.007242689689542415;2.583.728.998.720.640;0.026000022888183594;2.583.728.998.720.640
18/10/2024;0.9620000123977661;0.9829999804496765;0.9399999976158142;0.9559999704360962;834400;-0.001038947749770404;802.692.810.344.696;0.042999982833862305;802.692.810.344.696
21/10/2024;0.9210000038146973;0.9700000286102295;0.9100000262260437;0.949999988079071;901300;-0.04355442315598236;8.300.973.034.381.860;0.06000000238418579;8.300.973.034.381.860
22/10/2024;0.8899999856948853;0.9269999861717224;0.8600000143051147;0.9100000262260437;953600;-0.03423859374419206;8.487.039.863.586.420;0.06699997186660767;8.487.039.863.586.420
23/10/2024;0.8889999985694885;0.9100000262260437;0.8510000109672546;0.8999999761581421;986900;-0.0011242127482424004;8.773.540.985.882.280;0.05900001525878906;8.773.540.985.882.280
24/10/2024;0.8999999761581421;0.9100000262260437;0.8740000128746033;0.8889999985694885;596500;0.012297502928576873;5.368.499.857.783.310;0.03600001335144043;5.368.499.857.783.310
25/10/2024;0.9409999847412109;0.9629999995231628;0.8709999918937683;0.9100000262260437;531500;0.044548386536518624;5.001.414.918.899.530;0.09200000762939453;5.001.414.918.899.530
28/10/2024;0.9169999957084656;0.9620000123977661;0.890999972820282;0.9419999718666077;634000;-0.025835655793383004;5.813.779.972.791.670;0.07100003957748413;5.813.779.972.791.670
29/10/2024;0.9139999747276306;0.9399999976158142;0.8989999890327454;0.9399999976158142;273600;-0.0032769237726378714;25.007.039.308.547.900;0.04100000858306885;25.007.039.308.547.900
30/10/2024;0.8960000276565552;0.9330000281333923;0.8799999952316284;0.9089999794960022;735700;-0.019890099962233877;6.591.872.203.469.270;0.053000032901763916;6.591.872.203.469.270
31/10/2024;0.878000020980835;0.9200000166893005;0.8700000047683716;0.8999999761581421;602300;-0.020293826310337274;5.288.194.126.367.560;0.050000011920928955;5.288.194.126.367.560
1/11/2024;0.8740000128746033;0.902999997138977;0.8669999837875366;0.878000020980835;594900;-0.004566227145081038;5.199.426.076.591.010;0.03600001335144043;5.199.426.076.591.010
4/11/2024;0.8859999775886536;0.8989999890327454;0.7789999842643738;0.8700000047683716;1518500;0.013636534923904558;13.453.909.659.683.700;0.12000000476837158;13.453.909.659.683.700
5/11/2024;0.878000020980835;0.8980000019073486;0.8600000143051147;0.8980000019073486;567100;-0.009070307778823433;4.979.138.118.982.310;0.03799998760223389;4.979.138.118.982.310
6/11/2024;0.8870000243186951;0.9100000262260437;0.8650000095367432;0.9100000262260437;371400;0.010198392195087938;32.943.180.903.196.300;0.04500001668930054;32.943.180.903.196.300
7/11/2024;0.8870000243186951;0.9160000085830688;0.8799999952316284;0.890999972820282;520000;0.0;46.124.001.264.572.100;0.03600001335144043;46.124.001.264.572.100
8/11/2024;0.8790000081062317;0.8980000019073486;0.8510000109672546;0.8700000047683716;981400;-0.009060102819088207;8.626.506.079.554.550;0.046999990940093994;8.626.506.079.554.550
11/11/2024;0.8579999804496765;0.8899999856948853;0.8500000238418579;0.8700000047683716;822600;-0.024180830205246383;7.057.907.839.179.030;0.039999961853027344;7.057.907.839.179.030
12/11/2024;0.8479999899864197;0.8820000290870667;0.8199999928474426;0.8600000143051147;1261700;-0.011723452718601524;10.699.215.873.658.600;0.06200003623962402;10.699.215.873.658.600
13/11/2024;0.8159999847412109;0.8769999742507935;0.8009999990463257;0.8600000143051147;1928700;-0.03846628771882522;15.738.191.705.703.700;0.07599997520446777;15.738.191.705.703.700
14/11/2024;0.7699999809265137;0.8299999833106995;0.7599999904632568;0.8100000023841858;2229200;-0.0580238461876427;17.164.839.574.813.800;0.06999999284744263;17.164.839.574.813.800
15/11/2024;0.7400000095367432;0.7799999713897705;0.7400000095367432;0.7620000243186951;620900;-0.03974029099126166;45.946.600.592.136.300;0.039999961853027344;45.946.600.592.136.300
18/11/2024;0.7200000286102295;0.75;0.7200000286102295;0.75;597800;-0.027398947339176118;4.304.160.171.031.950;0.029999971389770508;4.304.160.171.031.950
19/11/2024;0.7149999737739563;0.7490000128746033;0.6809999942779541;0.7279999852180481;1133200;-0.006968745732304421;8.102.379.702.806.470;0.06800001859664917;8.102.379.702.806.470
20/11/2024;0.6970000267028809;0.7200000286102295;0.6809999942779541;0.7099999785423279;1005500;-0.02549705694253909;7.008.335.268.497.460;0.03900003433227539;7.008.335.268.497.460
21/11/2024;0.6650000214576721;0.7200000286102295;0.6620000004768372;0.7110000252723694;1144800;-0.046998376148656804;761.292.024.564.743;0.058000028133392334;761.292.024.564.743
22/11/2024;0.6959999799728394;0.7129999995231628;0.6690000295639038;0.6690000295639038;1791500;0.045562558636733475;12.468.839.641.213.400;0.04399996995925903;12.468.839.641.213.400
25/11/2024;0.6990000009536743;0.7400000095367432;0.6930000185966492;0.7099999785423279;2097500;0.004301112038388154;14.661.525.020.003.300;0.046999990940093994;14.661.525.020.003.300
26/11/2024;0.699999988079071;0.7200000286102295;0.6959999799728394;0.7149999737739563;1336400;0.0014295744153548647;9.354.799.840.688.700;0.024000048637390137;9.354.799.840.688.700
27/11/2024;0.7020000219345093;0.7200000286102295;0.6899999976158142;0.699999988079071;667400;0.002853117258044294;4.685.148.146.390.910;0.030000030994415283;4.685.148.146.390.910
29/11/2024;0.6980000138282776;0.7300000190734863;0.6940000057220459;0.7099999785423279;517400;-0.005714312697892145;3.611.452.071.547.500;0.03600001335144043;3.611.452.071.547.500
2/12/2024;0.7300000190734863;0.7310000061988831;0.6899999976158142;0.7200000286102295;2162400;0.04482543769684174;15.785.520.412.445.000;0.04100000858306885;15.785.520.412.445.000
3/12/2024;0.699999988079071;0.7400000095367432;0.6899999976158142;0.7310000061988831;627300;-0.041964242256993904;43.910.999.252.200.100;0.050000011920928955;43.910.999.252.200.100
4/12/2024;0.7009999752044678;0.7099999785423279;0.6800000071525574;0.6899999976158142;674600;0.001427533649425407;47.289.458.327.293.300;0.029999971389770508;47.289.458.327.293.300
5/12/2024;0.7149999737739563;0.7269999980926514;0.6669999957084656;0.703000009059906;7297600;0.019774654351294177;52.177.838.086.128.200;0.06000000238418579;52.177.838.086.128.200
6/12/2024;0.753000020980835;0.7599999904632568;0.7149999737739563;0.7149999737739563;957600;0.0517827496486623;7.210.728.200.912.470;0.04500001668930054;7.210.728.200.912.470
9/12/2024;0.7670000195503235;0.7900000214576721;0.75;0.7699999809265137;893500;0.018421571193707652;685.314.517.468.214;0.04000002145767212;685.314.517.468.214
10/12/2024;0.7390000224113464;0.7699999809265137;0.7210000157356262;0.7699999809265137;426200;-0.03718887558180902;31.496.180.955.171.500;0.04899996519088745;31.496.180.955.171.500
11/12/2024;0.7129999995231628;0.7680000066757202;0.7099999785423279;0.7620000243186951;459500;-0.035816531529266414;3.276.234.997.808.930;0.058000028133392334;3.276.234.997.808.930
12/12/2024;0.9100000262260437;1.100.000.023.841.850;0.7620000243186951;0.8299999833106995;17089100;0.24396320858520337;15.551.081.448.179.400;0.33799999952316284;15.551.081.448.179.400
13/12/2024;0.9300000071525574;0.9490000009536743;0.8809999823570251;0.9300000071525574;2444700;0.021739965507499983;2.273.571.017.485.850;0.06800001859664917;2.273.571.017.485.850
16/12/2024;0.8579999804496765;0.9300000071525574;0.8270000219345093;0.9300000071525574;2475000;-0.08058051713618625;21.235.499.516.129.400;0.1029999852180481;21.235.499.516.129.400
17/12/2024;0.8730000257492065;0.878000020980835;0.8309999704360962;0.8500000238418579;1020500;0.017331508632646448;8.908.965.262.770.650;0.04700005054473877;8.908.965.262.770.650
18/12/2024;0.8040000200271606;0.8799999952316284;0.7749999761581421;0.8600000143051147;985900;-0.0823362912463139;7.926.636.197.447.770;0.10500001907348633;7.926.636.197.447.770
19/12/2024;0.8410000205039978;0.8500000238418579;0.7599999904632568;0.8029999732971191;1242700;0.044992390265074636;10.451.107.254.803.100;0.09000003337860107;10.451.107.254.803.100
20/12/2024;0.8399999737739563;0.8500000238418579;0.7900000214576721;0.8299999833106995;954000;-0.0011898237375663721;8.013.599.749.803.540;0.06000000238418579;8.013.599.749.803.540
23/12/2024;0.8579999804496765;0.8799999952316284;0.800000011920929;0.8109999895095825;724600;0.021202216086159055;6.217.067.858.338.350;0.07999998331069946;6.217.067.858.338.350
24/12/2024;0.843999981880188;0.8799999952316284;0.8199999928474426;0.8700000047683716;487300;-0.016451603575051908;4.112.811.911.702.150;0.06000000238418579;4.112.811.911.702.150
26/12/2024;0.8539999723434448;0.8629999756813049;0.8199999928474426;0.8349999785423279;502300;0.01177868827685893;42.896.418.610.811.200;0.042999982833862305;42.896.418.610.811.200
27/12/2024;0.8550000190734863;0.8730000257492065;0.8240000009536743;0.8529999852180481;590600;0.0011703298410867464;504.963.011.264.801;0.04900002479553223;504.963.011.264.801
30/12/2024;0.878000020980835;0.8790000081062317;0.8080000281333923;0.828000009059906;868800;0.026545126286352656;7.628.064.182.281.490;0.07099997997283936;7.628.064.182.281.490
31/12/2024;0.9049999713897705;0.9089999794960022;0.8650000095367432;0.8799999952316284;934900;0.030288294555128704;8.460.844.732.522.960;0.04399996995925903;8.460.844.732.522.960
2/01/2025;0.9700000286102295;1.0;0.9100000262260437;0.9139999747276306;1300900;0.06936118890609763;12.618.730.372.190.400;0.0899999737739563;12.618.730.372.190.400
3/01/2025;10.199.999.809.265.100;10.199.999.809.265.100;0.9490000009536743;0.9779999852180481;1441900;0.05026178658631011;147.073.797.249.794;0.07099997997283936;147.073.797.249.794
6/01/2025;1.090.000.033.378.600;1.159.999.966.621.390;10.240.000.486.373.900;10.299.999.713.897.700;2952600;0.06637511826693847;32.183.340.985.536.500;0.1359999179840088;32.183.340.985.536.500
7/01/2025;11.100.000.143.051.100;11.799.999.475.479.100;10.700.000.524.520.800;11.299.999.952.316.200;1393900;0.018182301348111794;15.472.290.199.398.900;0.1099998950958252;15.472.290.199.398.900
8/01/2025;10.499.999.523.162.800;1.100.000.023.841.850;0.972000002861023;1.100.000.023.841.850;1330200;-0.05556990945536514;13.967.099.365.711.200;0.12800002098083496;13.967.099.365.711.200
10/01/2025;0.972000002861023;10.499.999.523.162.800;0.9509999752044678;10.199.999.809.265.100;812500;-0.077189590334627;7.897.500.023.245.810;0.0989999771118164;7.897.500.023.245.810
13/01/2025;0.9229999780654907;10.199.999.809.265.100;0.9150000214576721;10.199.999.809.265.100;743000;-0.05172659666539185;6.857.889.837.026.590;0.10499995946884155;6.857.889.837.026.590
14/01/2025;0.8479999899864197;0.9449999928474426;0.824999988079071;0.9279999732971191;772100;-0.08474858675505083;6.547.407.922.685.140;0.12000000476837158;6.547.407.922.685.140
15/01/2025;0.925000011920929;0.9440000057220459;0.8500000238418579;0.871999979019165;1094600;0.08691312641648026;10.125.050.130.486.400;0.09399998188018799;10.125.050.130.486.400
16/01/2025;1.0;10.299.999.713.897.700;0.9010000228881836;0.9160000085830688;846500;0.07796152858222118;846500.0;0.12899994850158691;846500.0
17/01/2025;0.9620000123977661;10.399.999.618.530.200;0.9399999976158142;10.199.999.809.265.100;819000;-0.03874081542893988;7.878.780.101.537.700;0.09999996423721313;7.878.780.101.537.700
21/01/2025;0.921999990940094;0.9800000190734863;0.9100000262260437;0.9620000123977661;799700;-0.042469249822965696;7.373.233.927.547.930;0.06999999284744263;7.373.233.927.547.930
22/01/2025;0.9020000100135803;0.9399999976158142;0.8700000047683716;0.9259999990463257;656500;-0.021930682566077588;5.921.630.065.739.150;0.06999999284744263;5.921.630.065.739.150
23/01/2025;0.8859999775886536;0.9129999876022339;0.8700000047683716;0.8799999952316284;494000;-0.01789760585404661;43.768.398.892.879.400;0.042999982833862305;43.768.398.892.879.400
24/01/2025;0.9300000071525574;0.9440000057220459;0.8799999952316284;0.8889999985694885;649200;0.048467668528116375;6.037.560.046.434.400;0.06400001049041748;6.037.560.046.434.400
27/01/2025;0.9139999747276306;0.9390000104904175;0.8889999985694885;0.8889999985694885;621000;-0.0173540500343686;5.675.939.843.058.580;0.050000011920928955;5.675.939.843.058.580
28/01/2025;0.9210000038146973;0.9319999814033508;0.890999972820282;0.9179999828338623;326100;0.0076294965933598365;3.003.381.012.439.720;0.04100000858306885;3.003.381.012.439.720
29/01/2025;0.9190000295639038;0.9399999976158142;0.8999999761581421;0.9300000071525574;490300;-0.0021738858718832205;45.058.571.449.518.200;0.04000002145767212;45.058.571.449.518.200
30/01/2025;0.9639999866485596;0.9700000286102295;0.902999997138977;0.925000011920929;700900;0.04780512623517198;6.756.675.906.419.750;0.06700003147125244;6.756.675.906.419.750
31/01/2025;0.9940000176429749;1.059.000.015.258.780;0.9549999833106995;0.9549999833106995;869900;0.030645943645541934;8.646.806.153.476.230;0.1040000319480896;8.646.806.153.476.230
3/02/2025;10.299.999.713.897.700;10.499.999.523.162.800;0.9300000071525574;0.9660000205039978;1131300;0.03557682904071365;11.652.389.676.332.400;0.1199999451637268;11.652.389.676.332.400
4/02/2025;10.199.999.809.265.100;10.499.999.523.162.800;0.9760000109672546;10.399.999.618.530.200;921300;-0.009756165867939072;939.725.982.427.597;0.07399994134902954;939.725.982.427.597
5/02/2025;1.149.999.976.158.140;12.000.000.476.837.100;1.0;10.099.999.904.632.500;3078500;0.11995931304642506;35.402.749.266.028.400;0.20000004768371582;35.402.749.266.028.400
6/02/2025;11.100.000.143.051.100;1.190.000.057.220.450;10.549.999.475.479.100;11.799.999.475.479.100;1669700;-0.035401893431374704;185.336.702.388.525;0.1350001096725464;185.336.702.388.525
7/02/2025;1.059.999.942.779.540;1.090.000.033.378.600;10.199.999.809.265.100;10.800.000.429.153.400;693300;-0.04609117406932421;7.348.979.603.290.550;0.0700000524520874;7.348.979.603.290.550
10/02/2025;11.699.999.570.846.500;12.100.000.381.469.700;10.499.999.523.162.800;10.499.999.523.162.800;2230500;0.09873485798747338;26.096.849.042.773.200;0.16000008583068848;26.096.849.042.773.200
11/02/2025;12.400.000.095.367.400;12.400.000.095.367.400;1.100.000.023.841.850;11.799.999.475.479.100;1950600;0.0581076751779847;2.418.744.018.602.370;0.13999998569488525;2.418.744.018.602.370
12/02/2025;12.699.999.809.265.100;13.700.000.047.683.700;1.225.000.023.841.850;12.400.000.095.367.400;2952500;0.023905498144139267;37.496.749.436.855.300;0.14499998092651367;37.496.749.436.855.300
13/02/2025;1.309.999.942.779.540;13.899.999.856.948.800;12.699.999.809.265.100;1.309.999.942.779.540;3122000;0.031010208081312964;4.089.819.821.357.720;0.12000000476837158;4.089.819.821.357.720
14/02/2025;1.309.999.942.779.540;13.700.000.047.683.700;12.400.000.095.367.400;13.300.000.429.153.400;2102900;0.0;2.754.798.879.671.090;0.12999999523162842;2.754.798.879.671.090
18/02/2025;13.799.999.952.316.200;14.299.999.475.479.100;12.999.999.523.162.800;1.309.999.942.779.540;2189300;0.05205640218045205;3.021.233.989.560.600;0.12999999523162842;3.021.233.989.560.600
19/02/2025;14.199.999.570.846.500;1.5;1.399.999.976.158.140;1.399.999.976.158.140;2277900;0.028573345677324;32.346.179.022.431.300;0.10000002384185791;32.346.179.022.431.300
20/02/2025;15.299.999.713.897.700;15.499.999.523.162.800;13.700.000.047.683.700;14.500.000.476.837.100;2109400;0.0746108753137521;3.227.381.939.649.580;0.1799999475479126;3.227.381.939.649.580
21/02/2025;1.399.999.976.158.140;15.399.999.618.530.200;1.399.999.976.158.140;15.299.999.713.897.700;1591700;-0.08879549711353323;22.283.799.620.509.100;0.13999998569488525;22.283.799.620.509.100
24/02/2025;12.999.999.523.162.800;14.559.999.704.360.900;1.25;1.409.999.966.621.390;2174200;-0.07410799180360525;2.826.459.896.326.060;0.2059999704360962;2.826.459.896.326.060
25/02/2025;12.599.999.904.632.500;1.319.000.005.722.040;11.699.999.570.846.500;12.999.999.523.162.800;2043000;-0.03125251439316616;25.741.799.805.164.300;0.14900004863739014;25.741.799.805.164.300
26/02/2025;12.999.999.523.162.800;1.340.000.033.378.600;12.309.999.465.942.300;12.799.999.713.897.700;1673000;0.03125251439316623;21.748.999.202.251.400;0.10900008678436279;21.748.999.202.251.400
27/02/2025;1.190.000.057.220.450;13.300.000.429.153.400;11.710.000.038.146.900;13.200.000.524.520.800;1992900;-0.08841087257985278;23.715.511.140.346.500;0.15900003910064697;23.715.511.140.346.500
28/02/2025;12.300.000.190.734.800;12.300.000.190.734.800;1.100.000.023.841.850;11.399.999.856.948.800;1472000;0.03306082968336935;18.105.600.280.761.700;0.12999999523162842;18.105.600.280.761.700
3/03/2025;11.799.999.475.479.100;12.999.999.523.162.800;11.649.999.618.530.200;12.999.999.523.162.800;1014800;-0.04149979086457453;11.974.639.467.716.200;0.13499999046325684;11.974.639.467.716.200
4/03/2025;11.299.999.952.316.200;1.190.000.057.220.450;1.100.000.023.841.850;11.610.000.133.514.400;1378600;-0.04329676552219957;1.557.817.993.426.320;0.09000003337860107;1.557.817.993.426.320
5/03/2025;11.799.999.475.479.100;1.284.999.966.621.390;11.299.999.952.316.200;1.149.999.976.158.140;1625200;0.043296765522199646;19.177.359.147.548.600;0.1549999713897705;19.177.359.147.548.600
6/03/2025;12.200.000.286.102.200;12.799.999.713.897.700;1.149.999.976.158.140;12.300.000.190.734.800;1447300;0.033336488169521845;17.657.060.414.075.800;0.12999999523162842;17.657.060.414.075.800
7/03/2025;12.100.000.381.469.700;12.599.999.904.632.500;1.159.999.966.621.390;12.300.000.190.734.800;1137600;-0.00823049106109974;1.376.496.043.395.990;0.10000002384185791;1.376.496.043.395.990
10/03/2025;1.149.999.976.158.140;12.200.000.286.102.200;10.950.000.286.102.200;1.190.000.057.220.450;1288000;-0.05085846949196483;1.481.199.969.291.680;0.125;1.481.199.969.291.680
11/03/2025;12.200.000.286.102.200;12.400.000.095.367.400;11.349.999.904.632.500;1.149.999.976.158.140;1087700;0.05908896055306459;13.269.940.311.193.400;0.10500001907348633;13.269.940.311.193.400
12/03/2025;1.340.000.033.378.600;14.049.999.713.897.700;1.25;12.599.999.904.632.500;2009900;0.09381875667605079;26.932.660.670.876.500;0.1549999713897705;26.932.660.670.876.500
13/03/2025;12.999.999.523.162.800;1.399.999.976.158.140;12.899.999.618.530.200;1.340.000.033.378.600;1411700;-0.030305411084514525;18.352.099.326.848.900;0.11000001430511475;18.352.099.326.848.900
14/03/2025;14.500.000.476.837.100;14.789.999.723.434.400;12.999.999.523.162.800;1.340.000.033.378.600;2546600;0.10919936153009475;36.925.701.214.313.500;0.17900002002716064;36.925.701.214.313.500
17/03/2025;13.899.999.856.948.800;14.500.000.476.837.100;12.999.999.523.162.800;14.500.000.476.837.100;1812200;-0.04225985246665291;2.518.957.974.076.270;0.15000009536743164;2.518.957.974.076.270
18/03/2025;14.199.999.570.846.500;1.440.000.057.220.450;13.300.000.429.153.400;13.700.000.047.683.700;2647500;0.02135310453994471;3.759.449.886.381.620;0.11000001430511475;3.759.449.886.381.620
19/03/2025;13.600.000.143.051.100;14.199.999.570.846.500;13.200.000.524.520.800;14.199.999.570.846.500;1107100;-0.04317213112466823;15.056.560.158.371.900;0.09999990463256836;15.056.560.158.371.900
20/03/2025;1.350.000.023.841.850;13.700.000.047.683.700;13.200.000.524.520.800;13.600.000.143.051.100;1157200;-0.007380100155453859;1.562.220.027.589.790;0.04999995231628418;1.562.220.027.589.790
21/03/2025;13.899.999.856.948.800;1.409.999.966.621.390;13.049.999.475.479.100;1.340.000.033.378.600;1070400;0.029199126740177498;14.878.559.846.878.000;0.10500001907348633;14.878.559.846.878.000
24/03/2025;12.799.999.713.897.700;1.409.999.966.621.390;12.699.999.809.265.100;1.409.999.966.621.390;1588400;-0.08244368127136713;20.331.519.545.555.100;0.13999998569488525;20.331.519.545.555.100
25/03/2025;12.799.999.713.897.700;1.309.999.942.779.540;12.400.000.095.367.400;1.309.999.942.779.540;1109100;0.0;14.196.479.682.683.900;0.06999993324279785;14.196.479.682.683.900
26/03/2025;11.799.999.475.479.100;12.999.999.523.162.800;1.159.999.966.621.390;12.999.999.523.162.800;1544900;-0.08134566155313287;18.229.819.189.667.700;0.13999998569488525;18.229.819.189.667.700
27/03/2025;1.159.999.966.621.390;11.799.999.475.479.100;11.299.999.952.316.200;11.699.999.570.846.500;1700600;-0.017094417683034165;1.972.695.943.236.350;0.04999995231628418;1.972.695.943.236.350
28/03/2025;11.699.999.570.846.500;12.200.000.286.102.200;11.299.999.952.316.200;11.399.999.856.948.800;1113700;0.008583735786265884;13.030.289.522.051.800;0.09000003337860107;13.030.289.522.051.800
31/03/2025;1.100.000.023.841.850;11.699.999.570.846.500;10.700.000.524.520.800;11.699.999.570.846.500;1495500;-0.06169351065114182;16.450.500.356.554.900;0.09999990463256836;16.450.500.356.554.900
1/04/2025;0.9940000176429749;1.149.999.976.158.140;0.9760000109672546;1.100.000.023.841.850;2372300;-0.10132825605483234;23.580.662.418.544.200;0.17399996519088745;23.580.662.418.544.200
2/04/2025;0.9789999723434448;10.099.999.904.632.500;0.9539999961853027;0.9779999852180481;1654100;-0.015205610125336524;1.619.363.854.253.290;0.0559999942779541;1.619.363.854.253.290
3/04/2025;0.9409999847412109;0.9739999771118164;0.9150000214576721;0.9490000009536743;1272600;-0.039588490910833295;1.197.516.580.581.660;0.05899995565414429;1.197.516.580.581.660
4/04/2025;0.800000011920929;0.949999988079071;0.800000011920929;0.9300000071525574;2788600;-0.16233138080078738;22.308.800.332.427.000;0.1499999761581421;22.308.800.332.427.000
7/04/2025;0.8209999799728394;0.9089999794960022;0.7599999904632568;0.800000011920929;2315700;0.025911342489721215;1.901.189.653.623.100;0.14899998903274536;1.901.189.653.623.100
8/04/2025;0.7879999876022339;0.9599999785423279;0.7799999713897705;0.8600000143051147;1826100;-0.04102501093413634;14.389.667.773.604.300;0.18000000715255737;14.389.667.773.604.300
9/04/2025;0.8809999823570251;0.9010000228881836;0.7599999904632568;0.7979999780654907;1724500;0.11155953178542798;15.192.844.695.746.800;0.14100003242492676;15.192.844.695.746.800
10/04/2025;0.7770000100135803;0.8999999761581421;0.7699999809265137;0.8510000109672546;1673100;-0.12561724265496302;12.999.987.167.537.200;0.12999999523162842;12.999.987.167.537.200
11/04/2025;0.824999988079071;0.8500000238418579;0.7850000262260437;0.7889999747276306;611000;0.05994300862993181;5.040.749.927.163.120;0.06499999761581421;5.040.749.927.163.120
14/04/2025;0.8130000233650208;0.8730000257492065;0.8050000071525574;0.8629999756813049;804200;-0.014652233597996958;6.538.146.187.901.490;0.06800001859664917;6.538.146.187.901.490
15/04/2025;0.8299999833106995;0.8799999952316284;0.8100000023841858;0.8299999833106995;949800;0.020694542395979246;7.883.339.841.485.020;0.06999999284744263;7.883.339.841.485.020
16/04/2025;0.8299999833106995;0.8700000047683716;0.8009999990463257;0.8299999833106995;980100;0.0;8.134.829.836.428.160;0.0690000057220459;8.134.829.836.428.160
17/04/2025;0.8429999947547913;0.8519999980926514;0.8109999895095825;0.8199999928474426;677500;0.01554127109672867;5.711.324.964.463.710;0.04100000858306885;5.711.324.964.463.710
21/04/2025;0.8130000233650208;0.8519999980926514;0.800000011920929;0.8519999980926514;1601800;-0.03623581349270792;13.022.634.374.260.900;0.05199998617172241;13.022.634.374.260.900
22/04/2025;0.8270000219345093;0.8389999866485596;0.7919999957084656;0.8370000123977661;2364700;0.017073583259603637;1.955.606.951.868.530;0.046999990940093994;1.955.606.951.868.530
23/04/2025;0.8949999809265137;0.9559999704360962;0.8399999737739563;0.8650000095367432;2338900;0.07901897541702035;20.933.154.553.890.200;0.11599999666213989;20.933.154.553.890.200
24/04/2025;0.9789999723434448;10.049.999.952.316.200;0.890999972820282;0.949999988079071;1543200;0.08970791731701167;1.510.792.757.320.400;0.11400002241134644;1.510.792.757.320.400
25/04/2025;0.9580000042915344;1.0;0.8999999761581421;0.9900000095367432;2464600;-0.02168383183016745;23.610.868.105.769.100;0.10000002384185791;23.610.868.105.769.100
28/04/2025;0.8759999871253967;0.9710000157356262;0.871999979019165;0.949999988079071;1410700;-0.08948170621118591;12.357.731.818.377.900;0.09900003671646118;12.357.731.818.377.900
29/04/2025;0.8820000290870667;0.9200000166893005;0.8600000143051147;0.8759999871253967;588400;0.006826012745968704;51.896.881.711.483;0.06000000238418579;51.896.881.711.483
30/04/2025;10.199.999.809.265.100;10.399.999.618.530.200;0.8450000286102295;0.8820000290870667;3278200;0.14536579859349577;3.343.763.937.473.290;0.19499993324279785;3.343.763.937.473.290
1/05/2025;1.059.999.942.779.540;1.059.999.942.779.540;0.9169999957084656;10.299.999.713.897.700;1787500;0.03846624554572604;18.947.498.977.184.200;0.14299994707107544;18.947.498.977.184.200
2/05/2025;11.799.999.475.479.100;12.300.000.190.734.800;10.399.999.618.530.200;1.059.999.942.779.540;2628000;0.1072455398842417;31.010.398.621.559.100;0.19000005722045898;31.010.398.621.559.100
5/05/2025;1.25;12.599.999.904.632.500;1.100.000.023.841.850;11.799.999.475.479.100;2191700;0.05762915728755898;2739625.0;0.15999996662139893;2739625.0
6/05/2025;1.090.000.033.378.600;12.300.000.190.734.800;10.700.000.524.520.800;12.200.000.286.102.200;2005900;-0.13696582445058805;2.186.431.066.954.130;0.15999996662139893;2.186.431.066.954.130
7/05/2025;10.950.000.286.102.200;11.299.999.952.316.200;1.059.999.942.779.540;1.090.000.033.378.600;743300;0.004576662532905499;8.139.135.212.659.830;0.0700000524520874;8.139.135.212.659.830
8/05/2025;11.200.000.047.683.700;11.399.999.856.948.800;1.065.000.057.220.450;1.100.000.023.841.850;958500;0.02257430016795043;10.735.200.045.704.800;0.07499992847442627;10.735.200.045.704.800
9/05/2025;11.100.000.143.051.100;1.159.999.966.621.390;1.100.000.023.841.850;11.100.000.143.051.100;998300;-0.008968661352744359;1.108.113.014.280.790;0.059999942779541016;1.108.113.014.280.790
12/05/2025;1.100.000.023.841.850;11.399.999.856.948.800;10.700.000.524.520.800;11.399.999.856.948.800;981400;-0.009049826732992521;10.795.400.233.983.900;0.06999993324279785;10.795.400.233.983.900
13/05/2025;1.090.000.033.378.600;11.299.999.952.316.200;10.800.000.429.153.400;1.090.000.033.378.600;773400;-0.009132474615119266;8.430.060.258.150.100;0.04999995231628418;8.430.060.258.150.100
14/05/2025;10.099.999.904.632.500;1.100.000.023.841.850;10.099.999.904.632.500;10.800.000.429.153.400;1358700;-0.0762274054527736;1.372.286.987.042.420;0.09000003337860107;1.372.286.987.042.420
15/05/2025;10.499.999.523.162.800;10.700.000.524.520.800;0.9879999756813049;1.0;1740600;0.038839797345520136;18.276.299.170.017.200;0.08200007677078247;18.276.299.170.017.200
16/05/2025;10.399.999.618.530.200;111.899.995.803.833;10.299.999.713.897.700;10.499.999.523.162.800;2043700;-0.009569442282869082;2.125.447.922.039.030;0.08899998664855957;2.125.447.922.039.030
19/05/2025;1.090.000.033.378.600;11.200.000.047.683.700;10.299.999.713.897.700;10.499.999.523.162.800;1657800;0.04695705039012237;18.070.020.553.350.400;0.09000003337860107;18.070.020.553.350.400
20/05/2025;11.799.999.475.479.100;12.200.000.286.102.200;10.820.000.171.661.300;1.090.000.033.378.600;2336000;0.07933666716302924;2.756.479.877.471.920;0.1380000114440918;2.756.479.877.471.920
21/05/2025;1.149.999.976.158.140;12.200.000.286.102.200;11.100.000.143.051.100;1.159.999.966.621.390;2390800;-0.02575247238354272;2.749.419.942.998.880;0.11000001430511475;2.749.419.942.998.880
22/05/2025;1.159.999.966.621.390;12.300.000.190.734.800;11.100.000.143.051.100;11.299.999.952.316.200;2424500;0.008658054700508674;28.124.199.190.735.800;0.12000000476837158;28.124.199.190.735.800
23/05/2025;12.000.000.476.837.100;12.100.000.381.469.700;11.200.000.047.683.700;11.200.000.047.683.700;1930900;0.03390162018676702;2.317.080.092.072.480;0.09000003337860107;2.317.080.092.072.480
27/05/2025;11.200.000.047.683.700;12.050.000.429.153.400;11.200.000.047.683.700;12.000.000.476.837.100;1187200;-0.06899290696590589;13.296.640.056.610.100;0.08500003814697266;13.296.640.056.610.100
28/05/2025;1.159.999.966.621.390;11.699.999.570.846.500;11.150.000.095.367.400;11.399.999.856.948.800;840100;0.03509128677913902;9.745.159.719.586.370;0.0549999475479126;9.745.159.719.586.370
29/05/2025;11.299.999.952.316.200;12.000.000.476.837.100;11.299.999.952.316.200;11.699.999.570.846.500;1001400;-0.02620234783916546;11.315.819.952.249.500;0.0700000524520874;11.315.819.952.249.500
30/05/2025;11.100.000.143.051.100;1.149.999.976.158.140;1.090.000.033.378.600;11.200.000.047.683.700;1078200;-0.017857600292717837;11.968.020.154.237.700;0.059999942779541016;11.968.020.154.237.700
2/06/2025;11.549.999.713.897.700;11.799.999.475.479.100;1.100.000.023.841.850;11.200.000.047.683.700;1591100;0.03974029099126156;18.377.204.544.782.600;0.07999992370605469;18.377.204.544.782.600
3/06/2025;12.200.000.286.102.200;12.389.999.628.067.000;1.159.999.966.621.390;11.699.999.570.846.500;1436500;0.05475056299317763;17.525.300.410.985.900;0.07899999618530273;17.525.300.410.985.900
4/06/2025;12.599.999.904.632.500;12.899.999.618.530.200;12.100.000.381.469.700;12.100.000.381.469.700;1430600;0.03226083119837014;18.025.559.863.567.300;0.07999992370605469;18.025.559.863.567.300
5/06/2025;12.599.999.904.632.500;1.274.999.976.158.140;12.200.000.286.102.200;12.599.999.904.632.500;716500;0.0;9.027.899.931.669.230;0.0549999475479126;9.027.899.931.669.230
6/06/2025;13.300.000.429.153.400;13.550.000.190.734.800;12.599.999.904.632.500;12.599.999.904.632.500;1428200;0.054067261106295166;18.995.060.612.916.900;0.09500002861022949;18.995.060.612.916.900
9/06/2025;13.300.000.429.153.400;13.799.999.952.316.200;12.899.999.618.530.200;1.340.000.033.378.600;981300;0.0;13.051.290.421.128.200;0.09000003337860107;13.051.290.421.128.200
10/06/2025;1.25;13.450.000.286.102.200;12.400.000.095.367.400;13.200.000.524.520.800;1491500;-0.06203542318662823;1864375.0;0.10500001907348633;1864375.0
11/06/2025;12.899.999.618.530.200;13.700.000.047.683.700;1.25;1.25;1670900;0.031498637488073834;21.554.609.362.602.200;0.12000000476837158;21.554.609.362.602.200
12/06/2025;12.699.999.809.265.100;1.309.999.942.779.540;1.25;12.799.999.713.897.700;1038500;-0.01562530335027711;13.188.949.801.921.800;0.059999942779541016;13.188.949.801.921.800
13/06/2025;12.400.000.095.367.400;12.899.999.618.530.200;12.000.000.476.837.100;12.699.999.809.265.100;1126100;-0.023905498144139285;13.963.640.107.393.200;0.08999991416931152;13.963.640.107.393.200
16/06/2025;12.799.999.713.897.700;13.600.000.143.051.100;12.300.000.190.734.800;12.799.999.713.897.700;1607000;0.03174866827191641;20.569.599.540.233.600;0.12999999523162842;20.569.599.540.233.600
17/06/2025;12.400.000.095.367.400;12.999.999.523.162.800;12.200.000.286.102.200;12.799.999.713.897.700;916700;-0.031748668271916365;11.367.080.087.423.300;0.07999992370605469;11.367.080.087.423.300
18/06/2025;12.899.999.618.530.200;1.309.999.942.779.540;1.25;12.699.999.809.265.100;693200;0.03953080149441634;8.942.279.735.565.180;0.059999942779541016;8.942.279.735.565.180
20/06/2025;1.440.000.057.220.450;1.440.000.057.220.450;12.699.999.809.265.100;13.200.000.524.520.800;2264800;0.11000096452205466;32.613.121.295.928.900;0.1700000762939453;32.613.121.295.928.900
23/06/2025;13.700.000.047.683.700;14.179.999.828.338.600;1.25;1.409.999.966.621.390;2211700;-0.04983241000374153;30.300.290.105.462.000;0.1679999828338623;30.300.290.105.462.000
24/06/2025;13.799.999.952.316.200;14.049.999.713.897.700;1.350.000.023.841.850;13.799.999.952.316.200;1087200;0.007272752393174878;15.003.359.948.158.200;0.0549999475479126;15.003.359.948.158.200
25/06/2025;13.600.000.143.051.100;13.849.999.904.632.500;13.300.000.429.153.400;13.700.000.047.683.700;1304700;-0.01459878544734433;17.743.920.186.638.800;0.0549999475479126;17.743.920.186.638.800
26/06/2025;12.999.999.523.162.800;13.700.000.047.683.700;12.899.999.618.530.200;13.600.000.143.051.100;1256000;-0.04512048247871836;1.632.799.940.109.250;0.08000004291534424;1.632.799.940.109.250
27/06/2025;1.25;13.300.000.429.153.400;12.000.000.476.837.100;12.999.999.523.162.800;26071300;-0.03922067647349926;32589125.0;0.12999999523162842;32589125.0
30/06/2025;12.300.000.190.734.800;13.049.999.475.479.100;12.200.000.286.102.200;12.599.999.904.632.500;2018500;-0.01612936642298425;2.482.755.038.499.830;0.0849999189376831;2.482.755.038.499.830
1/07/2025;1.25;13.300.000.429.153.400;11.950.000.524.520.800;12.300.000.190.734.800;2391500;0.01612936642298423;2989375.0;0.13499999046325684;2989375.0
2/07/2025;12.100.000.381.469.700;12.799.999.713.897.700;12.000.000.476.837.100;1.25;1177900;-0.032523160179136874;1.425.259.044.933.310;0.07999992370605469;1.425.259.044.933.310
3/07/2025;12.400.000.095.367.400;1.25;12.000.000.476.837.100;12.300.000.190.734.800;433000;0.024490996172794505;5.369.200.041.294.090;0.04999995231628418;5.369.200.041.294.090
7/07/2025;1.25;12.549.999.952.316.200;12.000.000.476.837.100;12.400.000.095.367.400;1294000;0.008032164006342388;1617500.0;0.0549999475479126;1617500.0
8/07/2025;12.699.999.809.265.100;1.274.999.976.158.140;1.215.000.033.378.600;12.599.999.904.632.500;1008300;0.015873334137796822;12.805.409.807.682.000;0.059999942779541016;12.805.409.807.682.000
9/07/2025;13.600.000.143.051.100;13.849.999.904.632.500;12.649.999.856.948.800;12.699.999.809.265.100;1566900;0.0684678248144207;21.309.840.224.146.800;0.12000000476837158;21.309.840.224.146.800
10/07/2025;13.600.000.143.051.100;13.799.999.952.316.200;12.999.999.523.162.800;1.350.000.023.841.850;1045000;0.0;1.421.200.014.948.840;0.08000004291534424;1.421.200.014.948.840
11/07/2025;13.600.000.143.051.100;1.399.999.976.158.140;1.340.000.033.378.600;1.340.000.033.378.600;696000;0.0;9.465.600.099.563.590;0.059999942779541016;9.465.600.099.563.590
14/07/2025;15.299.999.713.897.700;15.399.999.618.530.200;13.849.999.904.632.500;1.409.999.966.621.390;3975300;0.11778300643842027;6.082.208.886.265.750;0.1549999713897705;6.082.208.886.265.750
15/07/2025;14.500.000.476.837.100;15.399.999.618.530.200;14.199.999.570.846.500;15.399.999.618.530.200;2056700;-0.0537041273870438;29.822.150.980.710.900;0.12000000476837158;29.822.150.980.710.900
16/07/2025;1.659.999.966.621.390;17.000.000.476.837.100;14.700.000.286.102.200;14.700.000.286.102.200;4194000;0.13525399294305687;6.962.039.860.010.140;0.23000001907348633;6.962.039.860.010.140
17/07/2025;17.100.000.381.469.700;17.999.999.523.162.800;16.349.999.904.632.500;17.000.000.476.837.100;6208700;0.029675810561878693;1.061.687.723.684.310;0.16499996185302734;1.061.687.723.684.310
18/07/2025;17.000.000.476.837.100;1.899.999.976.158.140;16.710.000.038.146.900;17.799.999.713.897.700;3184800;-0.005865113711324816;5.414.160.151.863.090;0.22899997234344482;5.414.160.151.863.090
21/07/2025;1.75;17.999.999.523.162.800;17.100.000.381.469.700;17.200.000.286.102.200;2411800;0.028987508824008093;4220650.0;0.08999991416931152;4220650.0
22/07/2025;17.200.000.286.102.200;17.549.999.952.316.200;16.699.999.570.846.500;1.75;2415400;-0.017291480476206843;41.544.880.691.051.400;0.08500003814697266;41.544.880.691.051.400
23/07/2025;18.700.000.047.683.700;1.934.999.942.779.540;1.725.000.023.841.850;1.725.000.023.841.850;5333200;0.08361412595721074;997.308.402.543.068;0.2099999189376831;997.308.402.543.068
24/07/2025;17.799.999.713.897.700;1.909.999.966.621.390;17.699.999.809.265.100;18.700.000.047.683.700;3386400;-0.04932508518559551;6.027.791.903.114.310;0.13999998569488525;6.027.791.903.114.310
25/07/2025;1.840.000.033.378.600;19.199.999.570.846.500;17.200.000.286.102.200;17.899.999.618.530.200;2094300;0.03315224153060717;3.853.512.069.904.800;0.19999992847442627;3.853.512.069.904.800
28/07/2025;19.800.000.190.734.800;20.299.999.713.897.700;1.840.000.033.378.600;18.700.000.047.683.700;3564900;0.07333126457807959;7.058.502.067.995.070;0.18999993801116943;7.058.502.067.995.070
29/07/2025;19.600.000.381.469.700;2.180.000.066.757.200;1.899.999.976.158.140;20.399.999.618.530.200;4161000;-0.010152361634350938;8.155.560.158.729.550;0.28000009059906006;8.155.560.158.729.550
30/07/2025;20.799.999.237.060.500;21.700.000.762.939.400;20.299.999.713.897.700;2.055.000.066.757.200;3907000;0.05942336432827762;8.126.559.701.919.550;0.1400001049041748;8.126.559.701.919.550
31/07/2025;20.399.999.618.530.200;2.180.000.066.757.200;2.003.000.020.980.830;21.700.000.762.939.400;2993700;-0.0194180678768161;6.107.147.885.799.400;0.1770000457763672;6.107.147.885.799.400
1/08/2025;2.0;20.350.000.858.306.800;1.909.999.966.621.390;2.0;2686100;-0.019802608596683105;5372200.0;0.12500011920928955;5372200.0
4/08/2025;21.700.000.762.939.400;2.180.000.066.757.200;20.299.999.713.897.700;20.850.000.381.469.700;5912500;0.0815800221509224;12.830.125.451.087.900;0.15000009536743164;12.830.125.451.087.900
5/08/2025;21.600.000.858.306.800;22.300.000.190.734.800;2.061.000.108.718.870;2.174.999.952.316.280;3076000;-0.004618941278365068;6.644.160.264.015.190;0.16899991035461426;6.644.160.264.015.190
6/08/2025;19.800.000.190.734.800;22.100.000.381.469.700;19.199.999.570.846.500;2.180.000.066.757.200;3966400;-0.08701140709298498;7.853.472.075.653.070;0.2900000810623169;7.853.472.075.653.070
7/08/2025;17.400.000.095.367.400;20.199.999.809.265.100;1.715.000.033.378.600;2.0;3782300;-0.12921173563219326;6.581.202.036.070.820;0.3049999475479126;6.581.202.036.070.820
8/08/2025;17.599.999.904.632.500;17.899.999.618.530.200;16.649.999.618.530.200;1.75;3070000;0.011428684924131866;54.031.999.707.221.900;0.125;54.031.999.707.221.900
11/08/2025;17.350.000.143.051.100;17.949.999.570.846.500;16.799.999.475.479.100;17.300.000.190.734.800;2488000;-0.014306381987610969;43.166.800.355.911.200;0.11500000953674316;43.166.800.355.911.200
12/08/2025;19.299.999.475.479.100;19.500.000.476.837.100;17.450.000.047.683.700;17.699.999.809.265.100;2208300;0.10651255409570115;4.262.018.884.170.050;0.20500004291534424;4.262.018.884.170.050
13/08/2025;19.700.000.286.102.200;2.0;18.450.000.286.102.200;19.500.000.476.837.100;2942700;0.020513581533309774;5.797.119.084.191.320;0.1549999713897705;5.797.119.084.191.320
14/08/2025;19.600.000.381.469.700;19.800.000.190.734.800;18.600.000.143.051.100;19.500.000.476.837.100;1413100;-0.005089064567689295;2.769.676.053.905.480;0.12000000476837158;2.769.676.053.905.480
15/08/2025;19.600.000.381.469.700;19.800.000.190.734.800;1.909.999.966.621.390;19.600.000.381.469.700;1731000;0.0;33.927.600.660.324.000;0.0700000524520874;33.927.600.660.324.000
18/08/2025;19.900.000.095.367.400;20.299.999.713.897.700;19.199.999.570.846.500;1.934.999.942.779.540;1533300;0.015190150823567363;30.512.670.146.226.800;0.11000001430511475;30.512.670.146.226.800
19/08/2025;19.199.999.570.846.500;2.0;1.909.999.966.621.390;19.700.000.286.102.200;1185400;-0.03580947984078617;2.275.967.949.128.150;0.09000003337860107;2.275.967.949.128.150
20/08/2025;19.500.000.476.837.100;1.975.000.023.841.850;18.799.999.952.316.200;1.899.999.976.158.140;1112100;0.015504233340894498;21.685.950.530.290.600;0.09500002861022949;21.685.950.530.290.600
21/08/2025;21.700.000.762.939.400;2.180.000.066.757.200;19.900.000.095.367.400;2.009.999.990.463.250;4527900;0.10689780568202488;9.825.543.345.451.350;0.19000005722045898;9.825.543.345.451.350
22/08/2025;23.399.999.141.693.100;23.499.999.046.325.600;21.449.999.809.265.100;21.700.000.762.939.400;4899200;0.0754236899789603;11.464.127.579.498.200;0.2049999237060547;11.464.127.579.498.200
25/08/2025;2.359.999.895.095.820;2.440.000.057.220.450;22.699.999.809.265.100;23.399.999.141.693.100;3156200;0.008510681896768206;74.486.316.689.014.400;0.1700000762939453;74.486.316.689.014.400
26/08/2025;25.299.999.713.897.700;2.569.999.933.242.790;2.375;2.380.000.114.440.910;3556200;0.06955771684444155;8.997.185.898.256.300;0.19499993324279785;8.997.185.898.256.300
27/08/2025;24.600.000.381.469.700;26.449.999.809.265.100;2.450.000.047.683.710;25.299.999.713.897.700;4258700;-0.028057925979866897;10.476.402.162.456.500;0.19499993324279785;10.476.402.162.456.500
28/08/2025;24.000.000.953.674.300;25.850.000.381.469.700;2.380.000.114.440.910;24.700.000.286.102.200;4268400;-0.02469258836084179;10.244.160.407.066.300;0.2049999237060547;10.244.160.407.066.300
29/08/2025;24.700.000.286.102.200;2.5;2.375;24.100.000.858.306.800;2537700;0.028749385132645654;6.268.119.072.604.170;0.125;6.268.119.072.604.170
2/09/2025;25.899.999.141.693.100;2.680.000.066.757.200;24.200.000.762.939.400;24.200.000.762.939.400;7656400;0.0474396803492093;19.830.075.342.845.900;0.25999999046325684;19.830.075.342.845.900
3/09/2025;25.799.999.237.060.500;27.049.999.237.060.500;2.549.999.952.316.280;2.569.999.933.242.790;3305000;-0.003868473209954897;852.689.974.784.851;0.1549999713897705;852.689.974.784.851
4/09/2025;2.509.999.990.463.250;26.700.000.762.939.400;24.100.000.858.306.800;2.559.999.942.779.540;3365600;-0.027506620018035725;8.447.655.967.903.130;0.25999999046325684;8.447.655.967.903.130
5/09/2025;2.940.000.057.220.450;29.800.000.190.734.800;2.509.999.990.463.250;2.509.999.990.463.250;7657000;0.15812685146913802;22.511.580.438.137.000;0.4700000286102295;22.511.580.438.137.000
8/09/2025;26.600.000.858.306.800;3.0;263.100.004.196.167;29.700.000.286.102.200;5557400;-0.10008344575254788;14.782.684.476.995.400;0.3689999580383301;14.782.684.476.995.400
9/09/2025;27.699.999.809.265.100;2.815.000.057.220.450;2.609.999.895.095.820;2.625;2715100;0.04052115825272861;7.520.826.948.213.570;0.2050001621246338;7.520.826.948.213.570
10/09/2025;3.109.999.895.095.820;34.000.000.953.674.300;2.940.000.057.220.450;2.990.000.009.536.740;11229900;0.11577537914638433;3.492.498.782.193.660;0.46000003814697266;3.492.498.782.193.660
11/09/2025;34.600.000.381.469.700;3.5;3.140.000.104.904.170;3.180.000.066.757.200;7309700;0.10664590763487318;25.291.562.278.842.900;0.3599998950958252;25.291.562.278.842.900
12/09/2025;34.600.000.381.469.700;35.999.999.046.325.600;33.589.999.675.750.700;34.800.000.190.734.800;4242200;0.0;14.678.012.161.827.000;0.24099993705749512;14.678.012.161.827.000
15/09/2025;3.180.000.066.757.200;3.549.999.952.316.280;31.649.999.618.530.200;3.490.000.009.536.740;4135200;-0.0843873823098533;13.149.936.276.054.300;0.38499999046325684;13.149.936.276.054.300
16/09/2025;3.200.000.047.683.710;32.899.999.618.530.200;3.059.999.942.779.540;3.200.000.047.683.710;3468100;0.006269606921925908;11.097.920.165.371.800;0.23000001907348633;11.097.920.165.371.800
17/09/2025;2.990.000.009.536.740;3.368.000.030.517.570;2.930.000.066.757.200;3.368.000.030.517.570;4804900;-0.06787743411470067;14.366.651.045.823.000;0.437999963760376;14.366.651.045.823.000
18/09/2025;30.799.999.237.060.500;31.500.000.953.674.300;3.015.000.104.904.170;30.399.999.618.530.200;3632300;0.02965618162258006;11.187.483.722.877.500;0.13499999046325684;11.187.483.722.877.500
19/09/2025;3.049.999.952.316.280;3.180.000.066.757.200;2.940.000.057.220.450;3.130.000.114.440.910;5112800;-0.009787997229406386;15.594.039.756.202.600;0.24000000953674316;15.594.039.756.202.600
22/09/2025;31.600.000.858.306.800;32.100.000.381.469.700;3.005.000.114.440.910;30.399.999.618.530.200;4354200;0.03543047977511576;13.759.272.373.723.900;0.2049999237060547;13.759.272.373.723.900
23/09/2025;30.799.999.237.060.500;31.700.000.762.939.400;29.800.000.190.734.800;31.700.000.762.939.400;2711500;-0.025642482545709326;8.351.419.793.128.960;0.19000005722045898;8.351.419.793.128.960
24/09/2025;2.990.000.009.536.740;3.174.999.952.316.280;29.749.999.046.325.600;30.899.999.141.693.100;3112300;-0.029656181622580075;9.305.777.029.681.200;0.20000004768371582;9.305.777.029.681.200
25/09/2025;27.799.999.713.897.700;2.875;27.309.999.465.942.300;28.399.999.141.693.100;8591900;-0.07282247318104511;2.388.548.175.418.370;0.14400005340576172;2.388.548.175.418.370
26/09/2025;2.700.000.047.683.710;28.299.999.237.060.500;2.625;27.799.999.713.897.700;3931500;-0.02919912674017744;10.615.050.187.468.500;0.2049999237060547;10.615.050.187.468.500
29/09/2025;2.819.999.933.242.790;2.825.000.047.683.710;2.640.000.104.904.170;27.300.000.190.734.800;2766600;0.04348507060633644;7.801.811.815.309.520;0.18499994277954102;7.801.811.815.309.520
30/09/2025;2.630.000.114.440.910;28.399.999.141.693.100;2.569.999.933.242.790;28.399.999.141.693.100;4702200;-0.06975297157392592;12.366.786.538.124.000;0.26999998092651367;12.366.786.538.124.000
1/10/2025;2.490.000.009.536.740;2.700.000.047.683.710;24.600.000.381.469.700;25.899.999.141.693.100;4410100;-0.05470117539669566;10.981.149.042.057.900;0.24000000953674316;10.981.149.042.057.900
2/10/2025;24.800.000.190.734.800;2.549.999.952.316.280;2.380.000.114.440.910;2.5;4192500;-0.004024146438820858;10.397.400.079.965.500;0.1699998378753662;10.397.400.079.965.500
3/10/2025;2.569.999.933.242.790;2.634.999.990.463.250;2.509.999.990.463.250;2.509.999.990.463.250;2797500;0.035647305063750294;7.189.574.813.246.720;0.125;7.189.574.813.246.720
6/10/2025;24.100.000.858.306.800;25.889.999.866.485.500;2.319.999.933.242.790;2.569.999.933.242.790;4064400;-0.06427908981460652;979.520.434.885.025;0.2690000534057617;979.520.434.885.025
7/10/2025;2.5;25.450.000.762.939.400;24.000.000.953.674.300;24.000.000.953.674.300;2640700;0.03666394875719851;6601750.0;0.14499998092651367;6601750.0
8/10/2025;24.200.000.762.939.400;2.549.999.952.316.280;24.140.000.343.322.700;25.299.999.713.897.700;2808500;-0.032523160179136874;6.796.570.214.271.540;0.1359999179840088;6.796.570.214.271.540
9/10/2025;2.559.999.942.779.540;2.609.999.895.095.820;2.450.000.047.683.710;2.450.000.047.683.710;3038400;0.05623966444471079;7.778.303.826.141.350;0.15999984741210938;7.778.303.826.141.350
10/10/2025;22.799.999.713.897.700;2.575.000.047.683.710;22.100.000.381.469.700;2.549.999.952.316.280;4325600;-0.11583180572172598;9.862.367.876.243.590;0.36500000953674316;9.862.367.876.243.590
13/10/2025;2.440.000.057.220.450;2.440.000.057.220.450;22.899.999.618.530.200;23.499.999.046.325.600;3016800;0.06782263233811488;7.360.992.172.622.680;0.15000009536743164;7.360.992.172.622.680
14/10/2025;2.380.000.114.440.910;24.200.000.762.939.400;2.309.999.942.779.540;24.000.000.953.674.300;2259600;-0.02489752698831648;5.377.848.258.590.690;0.1100001335144043;5.377.848.258.590.690
15/10/2025;24.100.000.858.306.800;2.450.000.047.683.710;2.359.999.895.095.820;2.390.000.104.904.170;2380800;0.012526247349154982;5.737.728.204.345.700;0.09000015258789062;5.737.728.204.345.700
16/10/2025;2.309.999.942.779.540;2.450.000.047.683.710;22.300.000.190.734.800;2.440.000.057.220.450;2828100;-0.04237928335401618;653.291.083.817.482;0.2200000286102295;653.291.083.817.482
17/10/2025;2.190.000.057.220.450;2.299.999.952.316.280;2.180.000.066.757.200;22.899.999.618.530.200;2998200;-0.053345929806467844;656.605.817.155.838;0.11999988555908203;656.605.817.155.838
20/10/2025;22.699.999.809.265.100;2.309.999.942.779.540;2.184.999.942.779.540;22.300.000.190.734.800;2302400;0.03587825313442183;5.226.447.956.085.200;0.125;5.226.447.956.085.200
21/10/2025;2.180.000.066.757.200;22.750.000.953.674.300;21.500.000.953.674.300;22.699.999.809.265.100;4084400;-0.040454915667327424;8.903.992.272.663.110;0.125;8.903.992.272.663.110
22/10/2025;22.100.000.381.469.700;22.200.000.286.102.200;2.119.999.885.559.080;21.500.000.953.674.300;2574000;0.013667625367167828;5.688.540.098.190.300;0.10000014305114746;5.688.540.098.190.300
23/10/2025;20.899.999.141.693.100;2.240.000.009.536.740;20.799.999.237.060.500;22.300.000.190.734.800;2981800;-0.05582850788133117;6.231.961.744.070.050;0.16000008583068848;6.231.961.744.070.050
24/10/2025;24.800.000.190.734.800;2.484.999.895.095.820;2.130.000.114.440.910;21.500.000.953.674.300;7741800;0.17109454295840892;19.199.664.147.663.100;0.3549997806549072;19.199.664.147.663.100
27/10/2025;2.390.000.104.904.170;25.299.999.713.897.700;23.399.999.141.693.100;24.800.000.190.734.800;3831100;-0.03696515803143421;9.156.329.401.898.380;0.19000005722045898;9.156.329.401.898.380
28/10/2025;2.380.000.114.440.910;24.000.000.953.674.300;22.809.998.989.105.200;2.369.999.885.559.080;1558700;-0.004192874068577021;3.709.706.178.379.050;0.11900019645690918;3.709.706.178.379.050
29/10/2025;2.390.000.104.904.170;24.649.999.141.693.100;23.299.999.237.060.500;2.380.000.114.440.910;2353200;0.004192874068576918;5.624.148.246.860.500;0.13499999046325684;5.624.148.246.860.500
30/10/2025;24.200.000.762.939.400;2.490.000.009.536.740;2.359.999.895.095.820;24.000.000.953.674.300;2166400;0.012474161858639712;5.242.688.165.283.200;0.13000011444091797;5.242.688.165.283.200
31/10/2025;2.450.000.047.683.710;25.199.999.809.265.100;2.380.000.114.440.910;2.430.000.066.757.200;2163300;0.012320472324358381;5.300.085.103.154.180;0.1399998664855957;5.300.085.103.154.180
3/11/2025;2.390.000.104.904.170;2.490.000.009.536.740;23.499.999.046.325.600;2.490.000.009.536.740;2493800;-0.024794634182998078;5.960.182.261.610.030;0.1400001049041748;5.960.182.261.610.030
4/11/2025;2.299.999.952.316.280;2.369.999.885.559.080;22.799.999.713.897.700;23.499.999.046.325.600;1937200;-0.03838430763332513;4.455.559.907.627.100;0.08999991416931152;4.455.559.907.627.100
5/11/2025;2.369.999.885.559.080;2.375;2.200.000.047.683.710;22.899.999.618.530.200;2292300;0.029980804656678066;5.432.750.737.667.080;0.17499995231628418;5.432.750.737.667.080
6/11/2025;2.309.999.942.779.540;24.100.000.858.306.800;22.799.999.713.897.700;22.820.000.648.498.500;2346800;-0.02564240709679105;5.421.107.865.715.020;0.13000011444091797;5.421.107.865.715.020
7/11/2025;2.359.999.895.095.820;24.100.000.858.306.800;22.049.999.237.060.500;2.299.999.952.316.280;2091500;0.02141407482365579;4.935.939.780.592.910;0.2050001621246338;4.935.939.780.592.910
10/11/2025;24.800.000.190.734.800;2.619.999.885.559.080;2.440.000.057.220.450;2.450.000.047.683.710;4072700;0.04959699328121657;10.100.296.077.680.500;0.17999982833862305;10.100.296.077.680.500
11/11/2025;25.899.999.141.693.100;25.950.000.286.102.200;24.600.000.381.469.700;2.490.000.009.536.740;2299900;0.04339927470437112;5.956.740.802.598;0.13499999046325684;5.956.740.802.598
12/11/2025;2.700.000.047.683.710;27.100.000.381.469.700;25.350.000.858.306.800;2.630.000.114.440.910;3419300;0.041593948098734956;923.211.016.304.493;0.17499995231628418;923.211.016.304.493
13/11/2025;2.509.999.990.463.250;26.619.999.408.721.900;2.5;26.500.000.953.674.300;2324400;-0.07296904132672553;5.834.243.977.832.790;0.16199994087219238;5.834.243.977.832.790
14/11/2025;27.100.000.381.469.700;27.699.999.809.265.100;24.200.000.762.939.400;24.200.000.762.939.400;2785200;0.07666589962378983;7.547.892.106.246.940;0.34999990463256836;7.547.892.106.246.940
17/11/2025;2.990.000.009.536.740;3.059.999.942.779.540;26.540.000.438.690.100;27.100.000.381.469.700;6266500;0.0983247416241582;18.736.835.059.762;0.40599989891052246;18.736.835.059.762
18/11/2025;3.049.999.952.316.280;30.999.999.046.325.600;29.210.000.038.146.900;29.800.000.190.734.800;2897700;0.019868184393173678;8.837.984.861.826.890;0.1789999008178711;8.837.984.861.826.890
19/11/2025;3.140.000.104.904.170;3.194.999.933.242.790;30.199.999.809.265.100;3.059.999.942.779.540;3058700;0.02908125834381926;96.043.183.208.704;0.17499995231628418;96.043.183.208.704
20/11/2025;3.109.999.895.095.820;32.750.000.953.674.300;3.049.999.952.316.280;32.200.000.286.102.200;2952000;-0.009600140869238029;9.180.719.690.322.870;0.22500014305114746;9.180.719.690.322.870
21/11/2025;3.059.999.942.779.540;31.700.000.762.939.400;2.930.000.066.757.200;3.109.999.895.095.820;2742500;-0.016207795195103483;8.392.049.843.072.890;0.24000000953674316;8.392.049.843.072.890
24/11/2025;3.180.000.066.757.200;32.300.000.190.734.800;2.994.999.885.559.080;30.799.999.237.060.500;2735000;0.03846632052012333;8.697.300.182.580.940;0.2350001335144043;8.697.300.182.580.940
25/11/2025;32.699.999.809.265.100;33.350.000.381.469.700;3.190.000.057.220.450;3.240.000.009.536.740;2389600;0.027908761291375452;7.813.991.954.421.990;0.14499998092651367;7.813.991.954.421.990
26/11/2025;33.399.999.141.693.100;3.369.999.885.559.080;32.200.000.286.102.200;3.309.999.942.779.540;1718500;0.021180802214506245;5.739.789.852.499.960;0.14999985694885254;5.739.789.852.499.960
28/11/2025;33.399.999.141.693.100;34.000.000.953.674.300;3.25;3.325.000.047.683.710;1137300;0.0;3.798.581.902.384.750;0.15000009536743164;3.798.581.902.384.750
1/12/2025;3.140.000.104.904.170;3.305.000.066.757.200;31.050.000.190.734.800;32.699.999.809.265.100;3601200;-0.0617479479616635;11.307.768.377.780.900;0.20000004768371582;11.307.768.377.780.900
2/12/2025;2.990.000.009.536.740;31.500.000.953.674.300;29.749.999.046.325.600;3.140.000.104.904.170;3665600;-0.048949442736993025;10.960.144.034.957.800;0.17500019073486328;10.960.144.034.957.800
3/12/2025;34.200.000.762.939.400;3.450.000.047.683.710;3.009.999.990.463.250;30.399.999.618.530.200;4711500;0.1343671827905434;16.113.330.359.458.900;0.440000057220459;16.113.330.359.458.900
4/12/2025;3.319.999.933.242.790;3.430.000.066.757.200;3.299.999.952.316.280;34.100.000.858.306.800;2191700;-0.029675810561878704;727.644.385.368.824;0.13000011444091797;727.644.385.368.824
5/12/2025;33.299.999.237.060.500;34.000.000.953.674.300;3.244.999.885.559.080;33.499.999.046.325.600;2223500;0.003007518260451599;7.404.254.830.360.410;0.1550002098083496;7.404.254.830.360.410
8/12/2025;34.100.000.858.306.800;34.600.000.381.469.700;33.499.999.046.325.600;33.499.999.046.325.600;1842100;0.02374003538445756;6.281.561.158.108.710;0.1100001335144043;6.281.561.158.108.710
9/12/2025;3.450.000.047.683.710;35.399.999.618.530.200;3.430.000.066.757.200;3.450.000.047.683.710;1647500;0.011661928398920107;5.683.875.078.558.920;0.1099998950958252;5.683.875.078.558.920
10/12/2025;3.490.000.009.536.740;35.280.001.163.482.600;33.399.999.141.693.100;3.484.999.895.095.820;3054000;0.01152749408229181;10.658.460.029.125.200;0.18800020217895508;10.658.460.029.125.200
11/12/2025;3.619.999.885.559.080;3.799.999.952.316.280;34.700.000.286.102.200;3.5;4286600;0.03657225527723889;15.517.491.509.437.500;0.3299999237060547;15.517.491.509.437.500
12/12/2025;35.999.999.046.325.600;37.899.999.618.530.200;3.559.999.942.779.540;37.200.000.286.102.200;3479500;-0.005540175253055251;12.526.199.668.169.000;0.23000001907348633;12.526.199.668.169.000
15/12/2025;37.899.999.618.530.200;3.869.999.885.559.080;35.250.000.953.674.300;3.700.000.047.683.710;8630500;0.05143219005805984;32.709.594.670.772.500;0.3449997901916504;32.709.594.670.772.500
16/12/2025;3.559.999.942.779.540;3.865.000.009.536.740;35.350.000.858.306.800;3.799.999.952.316.280;4856700;-0.06260548023839434;17.289.851.722.097.300;0.3299999237060547;17.289.851.722.097.300
17/12/2025;3.569.999.933.242.790;3.819.999.933.242.790;3.494.999.885.559.080;3.640.000.104.904.170;3704600;0.0028050483012747717;13.225.421.752.691.200;0.3250000476837158;13.225.421.752.691.200
18/12/2025;3.430.000.066.757.200;3.609.999.895.095.820;34.000.000.953.674.300;3.569.999.933.242.790;4536800;-0.040005296451461676;15.561.224.302.864.000;0.20999979972839355;15.561.224.302.864.000
19/12/2025;3.440.000.057.220.450;35.999.999.046.325.600;3.369.999.885.559.080;34.100.000.858.306.800;15018800;0.0029112073785717086;5.166.467.285.938.260;0.23000001907348633;5.166.467.285.938.260
22/12/2025;37.699.999.809.265.100;37.699.999.809.265.100;3.430.000.066.757.200;34.800.000.190.734.800;4263200;0.091603508381478;16.072.263.918.685.900;0.3399999141693115;16.072.263.918.685.900
23/12/2025;32.850.000.858.306.800;37.699.999.809.265.100;32.100.000.381.469.700;3.75;5665700;-0.13770831833600217;1.861.182.498.629.090;0.559999942779541;1.861.182.498.629.090
24/12/2025;3.440.000.057.220.450;36.500.000.953.674.300;32.699.999.809.265.100;32.699.999.809.265.100;3250000;0.04610480995452434;11.180.000.185.966.400;0.38000011444091797;11.180.000.185.966.400
26/12/2025;32.300.000.190.734.800;34.600.000.381.469.700;3.140.000.104.904.170;34.100.000.858.306.800;4371100;-0.06298934487949187;14.118.653.083.372.100;0.31999993324279785;14.118.653.083.372.100
29/12/2025;32.100.000.381.469.700;33.499.999.046.325.600;32.100.000.381.469.700;3.25;4114200;-0.006211194113952757;13.206.582.156.944.200;0.1399998664855957;13.206.582.156.944.200
30/12/2025;3.119.999.885.559.080;3.259.999.990.463.250;30.399.999.618.530.200;32.100.000.381.469.700;4106000;-0.02843798388410763;1.281.071.953.010.550;0.2200000286102295;1.281.071.953.010.550
31/12/2025;30.999.999.046.325.600;32.100.000.381.469.700;3.075.000.047.683.710;3.119.999.885.559.080;3446100;-0.006430884414196457;10.682.909.671.354.200;0.13499999046325684;10.682.909.671.354.200
2/01/2026;2.880.000.114.440.910;31.500.000.953.674.300;28.499.999.046.325.600;31.500.000.953.674.300;3855200;-0.07361174684312878;11.102.976.441.192.600;0.3000001907348633;11.102.976.441.192.600
5/01/2026;2.740.000.009.536.740;29.700.000.286.102.200;27.249.999.046.325.600;29.100.000.858.306.800;4470100;-0.04983241000374153;12.248.074.042.630.100;0.24500012397766113;12.248.074.042.630.100
6/01/2026;2.559.999.942.779.540;2.759.999.990.463.250;25.199.999.809.265.100;27.100.000.381.469.700;5604400;-0.06795068774081293;1.434.726.367.931.360;0.24000000953674316;1.434.726.367.931.360
7/01/2026;24.100.000.858.306.800;26.500.000.953.674.300;2.359.999.895.095.820;2.549.999.952.316.280;6886300;-0.060380453022772514;1.659.598.359.105.580;0.29000020027160645;1.659.598.359.105.580
8/01/2026;2.5;25.399.999.618.530.200;23.499.999.046.325.600;23.499.999.046.325.600;7132800;0.03666394875719851;17832000.0;0.19000005722045898;17832000.0
9/01/2026;2.5;2.609.999.895.095.820;24.100.000.858.306.800;25.399.999.618.530.200;3403200;0.0;8508000.0;0.19999980926513672;8508000.0
12/01/2026;25.199.999.809.265.100;26.500.000.953.674.300;2.490.000.009.536.740;25.199.999.809.265.100;4221700;0.007968162080333152;10.638.683.919.477.400;0.16000008583068848;10.638.683.919.477.400
13/01/2026;26.600.000.858.306.800;2.690.000.057.220.450;24.200.000.762.939.400;25.199.999.809.265.100;5049100;0.054067261106295166;1.343.060.643.336.770;0.26999998092651367;1.343.060.643.336.770
14/01/2026;2.549.999.952.316.280;26.500.000.953.674.300;24.800.000.190.734.800;2.630.000.114.440.910;3508900;-0.042232814589945086;894.769.483.268.261;0.1700000762939453;894.769.483.268.261
15/01/2026;2.450.000.047.683.710;25.799.999.237.060.500;2.440.000.057.220.450;25.399.999.618.530.200;2717200;-0.040005296451461676;6.657.140.129.566.190;0.1399998664855957;6.657.140.129.566.190
16/01/2026;25.199.999.809.265.100;2.640.000.104.904.170;2.450.000.047.683.710;24.800.000.190.734.800;3874200;0.028170849935111448;97.629.839.261.055;0.19000005722045898;97.629.839.261.055
20/01/2026;25.999.999.046.325.600;2.630.000.114.440.910;2.380.000.114.440.910;2.430.000.066.757.200;3948600;0.03125251439316623;1.026.635.962.343.210;0.25;1.026.635.962.343.210
21/01/2026;2.740.000.009.536.740;2.755.000.114.440.910;2.559.999.942.779.540;25.999.999.046.325.600;6338800;0.052446515532887684;17.368.312.060.451.500;0.19500017166137695;17.368.312.060.451.500
22/01/2026;2.869.999.885.559.080;2.999.000.072.479.240;2.75;27.899.999.618.530.200;7513900;0.046354066016102535;21.564.892.140.102.300;0.24900007247924805;21.564.892.140.102.300
23/01/2026;2.700.000.047.683.710;29.200.000.762.939.400;26.700.000.762.939.400;29.000.000.953.674.300;4250700;-0.06106019922572593;1.147.689.020.268.910;0.25;1.147.689.020.268.910
26/01/2026;26.600.000.858.306.800;27.790.000.438.690.100;2.634.999.990.463.250;2.740.000.009.536.740;2805100;-0.014925635610135437;7.461.566.240.763.660;0.14400005340576172;7.461.566.240.763.660
27/01/2026;2.640.000.104.904.170;2.674.999.952.316.280;2.490.000.009.536.740;26.600.000.858.306.800;3584400;-0.007547198166129499;9.462.816.376.018.520;0.18499994277954102;9.462.816.376.018.520
28/01/2026;2.549.999.952.316.280;27.200.000.286.102.200;2.5;2.690.000.057.220.450;5838300;-0.034685616423815666;14.887.664.721.608.100;0.2200000286102295;14.887.664.721.608.100
29/01/2026;24.200.000.762.939.400;2.569.999.933.242.790;24.000.000.953.674.300;2.569.999.933.242.790;4829000;-0.05232576877582004;11.686.180.368.423.400;0.1699998378753662;11.686.180.368.423.400
30/01/2026;22.799.999.713.897.700;24.700.000.286.102.200;22.699.999.809.265.100;2.430.000.066.757.200;4638100;-0.05959214127701519;10.574.867.867.302.800;0.20000004768371582;10.574.867.867.302.800
2/02/2026;24.800.000.190.734.800;2.630.000.114.440.910;2.265.000.104.904.170;2.299.999.952.316.280;8764600;0.08408313744980961;2.173.620.816.717.140;0.36500000953674316;2.173.620.816.717.140
3/02/2026;26.700.000.762.939.400;2.755.000.114.440.910;2.381.999.969.482.420;24.800.000.190.734.800;7079500;0.07381993311885647;18.902.265.540.122.900;0.3730001449584961;18.902.265.540.122.900
4/02/2026;24.600.000.381.469.700;26.600.000.858.306.800;2.319.999.933.242.790;26.600.000.858.306.800;6850700;-0.08191713553549837;16.852.722.261.333.400;0.3400001525878906;16.852.722.261.333.400
5/02/2026;2.434.999.942.779.540;25.399.999.618.530.200;24.000.000.953.674.300;2.440.000.057.220.450;5109300;-0.010214632415779693;12.441.145.207.643.500;0.1399998664855957;12.441.145.207.643.500
6/02/2026;2.259.999.990.463.250;2.5;22.300.000.190.734.800;24.749.999.046.325.600;7931800;-0.0745819239709944;1.792.586.792.435.640;0.26999998092651367;1.792.586.792.435.640
9/02/2026;2.259.999.990.463.250;2.359.999.895.095.820;21.600.000.858.306.800;22.699.999.809.265.100;5801000;0.0;13.110.259.944.677.300;0.19999980926513672;13.110.259.944.677.300
10/02/2026;23.299.999.237.060.500;24.100.000.858.306.800;2.259.999.990.463.250;22.799.999.713.897.700;6553000;0.030503425769029403;15.268.489.500.045.700;0.15000009536743164;15.268.489.500.045.700
11/02/2026;23.499.999.046.325.600;2.380.000.114.440.910;2.240.000.009.536.740;23.299.999.237.060.500;5451900;0.008547052740754738;128.119.644.800.663;0.1400001049041748;128.119.644.800.663
12/02/2026;2.319.999.933.242.790;2.380.000.114.440.910;22.699.999.809.265.100;2.359.999.895.095.820;3220000;-0.012848130670618841;7.470.399.785.041.800;0.1100001335144043;7.470.399.785.041.800
13/02/2026;22.899.999.618.530.200;2.494.999.885.559.080;22.799.999.713.897.700;23.399.999.141.693.100;5145800;-0.013015355995480553;11.783.881.803.703.300;0.21499991416931152;11.783.881.803.703.300
17/02/2026;21.500.000.953.674.300;23.399.999.141.693.100;2.140.000.104.904.170;2.299.999.952.316.280;6206900;-0.06308391441156609;13.344.835.591.936.100;0.19999980926513672;13.344.835.591.936.100
18/02/2026;21.700.000.762.939.400;2.234.999.895.095.820;2.109.999.895.095.820;21.600.000.858.306.800;5776300;0.00925931621435227;12.534.571.440.696.700;0.125;12.534.571.440.696.700
19/02/2026;2.109.999.895.095.820;22.260.000.705.718.900;20.999.999.046.325.600;2.180.000.066.757.200;5210400;-0.028039304940512183;10.993.943.453.407.200;0.12600016593933105;10.993.943.453.407.200
20/02/2026;2.130.000.114.440.910;22.200.000.286.102.200;2.059.999.942.779.540;20.999.999.046.325.600;8452400;0.009434135679107399;18.003.612.967.300.400;0.16000008583068848;18.003.612.967.300.400
23/02/2026;0.4230000078678131;0.6000000238418579;0.3319999873638153;0.5960000157356262;273892300;-1.616.505.114.785.290;11.585.644.505.493.300;0.2680000364780426;11.585.644.505.493.300
24/02/2026;0.41499999165534973;0.4449999928474426;0.35600000619888306;0.3880000114440918;71290800;-0.01909369752320173;29.585.681.405.103.200;0.08899998664855957;29.585.681.405.103.200
25/02/2026;0.3799999952316284;0.4009999930858612;0.3310000002384186;0.4009999930858612;73681500;-0.08810725995102194;2.799.896.964.865.920;0.06999999284744263;2.799.896.964.865.920
26/02/2026;0.4020000100135803;0.4180000126361847;0.3630000054836273;0.3709999918937683;34536400;0.05628087335633934;13.883.633.145.833.000;0.05500000715255737;13.883.633.145.833.000
27/02/2026;0.42500001192092896;0.4449999928474426;0.38999998569488525;0.38999998569488525;27492100;0.0556370834452364;1.168.414.282.773.130;0.05500000715255737;1.168.414.282.773.130
2/03/2026;0.42899999022483826;0.4449999928474426;0.3919999897480011;0.40700000524520874;14396000;0.0093676991684309;6.175.883.859.276.770;0.05300000309944153;6.175.883.859.276.770
3/03/2026;0.4699999988079071;0.5009999871253967;0.41200000047683716;0.41999998688697815;20495400;0.09127579602564445;963.283.797.556.758;0.08899998664855957;963.283.797.556.758
4/03/2026;0.5799999833106995;0.5979999899864197;0.4650000035762787;0.4729999899864197;25324700;0.21029538259807215;1.468.832.557.734.840;0.132999986410141;1.468.832.557.734.840
5/03/2026;0.5220000147819519;0.5699999928474426;0.47600001096725464;0.5699999928474426;21213500;-0.10536045856525464;11.073.447.313.576.900;0.09399998188018799;11.073.447.313.576.900
6/03/2026;0.5009999871253967;0.5289999842643738;0.48500001430511475;0.5130000114440918;12042500;-0.041061540813500275;603.329.234.495.759;0.04399996995925903;603.329.234.495.759
9/03/2026;0.5550000071525574;0.5649999976158142;0.4830000102519989;0.49900001287460327;9228100;0.10236205124687156;5.121.595.566.004.510;0.08199998736381531;5.121.595.566.004.510
10/03/2026;0.5070000290870667;0.5690000057220459;0.49799999594688416;0.5600000023841858;9538700;-0.09045706567180355;4.836.121.177.452.800;0.07100000977516174;4.836.121.177.452.800
11/03/2026;0.49000000953674316;0.5199999809265137;0.49000000953674316;0.5099999904632568;8137700;-0.0341056503947084;3.987.473.077.607.150;0.029999971389770508;3.987.473.077.607.150
12/03/2026;0.46000000834465027;0.49000000953674316;0.4519999921321869;0.47999998927116394;10443300;-0.06317890294372862;4.803.918.087.145.680;0.038000017404556274;4.803.918.087.145.680
13/03/2026;0.43700000643730164;0.4819999933242798;0.4359999895095825;0.4659999907016754;5999900;-0.051293297797427174;2.621.956.338.623.160;0.046000003814697266;2.621.956.338.623.160
16/03/2026;0.4560000002384186;0.47999998927116394;0.4429999887943268;0.4480000138282776;6188900;0.04255960021097651;28.221.384.014.755.400;0.03700000047683716;28.221.384.014.755.400
17/03/2026;0.47200000286102295;0.48500001430511475;0.45100000500679016;0.45399999618530273;6383600;0.03448618160981074;3.013.059.218.263.620;0.034000009298324585;3.013.059.218.263.620
18/03/2026;0.4339999854564667;0.4699999988079071;0.42399999499320984;0.4580000042915344;10906000;-0.08393449105708578;4.733.203.841.388.220;0.046000003814697266;4.733.203.841.388.220
19/03/2026;0.4519999921321869;0.4699999988079071;0.4050000011920929;0.42399999499320984;10720800;0.04063766183560592;4.845.801.515.650.740;0.06499999761581421;4.845.801.515.650.740
20/03/2026;0.421999990940094;0.44999998807907104;0.4000000059604645;0.44999998807907104;29612200;-0.06867686985852481;12.496.348.131.716.200;0.04999998211860657;12.496.348.131.716.200
23/03/2026;0.37299999594688416;0.4090000092983246;0.36399999260902405;0.4000000059604645;28704200;-0.1234268837894869;10.706.666.483.658.500;0.04500001668930054;10.706.666.483.658.500
24/03/2026;0.3449999988079071;0.3799999952316284;0.32100000977516174;0.3779999911785126;23456400;-0.0780339952015351;8.092.457.972.037.790;0.058999985456466675;8.092.457.972.037.790
25/03/2026;0.38199999928474426;0.3970000147819519;0.3499999940395355;0.3540000021457672;15000600;0.10187619315816;5.730.229.189.270.730;0.04700002074241638;5.730.229.189.270.730
26/03/2026;0.375;0.41100001335144043;0.36399999260902405;0.37400001287460327;9464500;-0.018494580763767123;3549187.5;0.04700002074241638;3549187.5
27/03/2026;0.34700000286102295;0.3799999952316284;0.3440000116825104;0.36000001430511475;9487100;-0.0776012377785287;3.292.023.727.142.810;0.03599998354911804;3.292.023.727.142.810
30/03/2026;0.3199999928474426;0.3499999940395355;0.3199999928474426;0.3409999907016754;7585600;-0.08100381474985194;2.427.391.945.743.560;0.030000001192092896;2.427.391.945.743.560
31/03/2026;0.32899999618530273;0.33799999952316284;0.3199999928474426;0.3230000138282776;7205600;0.027736765728517052;23.706.423.725.128.100;0.018000006675720215;23.706.423.725.128.100
1/04/2026;0.36500000953674316;0.3779999911785126;0.3330000042915344;0.3370000123977661;10666100;0.1038396405400073;38.931.266.017.198.500;0.04499998688697815;38.931.266.017.198.500
2/04/2026;0.3700000047683716;0.38100001215934753;0.3440000116825104;0.3479999899864197;5810700;0.01360563881520608;21.499.590.277.075.700;0.03700000047683716;21.499.590.277.075.700
6/04/2026;0.34599998593330383;0.3799999952316284;0.33399999141693115;0.3790000081062317;9805200;-0.06706428412322864;33.925.990.620.732.300;0.046000003814697266;33.925.990.620.732.300
7/04/2026;0.33000001311302185;0.3499999940395355;0.3199999928474426;0.3479999899864197;8481700;-0.04734604020557727;27.989.611.112.207.100;0.030000001192092896;27.989.611.112.207.100
8/04/2026;0.34700000286102295;0.3490000069141388;0.32199999690055847;0.3449999988079071;6916400;0.05023209399492708;2.399.990.819.787.970;0.027000010013580322;2.399.990.819.787.970
9/04/2026;0.3720000088214874;0.3779999911785126;0.33799999952316284;0.34700000286102295;7970700;0.06956908979494003;296.510.047.031.343;0.03999999165534973;296.510.047.031.343
10/04/2026;0.4099999964237213;0.42899999022483826;0.3659999966621399;0.3659999966621399;11775600;0.09726327298890032;4.827.995.957.887.170;0.06299999356269836;4.827.995.957.887.170
13/04/2026;0.4009999930858612;0.4099999964237213;0.38100001215934753;0.39800000190734863;6837700;-0.022195740911394812;2.741.917.652.723.190;0.02899998426437378;2.741.917.652.723.190
14/04/2026;0.4320000112056732;0.4320000112056732;0.4020000100135803;0.4020000100135803;6939300;0.07446420411884068;2.997.777.677.759.520;0.030000001192092896;2.997.777.677.759.520
15/04/2026;0.45100000500679016;0.46799999475479126;0.42399999499320984;0.42899999022483826;8782800;0.04304173642104021;39.610.428.439.736.300;0.04399999976158142;39.610.428.439.736.300
16/04/2026;0.43700000643730164;0.46000000834465027;0.4230000078678131;0.44999998807907104;5149400;-0.03153414077795115;2.250.287.833.148.240;0.03700000047683716;2.250.287.833.148.240
17/04/2026;0.44600000977516174;0.46700000762939453;0.4339999854564667;0.4399999976158142;4082800;0.020385764111209508;18.209.288.399.100.300;0.033000022172927856;18.209.288.399.100.300
20/04/2026;0.41999998688697815;0.46000000834465027;0.414000004529953;0.4390000104904175;4577100;-0.060064293881533976;19.223.819.399.803.800;0.046000003814697266;19.223.819.399.803.800
21/04/2026;0.37700000405311584;0.4180000126361847;0.36399999260902405;0.4180000126361847;9344800;-0.10800948185695175;3.522.989.637.875.550;0.054000020027160645;3.522.989.637.875.550
22/04/2026;0.38999998569488525;0.3930000066757202;0.3700000047683716;0.3700000047683716;4799100;0.03390150424492886;18.716.489.313.483.200;0.023000001907348633;18.716.489.313.483.200
23/04/2026;0.37400001287460327;0.3919999897480011;0.36000001430511475;0.3919999897480011;4196400;-0.0418908706053058;15.694.536.540.269.800;0.03199997544288635;15.694.536.540.269.800
24/04/2026;0.3630000054836273;0.37700000405311584;0.3610000014305115;0.3720000088214874;3262500;-0.029852982467342245;11.842.875.178.903.300;0.01600000262260437;11.842.875.178.903.300
27/04/2026;0.3490000069141388;0.3799999952316284;0.3400000035762787;0.36399999260902405;6299100;-0.03933090735754905;21.983.859.435.528.500;0.03999999165534973;21.983.859.435.528.500
28/04/2026;0.3449999988079071;0.3499999940395355;0.3269999921321869;0.3479999899864197;7900200;-0.011527528437694915;27.255.689.905.822.200;0.023000001907348633;27.255.689.905.822.200
29/04/2026;0.3499999940395355;0.36000001430511475;0.3310000002384186;0.3449999988079071;5127900;0.014388723877542623;17.947.649.694.353.300;0.029000014066696167;17.947.649.694.353.300
30/04/2026;0.36800000071525574;0.36899998784065247;0.33799999952316284;0.3499999940395355;3456900;0.050149802658999855;12.721.392.024.725.600;0.030999988317489624;12.721.392.024.725.600
1/05/2026;0.3700000047683716;0.3700000047683716;0.3499999940395355;0.36000001430511475;2371500;0.005420078413200232;8.774.550.113.081.930;0.02000001072883606;8.774.550.113.081.930
4/05/2026;0.3499999940395355;0.3799999952316284;0.34599998593330383;0.3700000047683716;3890800;-0.05556988107220008;13.617.799.768.090.200;0.034000009298324585;13.617.799.768.090.200
5/05/2026;0.335999995470047;0.36399999260902405;0.33000001311302185;0.3540000021457672;4346600;-0.040821990972359515;14.604.575.803.101.000;0.0339999794960022;14.604.575.803.101.000
6/05/2026;0.3499999940395355;0.36000001430511475;0.3330000042915344;0.3449999988079071;4552100;0.04082199097235956;15.932.349.728.673.600;0.027000010013580322;15.932.349.728.673.600
7/05/2026;0.3440000116825104;0.3529999852180481;0.32899999618530273;0.3499999940395355;3894600;-0.017291446119376913;1.339.742.445.498.700;0.02399998903274536;1.339.742.445.498.700
8/05/2026;0.3269999921321869;0.3490000069141388;0.32499998807907104;0.3400000035762787;3392900;-0.050681544497521214;1.109.478.273.305.290;0.02400001883506775;1.109.478.273.305.290
11/05/2026;0.33899998664855957;0.33899998664855957;0.3140000104904175;0.32499998807907104;3055600;0.03603992115900693;10.358.483.592.033.300;0.02499997615814209;10.358.483.592.033.300
12/05/2026;0.3409999907016754;0.3449999988079071;0.3199999928474426;0.32199999690055847;2684600;0.005882382020032925;9.154.485.750.377.170;0.025000005960464478;9.154.485.750.377.170
13/05/2026;0.3440000116825104;0.35499998927116394;0.33000001311302185;0.3409999907016754;3320900;0.008759241318481372;11.423.896.387.964.400;0.02499997615814209;11.423.896.387.964.400
14/05/2026;0.33000001311302185;0.35499998927116394;0.33000001311302185;0.35499998927116394;2707300;-0.04154899713722882;893.409.035.500.884;0.02499997615814209;893.409.035.500.884
15/05/2026;0.3400000035762787;0.3400000035762787;0.3160000145435333;0.33000001311302185;5500900;0.029852933931718787;18.703.060.196.727.500;0.02399998903274536;18.703.060.196.727.500
18/05/2026;0.19300000369548798;0.30000001192092896;0.16300000250339508;0.30000001192092896;58014600;-0.5662554200761823;11.196.818.014.392.200;0.13700000941753387;11.196.818.014.392.200
19/05/2026;0.19900000095367432;0.21899999678134918;0.19499999284744263;0.20000000298023224;26042800;0.030614621464334104;51.825.172.248.363.400;0.024000003933906555;51.825.172.248.363.400
20/05/2026;0.2150000035762787;0.2199999988079071;0.19499999284744263;0.20000000298023224;15581000;0.07733321524469143;3.349.915.055.721.990;0.025000005960464478;3.349.915.055.721.990
21/05/2026;0.20100000500679016;0.23999999463558197;0.1899999976158142;0.23999999463558197;36709800;-0.06733311179303783;7.378.669.983.798.260;0.04999999701976776;7.378.669.983.798.260
22/05/2026;0.20999999344348907;0.21199999749660492;0.19599999487400055;0.20000000298023224;12800500;0.04380256652750844;2.688.104.916.073.380;0.01600000262260437;2.688.104.916.073.380
26/05/2026;0.2199999988079071;0.23899999260902405;0.210999995470047;0.21899999678134918;13230300;0.04652004143776977;29.106.659.842.282.500;0.02799999713897705;29.106.659.842.282.500
27/05/2026;0.21799999475479126;0.2280000001192093;0.1979999989271164;0.2280000001192093;16239800;-0.00913250220525933;3.540.276.314.818.850;0.030000001192092896;3.540.276.314.818.850
28/05/2026;0.210999995470047;0.21299999952316284;0.20200000703334808;0.210999995470047;11699700;-0.03263692672140349;2.468.636.647.000.900;0.010999992489814758;2.468.636.647.000.900
29/05/2026;0.23100000619888306;0.23100000619888306;0.2029999941587448;0.21199999749660492;13216400;0.09055962534969017;3.052.988.481.926.910;0.028000012040138245;3.052.988.481.926.910
1/06/2026;0.1979999989271164;0.23499999940395355;0.1979999989271164;0.23199999332427979;19804300;-0.15415071208085357;3.921.251.378.752.290;0.03700000047683716;3.921.251.378.752.290
2/06/2026;0.20000000298023224;0.20200000703334808;0.19499999284744263;0.20200000703334808;11592100;0.01005035617326661;231.842.003.454.715;0.0070000141859054565;231.842.003.454.715
3/06/2026;0.18799999356269836;0.20000000298023224;0.18299999833106995;0.19900000095367432;12271200;-0.06187545286021527;2.306.985.521.006.580;0.017000004649162292;2.306.985.521.006.580
4/06/2026;0.17800000309944153;0.19099999964237213;0.17599999904632568;0.1860000044107437;9006400;-0.05465836088430458;16.031.392.279.148.100;0.015000000596046448;16.031.392.279.148.100
5/06/2026;0.17499999701976776;0.18000000715255737;0.1679999977350235;0.18000000715255737;13195800;-0.01699761081106246;23.092.649.606.734.500;0.012000009417533875;23.092.649.606.734.500
8/06/2026;0.16599999368190765;0.17900000512599945;0.164000004529953;0.17900000512599945;14269400;-0.052798206597870184;2.368.720.309.844.610;0.015000000596046448;2.368.720.309.844.610
9/06/2026;0.1599999964237213;0.16899999976158142;0.15299999713897705;0.16899999976158142;13174800;-0.036813957413660316;21.079.679.528.832.400;0.01600000262260437;21.079.679.528.832.400
10/06/2026;0.15600000321865082;0.16599999368190765;0.14000000059604645;0.15700000524520874;34015800;-0.02531776500017097;53.064.649.094.849.800;0.025999993085861206;53.064.649.094.849.800
11/06/2026;0.1770000010728836;0.18000000715255737;0.15399999916553497;0.1589999943971634;22657800;0.12629371075340454;4.010.430.624.309.180;0.0260000079870224;4.010.430.624.309.180
12/06/2026;0.16200000047683716;0.18400000035762787;0.1599999964237213;0.17900000512599945;17990600;-0.08855340045949513;29.144.772.085.785.800;0.024000003933906555;29.144.772.085.785.800
15/06/2026;0.16699999570846558;0.18000000715255737;0.16599999368190765;0.17000000178813934;16232300;0.030397448543120594;2.710.794.030.338.520;0.01400001347064972;2.710.794.030.338.520
16/06/2026;0.1679999977350235;0.17299999296665192;0.16599999368190765;0.1679999977350235;8744500;0.005970179202312089;1.469.075.980.193.910;0.006999999284744263;1.469.075.980.193.910
17/06/2026;0.17900000512599945;0.1850000023841858;0.1550000011920929;0.1599999964237213;23153100;0.06342186855636717;4.144.405.018.682.770;0.030000001192092896;4.144.405.018.682.770
18/06/2026;0.1679999977350235;0.20000000298023224;0.1599999964237213;0.19499999284744263;23415700;-0.06342186855636713;39.338.375.469.639.800;0.040000006556510925;39.338.375.469.639.800
22/06/2026;0.164000004529953;0.17599999904632568;0.1599999964237213;0.17599999904632568;11641500;-0.024097510475393182;1.909.206.052.735.440;0.01600000262260437;1.909.206.052.735.440
23/06/2026;0.17100000381469727;0.17900000512599945;0.15600000321865082;0.16099999845027924;13387500;0.041797123364968;22.892.625.510.692.500;0.023000001907348633;22.892.625.510.692.500
24/06/2026;0.16899999976158142;0.1809999942779541;0.1679999977350235;0.17100000381469727;12287500;-0.011764865298518116;20.765.874.970.704.300;0.012999996542930603;20.765.874.970.704.300
25/06/2026;0.16500000655651093;0.17800000309944153;0.16099999845027924;0.17000000178813934;11359800;-0.023953199875303022;18.743.670.744.806.500;0.017000004649162292;18.743.670.744.806.500
26/06/2026;0.15700000524520874;0.17100000381469727;0.1509999930858612;0.1679999977350235;38552900;-0.049699674879729296;6.052.805.502.218.000;0.02000001072883606;6.052.805.502.218.000
29/06/2026;0.164000004529953;0.17000000178813934;0.15299999713897705;0.16200000047683716;15675000;0.04362061668858229;25.707.000.710.070.100;0.017000004649162292;25.707.000.710.070.100
30/06/2026;0.16500000655651093;0.17399999499320984;0.16200000047683716;0.17100000381469727;10802500;0.006079058191147036;17.824.125.708.267.000;0.01199999451637268;17.824.125.708.267.000
1/07/2026;0.1679999977350235;0.17000000178813934;0.16300000250339508;0.16699999570846558;11741600;0.018018452284246082;1.972.588.773.405.550;0.006999999284744263;1.972.588.773.405.550
2/07/2026;0.17299999296665192;0.17800000309944153;0.164000004529953;0.16899999976158142;16490100;0.02932758792133106;2.852.787.184.019.380;0.013999998569488525;2.852.787.184.019.380
6/07/2026;0.19499999284744263;0.19499999284744263;0.16599999368190765;0.17299999296665192;16580500;0.11970796804137782;32.331.973.814.070.200;0.028999999165534973;32.331.973.814.070.200
7/07/2026;0.17800000309944153;0.20000000298023224;0.17599999904632568;0.19099999964237213;14282600;-0.09121595417928684;25.423.028.442.680.800;0.024000003933906555;25.423.028.442.680.800
8/07/2026;0.16899999976158142;0.1770000010728836;0.16599999368190765;0.17499999701976776;17800300;-0.051884854192365194;30.082.506.957.560.700;0.011000007390975952;30.082.506.957.560.700
9/07/2026;0.17499999701976776;0.18000000715255737;0.16899999976158142;0.1720000058412552;8708900;0.034887243381302724;15.240.574.740.454.500;0.011000007390975952;15.240.574.740.454.500
10/07/2026;0.17000000178813934;0.17499999701976776;0.1599999964237213;0.17499999701976776;12927900;-0.028987509324886983;21.977.430.231.168.800;0.015000000596046448;21.977.430.231.168.800
13/07/2026;0.14399999380111694;0.17000000178813934;0.14000000059604645;0.17000000178813934;30798200;-0.16598519104052772;443.494.060.908.556;0.030000001192092896;443.494.060.908.556
14/07/2026;0.14000000059604645;0.14399999380111694;0.11400000005960464;0.14399999380111694;41841700;-0.028170829661421756;5.857.838.024.939.590;0.0299999937415123;5.857.838.024.939.590
15/07/2026;0.16200000047683716;0.17100000381469727;0.12700000405311584;0.13300000131130219;24628500;0.14595391130904434;3.989.817.011.743.780;0.04399999976158142;3.989.817.011.743.780
16/07/2026;0.17100000381469727;0.17100000381469727;0.14300000667572021;0.1599999964237213;14222500;0.05406724063500731;2.432.047.554.254.530;0.02799999713897705;2.432.047.554.254.530
17/07/2026;0.17000000178813934;0.1770000010728836;0.1599999964237213;0.16599999368190765;11563900;-0.0058651312421023165;19.658.630.206.778.600;0.017000004649162292;19.658.630.206.778.600
20/07/2026;0.14100000262260437;0.17000000178813934;0.13899999856948853;0.17000000178813934;39485300;-0.1870385385905294;556.742.740.355.432;0.031000003218650818;556.742.740.355.432
21/07/2026;0.1550000011920929;0.1550000011920929;0.1420000046491623;0.14399999380111694;15126500;0.09466521563196942;2.344.607.518.032.190;0.012999996542930603;2.344.607.518.032.190
22/07/2026;0.14499999582767487;0.1550000011920929;0.13699999451637268;0.1420000046491623;16477100;-0.06669141096425064;23.891.794.312.521.800;0.018000006675720215;23.891.794.312.521.800
23/07/2026;0.14300000667572021;0.14300000667572021;0.13600000739097595;0.14300000667572021;14004100;-0.013889036702653604;20.025.863.934.874.500;0.006999999284744263;20.025.863.934.874.500
24/07/2026;0.13600000739097595;0.14499999582767487;0.13199999928474426;0.14499999582767487;10925800;-0.050189736861802434;1.485.908.880.752.320;0.012999996542930603;1.485.908.880.752.320
27/07/2026;0.19900000095367432;0.21400000154972076;0.14499999582767487;0.17299999296665192;357112200;0.3806498894353637;7.106.532.814.056.870;0.0690000057220459;7.106.532.814.056.870
28/07/2026;0.20499999821186066;0.2680000066757202;0.1899999976158142;0.2680000066757202;211222900;0.02970514089895165;4.330.069.412.230.400;0.078000009059906;4.330.069.412.230.400
29/07/2026;0.2070000022649765;0.21199999749660492;0.18199999630451202;0.20600000023841858;30263000;0.009708833791507335;6.264.441.068.544.980;0.030000001192092896;6.264.441.068.544.980
30/07/2026;0.17800000309944153;0.20499999821186066;0.1679999977350235;0.20399999618530273;30642600;-0.15093523650260665;5.454.382.894.974.940;0.03700000047683716;5.454.382.894.974.940
31/07/2026;0.17000000178813934;0.18299999833106995;0.16500000655651093;0.1770000010728836;25616400;-0.045985120135949444;4.354.788.045.805.690;0.01799999177455902;4.354.788.045.805.690
3/08/2026;0.17399999499320984;0.1770000010728836;0.1599999964237213;0.17000000178813934;17705200;0.023256822871144153;3.080.704.711.353.770;0.017000004649162292;3.080.704.711.353.770
4/08/2026;0.18199999630451202;0.18400000035762787;0.17000000178813934;0.17000000178813934;14760300;0.04495139633204367;2.686.374.545.453.480;0.013999998569488525;2.686.374.545.453.480
5/08/2026;0.17800000309944153;0.18700000643730164;0.17499999701976776;0.18700000643730164;8005600;-0.022223099067238263;1.424.996.824.812.880;0.012000009417533875;1.424.996.824.812.880
6/08/2026;0.17800000309944153;0.18199999630451202;0.1720000058412552;0.1770000010728836;8230700;0.0;14.650.646.255.105.700;0.009999990463256836;14.650.646.255.105.700
7/08/2026;0.17800000309944153;0.18199999630451202;0.17299999296665192;0.18000000715255737;10940700;0.0;194.744.463.391.006;0.009000003337860107;194.744.463.391.006
10/08/2026;0.17599999904632568;0.18000000715255737;0.16899999976158142;0.18000000715255737;17163800;-0.0112995780851302;3.020.828.783.631.320;0.011000007390975952;3.020.828.783.631.320
11/08/2026;0.18199999630451202;0.1860000044107437;0.17399999499320984;0.18000000715255737;10608500;0.03352267715236837;19.307.469.607.964.100;0.012000009417533875;19.307.469.607.964.100
12/08/2026;0.17800000309944153;0.1860000044107437;0.17299999296665192;0.18299999833106995;5333500;-0.022223099067238263;9.493.630.165.308.710;0.013000011444091797;9.493.630.165.308.710
13/08/2026;0.17000000178813934;0.1770000010728836;0.16500000655651093;0.17599999904632568;12498100;-0.045985120135949444;21.246.770.223.483.400;0.01199999451637268;21.246.770.223.483.400
14/08/2026;0.15399999916553497;0.17000000178813934;0.15299999713897705;0.17000000178813934;13858200;-0.09884585057370339;21.341.627.884.358.100;0.017000004649162292;21.341.627.884.358.100
17/08/2026;0.14000000059604645;0.15600000321865082;0.14000000059604645;0.1550000011920929;24056100;-0.09531017012824616;3.367.854.014.338.550;0.01600000262260437;3.367.854.014.338.550
18/08/2026;0.14300000667572021;0.14800000190734863;0.1379999965429306;0.14000000059604645;6788700;0.02120225007648551;9.707.841.453.194.610;0.01000000536441803;9.707.841.453.194.610
19/08/2026;0.15700000524520874;0.1589999943971634;0.1420000046491623;0.15000000596046448;6913600;0.09340116181401611;10.854.352.362.632.700;0.0169999897480011;10.854.352.362.632.700
20/08/2026;0.15800000727176666;0.164000004529953;0.1509999930858612;0.15800000727176666;6730400;0.0063492402935249655;10.634.032.489.418.900;0.013000011444091797;10.634.032.489.418.900
21/08/2026;0.1550000011920929;0.17000000178813934;0.14499999582767487;0.17000000178813934;131355500;-0.019169954440636915;2.036.010.265.658.790;0.025000005960464478;2.036.010.265.658.790
