Date;Close;High;Low;Open;Volume;Log_Returns;Monetary_Volume
25/08/2021;534.364.013.671.875;5.354.990.234.375;52.884.599.609.375;529.639.990.234.375;221100;;11.814.788.342.285.100
26/08/2021;5309.25;53.824.599.609.375;529.985.986.328.125;534.441.015.625;217200;-0.006456511940792253;1153169100.0
27/08/2021;5.326.919.921.875;5.380.830.078.125;5.278.169.921.875;531.639.990.234.375;233800;0.0033226129820709905;1.245.433.877.734.370
30/08/2021;5314.75;537.227.001.953.125;52.999.599.609.375;530.456.005.859.375;204500;-0.0022872213233078834;1086866375.0
31/08/2021;53.476.201.171.875;5.368.759.765.625;530.739.990.234.375;5.336.240.234.375;345400;0.006165650030268225;18.470.679.884.765.600
1/09/2021;540.252.001.953.125;541.664.013.671.875;534.558.984.375;536.031.005.859.375;230800;0.01021389096777953;12.469.016.205.078.100
2/09/2021;545.981.982.421.875;545.983.984.375;540.668.017.578.125;5.423.080.078.125;209800;0.010550274987909763;11.454.701.991.210.900
3/09/2021;544.931.982.421.875;545.410.986.328.125;540.677.001.953.125;543.981.982.421.875;216300;-0.0019249919940109146;11.786.878.779.785.100
7/09/2021;543.477.978.515.625;54.567.099.609.375;5388.5;542.833.984.375;344500;-0.0026717961492146295;18.722.816.359.863.200
8/09/2021;5.377.330.078.125;543.318.017.578.125;534.456.005.859.375;542.231.982.421.875;358900;-0.01062701885630188;19.299.237.650.390.600
9/09/2021;539.402.001.953.125;543.952.001.953.125;537.427.001.953.125;53.817.998.046.875;290600;0.003098953169615219;15.675.022.176.757.800
10/09/2021;536.618.017.578.125;542.327.978.515.625;535.731.005.859.375;541.627.001.953.125;547500;-0.005174607417318315;29.379.836.462.402.300
13/09/2021;530.102.001.953.125;539.197.021.484.375;528.291.015.625;539.197.021.484.375;307800;-0.01221707018173444;16.316.539.620.117.100
14/09/2021;52.827.099.609.375;536.381.982.421.875;52.730.400.390.625;531.606.005.859.375;280400;-0.0034600423281220495;1.481.271.873.046.870
15/09/2021;5333.0;53.502.998.046.875;5.291.259.765.625;529.664.990.234.375;270300;0.00947471539056019;1441509900.0
16/09/2021;535.997.021.484.375;536.893.994.140.625;529.081.005.859.375;53.213.701.171.875;210400;0.005044486516669441;1.127.737.733.203.120
17/09/2021;53.916.298.828.125;539.466.015.625;529.452.978.515.625;53.584.599.609.375;566700;0.005889311207279075;30.554.366.545.898.400
20/09/2021;527.343.017.578.125;5.354.990.234.375;52.341.298.828.125;52.972.900.390.625;329500;-0.022166691279354507;17.375.952.429.199.200
21/09/2021;532.652.978.515.625;536.018.994.140.625;529.006.005.859.375;5.300.740.234.375;218700;0.010018915871816397;11.649.120.640.136.700
22/09/2021;5.319.490.234.375;53.516.201.171.875;528.447.998.046.875;532.931.982.421.875;210800;-0.001322475778613181;112.134.854.140.625
23/09/2021;5394.75;540.564.990.234.375;53.310.400.390.625;533.122.998.046.875;213500;0.014048780277175842;1151779125.0
24/09/2021;5293.5;5.369.259.765.625;5293.5;5.354.740.234.375;193100;-0.018946605632140838;1022174850.0
27/09/2021;525.239.013.671.875;5.293.740.234.375;522.908.984.375;5287.25;214300;-0.007796415662134691;11.255.872.062.988.200
28/09/2021;509.656.982.421.875;51.870.498.046.875;509.206.982.421.875;5.182.669.921.875;255000;-0.03011550718114517;12.996.253.051.757.800
29/09/2021;507.477.001.953.125;515.485.009.765.625;506.881.005.859.375;51.340.400.390.625;221200;-0.004286522405505488;11.225.391.283.203.100
30/09/2021;508.510.986.328.125;51.457.099.609.375;5.084.240.234.375;510.068.994.140.625;234600;0.0020354270796627996;11.929.667.739.257.800
1/10/2021;499.643.994.140.625;5021.0;488.747.021.484.375;500.260.009.765.625;291200;-0.017590987517553336;14.549.633.109.375
4/10/2021;489.756.982.421.875;49.547.001.953.125;488.585.009.765.625;4.936.169.921.875;333600;-0.019986519265095225;1.633.829.293.359.370
5/10/2021;490.531.005.859.375;49.637.099.609.375;490.302.978.515.625;491.433.984.375;253600;0.0015791759311706126;1.243.986.630.859.370
6/10/2021;484.802.978.515.625;4.889.759.765.625;483.243.994.140.625;485.210.986.328.125;437100;-0.011745911229699924;21.190.738.190.917.900
7/10/2021;490.910.986.328.125;495.027.978.515.625;48.479.599.609.375;485.497.021.484.375;264400;0.012520242246226047;12.979.686.478.515.600
8/10/2021;48.832.900.390.625;491.960.986.328.125;48.692.001.953.125;491.158.984.375;408700;-0.00527345376254706;19.958.006.389.648.400
11/10/2021;488.166.015.625;49.372.900.390.625;48.671.201.171.875;487.333.984.375;312100;-0.0003338230702739708;1.523.566.134.765.620
12/10/2021;488.672.021.484.375;4925.25;487.418.994.140.625;490.735.986.328.125;232900;0.0010360077830933437;11.381.171.380.371.000
13/10/2021;490.739.013.671.875;4.927.330.078.125;489.481.982.421.875;489.816.015.625;224000;0.004220894358117925;1.099.255.390.625
14/10/2021;4.972.240.234.375;5.004.169.921.875;495.289.990.234.375;4.953.009.765.625;0;0.013128229828335869;0.0
15/10/2021;493.856.005.859.375;501.285.009.765.625;49.359.599.609.375;501.264.990.234.375;215700;-0.006796687339078445;10.652.474.046.386.700
18/10/2021;487.527.001.953.125;491.464.013.671.875;485.456.982.421.875;491.464.013.671.875;269400;-0.012898311057158707;13.133.977.432.617.100
19/10/2021;492.960.986.328.125;494.835.986.328.125;49.028.798.828.125;4.905.990.234.375;208500;0.011084358148459502;10.278.236.564.941.400
20/10/2021;492.608.984.375;496.672.021.484.375;491.856.005.859.375;49.369.501.953.125;260000;-0.0007143114716472896;1.280.783.359.375
21/10/2021;4.961.830.078.125;49.647.001.953.125;49.352.001.953.125;494.460.009.765.625;267900;0.007229101834503931;13.292.742.779.296.800
22/10/2021;49.395.400.390.625;495.727.001.953.125;488.602.001.953.125;49.540.498.046.875;218900;-0.004502422685674165;10.812.653.145.507.800
25/10/2021;499.402.978.515.625;499.910.009.765.625;492.427.001.953.125;49.423.701.171.875;212600;0.010970938664717461;10.617.307.323.242.100
26/10/2021;49.932.001.953.125;50.343.701.171.875;498.116.015.625;50.125.400.390.625;197200;-0.0001661301176162358;984.659.078.515.625
27/10/2021;49.117.099.609.375;499.664.013.671.875;491.064.990.234.375;499.422.021.484.375;226200;-0.016454883849370504;11.110.287.931.640.600
28/10/2021;500.610.009.765.625;500.672.021.484.375;4.909.509.765.625;49.226.201.171.875;220900;0.01903504628519551;11.058.475.115.722.600
29/10/2021;498.889.990.234.375;4.998.419.921.875;49.544.599.609.375;4.994.419.921.875;208700;-0.0034417633399852175;10.411.834.096.191.400
1/11/2021;506.902.978.515.625;507.068.017.578.125;496.472.998.046.875;49.809.599.609.375;242000;0.015934010409887255;12.267.052.080.078.100
2/11/2021;510.847.998.046.875;510.910.986.328.125;501.435.009.765.625;507.322.998.046.875;234800;0.007752464758640474;11.994.710.994.140.600
3/11/2021;519.666.015.625;51.987.099.609.375;508.289.990.234.375;509.585.986.328.125;302400;0.01711424141968175;1571470031.25
4/11/2021;510.485.986.328.125;512.772.021.484.375;5.062.830.078.125;512.772.021.484.375;321900;-0.01782314123002516;16.432.543.899.902.300
5/11/2021;49.694.501.953.125;5012.25;49.008.798.828.125;499.435.986.328.125;448600;-0.02688379106091758;22.292.953.576.171.800
8/11/2021;4973.0;50.021.201.171.875;494.956.982.421.875;4.983.669.921.875;306100;0.0007140704290397508;1522235300.0
9/11/2021;4.919.669.921.875;498.727.978.515.625;491.135.009.765.625;498.222.021.484.375;248200;-0.010781840528752468;1.221.062.074.609.370
10/11/2021;48.544.501.953.125;495.864.013.671.875;485.002.978.515.625;49.031.201.171.875;273000;-0.01334558891703419;13.252.649.033.203.100
11/11/2021;48.443.701.171.875;487.318.994.140.625;4.824.669.921.875;486.606.982.421.875;235500;-0.0020786201681440675;11.408.491.625.976.500
12/11/2021;4.850.009.765.625;48.645.498.046.875;481.293.994.140.625;4.859.759.765.625;237200;0.0011634883596217031;115.042.231.640.625
15/11/2021;4.824.669.921.875;486.183.984.375;481.710.009.765.625;486.072.998.046.875;228400;-0.005238396001505559;110.195.461.015.625
16/11/2021;4828.5;48.477.998.046.875;479.981.982.421.875;48.127.099.609.375;276700;0.0007935379480484443;1336045950.0
17/11/2021;482.435.009.765.625;485.010.009.765.625;4.809.509.765.625;482.502.978.515.625;258400;-0.0008598294923131017;1.246.612.065.234.370
18/11/2021;480.768.994.140.625;48.626.298.828.125;479.235.986.328.125;485.077.001.953.125;330900;-0.0034593238393245324;15.908.646.016.113.200
19/11/2021;483.256.005.859.375;485.527.001.953.125;4809.75;482.508.984.375;262700;0.005159652988640275;12.695.135.273.925.700
22/11/2021;4800.0;484.868.017.578.125;477.522.998.046.875;484.122.998.046.875;305800;-0.006760442167992965;1467840000.0
23/11/2021;478.206.005.859.375;478.735.986.328.125;46.977.001.953.125;477.693.994.140.625;270500;-0.0037444896521568603;12.935.472.458.496.000
24/11/2021;4.792.669.921.875;47.988.701.171.875;47.265.400.390.625;47.598.798.828.125;221600;0.0022162228377297912;10.620.556.546.875
26/11/2021;4.812.259.765.625;489.310.986.328.125;479.083.984.375;485.506.982.421.875;232200;0.004079128437329226;1.117.406.717.578.120
29/11/2021;48.346.201.171.875;491.602.978.515.625;482.685.009.765.625;491.381.005.859.375;294900;0.004635776930691279;14.257.294.725.585.900
30/11/2021;479.185.009.765.625;4.840.740.234.375;473.197.998.046.875;479.256.005.859.375;519300;-0.008885977934842528;24.884.077.557.128.900
1/12/2021;4.684.919.921.875;483.772.021.484.375;4.684.509.765.625;4.789.580.078.125;929200;-0.022567755437594414;435.322.759.140.625
2/12/2021;4.704.509.765.625;4.729.080.078.125;465.047.021.484.375;466.297.021.484.375;517100;0.004172750172607297;24.327.019.998.046.800
3/12/2021;4.595.080.078.125;47.411.298.828.125;457.364.013.671.875;474.002.978.515.625;478500;-0.023535390381125593;21.987.458.173.828.100
6/12/2021;452.381.982.421.875;456.668.017.578.125;446.414.990.234.375;456.397.021.484.375;454500;-0.01562945207939204;20.560.761.101.074.200
7/12/2021;46.995.498.046.875;471.356.982.421.875;457.622.998.046.875;458.439.013.671.875;342200;0.03810998708442474;16.081.859.431.640.600
8/12/2021;475.635.986.328.125;4.770.669.921.875;466.922.021.484.375;471.260.009.765.625;245400;0.012015923188362384;11.672.107.104.492.100
9/12/2021;465.139.990.234.375;47.557.900.390.625;46.507.900.390.625;474.322.998.046.875;314000;-0.022314412520883436;14.605.395.693.359.300
10/12/2021;4592.75;4.642.580.078.125;45.809.599.609.375;46.042.900.390.625;309500;-0.012689255352085843;1421456125.0
13/12/2021;465.266.015.625;4.674.509.765.625;459.618.017.578.125;460.081.005.859.375;317600;0.012960159431814692;1.477.684.865.625
14/12/2021;46.412.998.046.875;466.764.013.671.875;45.812.099.609.375;46.008.798.828.125;297400;-0.0024446753091505015;13.803.225.619.140.600
15/12/2021;474.568.994.140.625;474.889.013.671.875;4598.0;461.922.998.046.875;357200;0.022242368041281418;16.951.604.470.703.100
16/12/2021;469.543.017.578.125;4.802.509.765.625;46.793.701.171.875;47.620.400.390.625;301200;-0.01064709267331452;14.142.635.689.453.100
17/12/2021;481.797.998.046.875;48.297.998.046.875;46.445.400.390.625;466.872.998.046.875;692300;0.025765016332656373;33.354.875.404.785.100
20/12/2021;477.477.978.515.625;4832.5;474.916.015.625;4832.5;400700;-0.009006894452869167;19.132.542.599.121.000
21/12/2021;4.806.259.765.625;481.335.009.765.625;47.428.798.828.125;478.835.009.765.625;370700;0.006571331551983137;17.816.804.951.171.800
22/12/2021;4.788.669.921.875;479.156.005.859.375;472.964.013.671.875;477.433.984.375;345900;-0.0036664913716182397;16.564.009.259.765.600
23/12/2021;483.164.013.671.875;484.260.986.328.125;47.656.201.171.875;479.756.005.859.375;385200;0.008933288084604519;18.611.477.806.640.600
27/12/2021;47.613.798.828.125;479.860.986.328.125;475.243.017.578.125;479.860.986.328.125;337300;-0.01464846526218243;16.060.134.344.726.500
28/12/2021;4726.5;482.085.986.328.125;472.368.017.578.125;475.477.978.515.625;0;-0.0073525466968127244;0.0
29/12/2021;474.591.015.625;476.272.998.046.875;469.060.009.765.625;471.993.017.578.125;289900;0.004098256536000984;1.375.839.354.296.870
30/12/2021;4.770.080.078.125;481.377.001.953.125;47.262.099.609.375;472.718.994.140.625;305000;0.005079865206908611;1.454.874.423.828.120
31/12/2021;472.893.994.140.625;4.804.169.921.875;47.268.701.171.875;476.856.005.859.375;339600;-0.008662029107236013;16.059.480.041.015.600
3/01/2022;476.193.994.140.625;476.241.015.625;46.481.201.171.875;472.256.005.859.375;348900;0.006954072413716486;16.614.408.455.566.400
4/01/2022;464.481.005.859.375;475.427.001.953.125;4614.0;474.068.017.578.125;408400;-0.02490465608666588;18.969.404.279.296.800
5/01/2022;44.655.498.046.875;466.058.984.375;446.439.013.671.875;462.835.009.765.625;374900;-0.03935813655009387;16.741.346.217.773.400
6/01/2022;4.463.740.234.375;44.971.298.828.125;438.685.986.328.125;446.602.001.953.125;343600;-0.0004053111343357169;153.374.114.453.125
7/01/2022;442.218.017.578.125;4.513.009.765.625;442.216.015.625;4454.75;327300;-0.00935420524178963;14.473.795.715.332.000
10/01/2022;44.685.498.046.875;447.158.984.375;4366.5;439.660.009.765.625;392600;0.010431100585821912;17.543.526.533.203.100
11/01/2022;452.010.986.328.125;45.215.498.046.875;44.346.201.171.875;447.391.015.625;337000;0.011472372078798816;15.232.770.239.257.800
12/01/2022;4451.5;452.752.978.515.625;4.442.580.078.125;45.099.501.953.125;315100;-0.015295181552838912;1402667650.0
13/01/2022;435.091.015.625;444.443.994.140.625;434.481.982.421.875;4.441.580.078.125;333500;-0.022856063494977295;1.451.028.537.109.370
14/01/2022;43.911.298.828.125;43.938.798.828.125;42.804.501.953.125;432.389.013.671.875;345300;0.009201515929695123;15.162.571.485.351.500
18/01/2022;4.222.009.765.625;43.262.001.953.125;4.219.419.921.875;43.262.001.953.125;359200;-0.039275308009930024;15.165.459.078.125
19/01/2022;417.772.021.484.375;427.191.015.625;41.764.599.609.375;424.716.015.625;374700;-0.010545567853538013;15.653.917.645.019.500
20/01/2022;413.041.015.625;4.259.830.078.125;412.481.005.859.375;4.216.740.234.375;355100;-0.011388981120273946;1.466.708.646.484.370
21/01/2022;406.510.009.765.625;415.202.001.953.125;40.578.798.828.125;410.602.978.515.625;427300;-0.01593834651628289;17.370.172.717.285.100
24/01/2022;409.943.994.140.625;41.022.099.609.375;3.895.199.951.171.870;400.227.001.953.125;519700;0.008411997756385408;21.304.789.375.488.200
25/01/2022;40.417.099.609.375;41.029.501.953.125;39.979.599.609.375;4.042.969.970.703.120;350500;-0.014182504640066651;14.166.193.413.085.900
26/01/2022;3.994.860.107.421.870;4.144.419.921.875;397.493.994.140.625;4.061.949.951.171.870;378600;-0.011659298393144753;15.124.540.366.699.200
27/01/2022;3923.0;4.052.080.078.125;391.956.005.859.375;4.031.409.912.109.370;381100;-0.018151894462040172;1495055300.0
28/01/2022;4.052.110.107.421.870;405.222.998.046.875;3.884.760.009.765.620;3.920.449.951.171.870;370400;0.03238109238851166;15.009.015.837.890.600
31/01/2022;41.677.998.046.875;4169.5;4.041.590.087.890.620;404.535.009.765.625;393800;0.02815051217667054;16.412.795.630.859.300
1/02/2022;42.306.201.171.875;423.516.015.625;41.440.400.390.625;418.410.009.765.625;370000;0.014960310328806709;1.565.329.443.359.370
2/02/2022;4.178.580.078.125;421.293.994.140.625;413.381.005.859.375;4.212.830.078.125;374700;-0.012377087522362194;15.657.139.552.734.300
3/02/2022;4.088.580.078.125;414.789.990.234.375;4.085.169.921.875;41.116.298.828.125;309800;-0.02177375398408858;1.266.642.108.203.120
4/02/2022;4.106.580.078.125;413.266.015.625;40.587.099.609.375;40.686.298.828.125;326500;0.004392843727862335;13.407.983.955.078.100
7/02/2022;414.833.984.375;417.902.978.515.625;410.402.978.515.625;4.107.490.234.375;306100;0.010117632212781886;1.269.806.826.171.870
8/02/2022;415.191.015.625;416.033.984.375;40.845.400.390.625;413.777.978.515.625;306100;0.0008602904057584998;1.270.899.698.828.120
9/02/2022;425.641.015.625;426.131.982.421.875;4.183.740.234.375;4.183.740.234.375;363900;0.02485761173391352;1.548.907.655.859.370
10/02/2022;4.154.259.765.625;4.271.259.765.625;412.506.982.421.875;416.447.998.046.875;405400;-0.024291861343596486;1.684.136.908.984.370
11/02/2022;411.468.017.578.125;420.689.990.234.375;410.243.994.140.625;415.268.994.140.625;377000;-0.009573147802959396;15.512.344.262.695.300
14/02/2022;40.371.298.828.125;410.531.982.421.875;4.023.340.087.890.620;410.364.990.234.375;382800;-0.01902709509352136;1.545.413.319.140.620
15/02/2022;41.443.701.171.875;415.089.990.234.375;408.260.009.765.625;408.260.009.765.625;359900;0.026216800506854484;14.915.588.051.757.800
16/02/2022;413.131.005.859.375;414.581.982.421.875;4.085.840.087.890.620;411.777.978.515.625;297100;-0.0031562528174831207;12.274.122.184.082.000
17/02/2022;401.927.001.953.125;41.000.498.046.875;4.015.110.107.421.870;4.096.490.234.375;311600;-0.027494263183864002;12.524.045.380.859.300
18/02/2022;3.971.050.048.828.120;4.038.489.990.234.370;39.513.798.828.125;4.006.610.107.421.870;367000;-0.012069743308002229;14.573.753.679.199.200
22/02/2022;3.952.169.921.875;40.024.599.609.375;3.939.449.951.171.870;3.943.610.107.421.870;342000;-0.004765780265536091;135.164.211.328.125
23/02/2022;386.985.009.765.625;3.978.169.921.875;3.869.610.107.421.870;3.978.169.921.875;355900;-0.021049003551419206;13.772.796.497.558.500
24/02/2022;3.950.969.970.703.120;3.951.820.068.359.370;3.776.010.009.765.620;3.776.449.951.171.870;461200;0.02074533913514767;18.221.873.504.882.800
25/02/2022;4.010.909.912.109.370;4.010.909.912.109.370;3.933.739.990.234.370;3.963.010.009.765.620;336100;0.015057015357704328;1.348.066.821.459.960
28/02/2022;3.996.239.990.234.370;4012.5;394.172.998.046.875;3.963.780.029.296.870;426500;-0.003664209729464214;1.704.396.355.834.960
1/03/2022;3.974.110.107.421.870;4.042.510.009.765.620;39.527.099.609.375;3.990.280.029.296.870;415500;-0.0055530659026880366;1.651.242.749.633.780
2/03/2022;40.051.298.828.125;40.232.099.609.375;3.942.909.912.109.370;3.977.800.048.828.120;346300;0.007775159463451823;13.869.764.784.179.600
3/03/2022;393.935.009.765.625;4.020.489.990.234.370;3919.5;401.939.990.234.375;718700;-0.016560250289210956;2.831.210.915.185.540
4/03/2022;38.871.298.828.125;3.929.159.912.109.370;3.875.590.087.890.620;389.260.009.765.625;380600;-0.01334469389137346;14.794.416.333.984.300
7/03/2022;3.845.389.892.578.120;39.137.900.390.625;3.843.780.029.296.870;38.642.900.390.625;417100;-0.01079606567152784;1.603.912.124.194.330
8/03/2022;385.689.990.234.375;394.943.994.140.625;3.789.860.107.421.870;3.826.330.078.125;398800;0.0029887263761386;15.381.316.810.546.800
9/03/2022;3.979.070.068.359.370;3.990.929.931.640.620;3912.75;3.915.830.078.125;397000;0.031184414145753212;15.796.908.171.386.700
10/03/2022;394.202.001.953.125;3.948.590.087.890.620;388.168.994.140.625;392.372.998.046.875;308600;-0.009354853590668618;12.165.073.780.273.400
11/03/2022;3.872.889.892.578.120;3.983.699.951.171.870;387.072.998.046.875;3.964.929.931.640.620;339100;-0.01769231660235021;13.132.969.625.732.400
14/03/2022;3827.75;3.942.199.951.171.870;380.997.998.046.875;388.043.994.140.625;0;-0.011723807433587492;0.0
15/03/2022;387.806.005.859.375;3.878.919.921.875;3.819.159.912.109.370;385.714.990.234.375;0;0.013057880499468598;0.0
16/03/2022;402.110.009.765.625;4.022.159.912.109.370;39.063.701.171.875;39.298.798.828.125;0;0.03622047762477914;0.0
17/03/2022;410.985.986.328.125;4.110.009.765.625;3.996.389.892.578.120;40.107.900.390.625;0;0.02183341007428498;0.0
18/03/2022;417.339.013.671.875;417.656.005.859.375;4.089.719.970.703.120;409.722.021.484.375;0;0.015339756544457496;0.0
21/03/2022;4.116.419.921.875;417.591.015.625;409.847.021.484.375;415.958.984.375;0;-0.013744853342608174;0.0
22/03/2022;420.347.998.046.875;421.072.021.484.375;411.035.986.328.125;41.240.498.046.875;344400;0.02092891439218604;14.476.785.052.734.300
23/03/2022;411.506.005.859.375;419.706.982.421.875;411.377.978.515.625;41.863.701.171.875;305900;-0.021259319932100625;12.587.968.719.238.200
24/03/2022;41.712.998.046.875;417.264.990.234.375;41.028.701.171.875;4.129.169.921.875;277500;0.013574261939640467;11.575.356.958.007.800
25/03/2022;41.039.501.953.125;416.897.998.046.875;408.585.009.765.625;416.391.015.625;272600;-0.016277718853446983;11.187.368.232.421.800
28/03/2022;41.242.998.046.875;414.266.015.625;4.055.340.087.890.620;410.602.001.953.125;289100;0.004946288910536642;11.923.350.735.351.500
29/03/2022;42.352.998.046.875;42.422.099.609.375;416.010.009.765.625;416.439.990.234.375;370400;0.026557856672110098;156.875.504.765.625
30/03/2022;418.039.013.671.875;426.622.021.484.375;41.687.001.953.125;423.735.009.765.625;404400;-0.013049541407828756;16.905.497.712.890.600
31/03/2022;4.166.169.921.875;42.145.498.046.875;4.165.490.234.375;419.197.998.046.875;600500;-0.0034074465415206857;25.017.850.380.859.300
1/04/2022;426.210.009.765.625;42.633.701.171.875;417.610.986.328.125;418.068.017.578.125;433700;0.022764889693685397;18.484.728.123.535.100
4/04/2022;431.493.017.578.125;4.321.490.234.375;426.502.001.953.125;427.972.021.484.375;453400;0.01231912318528614;19.563.893.416.992.100
5/04/2022;424.341.015.625;4.350.080.078.125;423.939.990.234.375;431.208.984.375;366000;-0.01671391454525549;15.530.881.171.875
6/04/2022;4.254.490.234.375;4.276.740.234.375;42.007.001.953.125;421.456.005.859.375;372300;0.0026077228243662075;15.839.467.142.578.100
7/04/2022;428.993.017.578.125;430.672.998.046.875;42.372.001.953.125;42.462.099.609.375;355900;0.00829550582469453;15.267.861.495.605.400
8/04/2022;427.758.984.375;432.902.001.953.125;426.206.982.421.875;428.347.998.046.875;376100;-0.0028807264032199116;1.608.801.540.234.370
11/04/2022;4.185.740.234.375;42.576.298.828.125;4.182.080.078.125;424.710.986.328.125;371400;-0.02170616407535313;1.554.583.923.046.870
12/04/2022;4.163.419.921.875;42.317.998.046.875;4.136.490.234.375;4.202.169.921.875;340200;-0.005346733145815486;1.416.395.457.421.870
13/04/2022;4.274.830.078.125;42.854.599.609.375;416.558.984.375;416.764.990.234.375;358600;0.026407520650326755;1.532.954.066.015.620
14/04/2022;42.266.201.171.875;42.834.501.953.125;422.489.990.234.375;42.691.201.171.875;349000;-0.011341706795131992;14.750.904.208.984.300
18/04/2022;410.566.015.625;421.422.998.046.875;4.090.989.990.234.370;421.133.984.375;360300;-0.029036099421494415;1.479.269.354.296.870
19/04/2022;413.877.978.515.625;415.839.013.671.875;4.087.909.912.109.370;410.466.015.625;302200;0.008034458933397623;12.507.392.510.742.100
20/04/2022;41.495.400.390.625;417.968.994.140.625;410.431.982.421.875;41.533.701.171.875;377200;0.0025964876307139548;1.565.206.502.734.370
21/04/2022;405.260.009.765.625;419.043.994.140.625;40.501.298.828.125;416.602.001.953.125;337800;-0.023638819592950215;13.689.683.129.882.800
22/04/2022;3.961.449.951.171.870;4.061.280.029.296.870;3.959.469.970.703.120;4.035.969.970.703.120;304900;-0.02274856701035137;12.078.460.901.123.000
25/04/2022;4.017.580.078.125;4.017.679.931.640.620;3.924.969.970.703.120;3.944.570.068.359.370;430500;0.014069643222277863;17.295.682.236.328.100
26/04/2022;3.871.610.107.421.870;4.001.590.087.890.620;3.871.530.029.296.870;399.010.009.765.625;389900;-0.03700928181123668;1.509.540.780.883.780
27/04/2022;385.768.994.140.625;391.456.005.859.375;384.852.001.953.125;3.885.139.892.578.120;325800;-0.0036019253949384645;12.568.353.829.101.500
28/04/2022;38.471.298.828.125;3.871.949.951.171.870;37.316.298.828.125;385.689.990.234.375;382400;-0.0027411582482089096;14.711.424.671.875
29/04/2022;3.760.639.892.578.120;3.916.570.068.359.370;3.756.030.029.296.870;38.533.701.171.875;325100;-0.022738258185392803;12.225.840.290.771.400
2/05/2022;3.813.409.912.109.370;381.472.998.046.875;372.002.001.953.125;3.746.669.921.875;367600;0.013934651810343184;14.018.094.836.914.000
3/05/2022;3831.5;3.857.280.029.296.870;3.800.030.029.296.870;3.825.889.892.578.120;410400;0.00473259249955343;1572447600.0
4/05/2022;389.581.005.859.375;3.904.169.921.875;3.737.550.048.828.120;383.718.994.140.625;450400;0.01664526023582192;1.754.672.850.390.620
5/05/2022;3.738.679.931.640.620;38.648.701.171.875;369.781.005.859.375;3.862.429.931.640.620;429700;-0.041169041996931;16.065.107.666.259.700
6/05/2022;359.514.990.234.375;369.281.005.859.375;3.572.320.068.359.370;369.231.005.859.375;475700;-0.039146901910457645;17.102.128.085.449.200
9/05/2022;3.418.169.921.875;35.529.599.609.375;3.407.360.107.421.870;3.534.929.931.640.620;511800;-0.05048039046785973;1.749.419.366.015.620
10/05/2022;350.922.998.046.875;35.437.900.390.625;3.445.840.087.890.620;350.714.990.234.375;507500;0.026291337338001784;17.809.342.150.878.900
11/05/2022;338.243.994.140.625;351.943.994.140.625;3.377.659.912.109.370;3.462.739.990.234.370;510200;-0.036799309403543305;17.257.208.581.054.600
12/05/2022;34.814.599.609.375;3.484.389.892.578.120;3.355.159.912.109.370;3.356.969.970.703.120;504800;0.028854409590370163;175.744.098.828.125
13/05/2022;3.598.530.029.296.870;3.613.280.029.296.870;35.298.701.171.875;35.298.701.171.875;421000;0.03307370206559514;15.149.811.423.339.800
16/05/2022;3.616.330.078.125;36.502.099.609.375;357.347.998.046.875;3.579.510.009.765.620;448900;0.004934284151913767;16.233.705.720.703.100
17/05/2022;3.725.389.892.578.120;3.727.169.921.875;36.486.298.828.125;3.664.489.990.234.370;343300;0.02971179447134684;12.789.263.501.220.700
18/05/2022;3.618.169.921.875;3.698.800.048.828.120;3.606.219.970.703.120;3.668.570.068.359.370;392500;-0.029203163939958376;14.201.316.943.359.300
19/05/2022;36.628.701.171.875;3.691.669.921.875;361.297.998.046.875;3.620.179.931.640.620;451200;0.012278673562134333;1.652.686.996.875
20/05/2022;369.214.990.234.375;3.702.050.048.828.120;3.593.570.068.359.370;3.693.510.009.765.620;472600;0.00796189262654091;17.449.100.438.476.500
23/05/2022;3.713.330.078.125;3.740.179.931.640.620;3.698.610.107.421.870;3.722.530.029.296.870;436400;0.005720151452327958;162.049.724.609.375
24/05/2022;36.547.900.390.625;36.977.099.609.375;3.625.409.912.109.370;3.693.780.029.296.870;371400;-0.01589042250484235;13.573.890.205.078.100
25/05/2022;3.673.300.048.828.120;3.687.590.087.890.620;3.620.989.990.234.370;3.652.300.048.828.120;309400;0.0050518071992543085;11.365.190.351.074.200
26/05/2022;3.695.010.009.765.620;37.176.201.171.875;3.672.300.048.828.120;3.677.570.068.359.370;357400;0.005892809501334958;13.205.965.774.902.300
27/05/2022;3.796.820.068.359.370;37.969.599.609.375;367.764.990.234.375;369.335.009.765.625;683700;0.027180628884256177;25.958.858.807.373.000
31/05/2022;3.711.030.029.296.870;377.760.009.765.625;3.680.800.048.828.120;377.685.009.765.625;535500;-0.022854418268929328;19.872.565.806.884.700
1/06/2022;36.726.201.171.875;375.135.009.765.625;36.342.900.390.625;3.733.989.990.234.370;563600;-0.010404138284896884;2.069.888.698.046.870
2/06/2022;368.447.998.046.875;368.502.001.953.125;35.910.400.390.625;36.528.798.828.125;424700;0.003224062034500223;15.647.986.477.050.700
3/06/2022;37.016.298.828.125;3.735.669.921.875;3.668.659.912.109.370;3.668.860.107.421.870;503300;0.004643833758572935;18.630.303.200.195.300
6/06/2022;364.106.005.859.375;3.725.419.921.875;36.256.298.828.125;3.719.260.009.765.620;485500;-0.016498367383568715;17.677.346.584.472.600
7/06/2022;374.085.009.765.625;3.743.949.951.171.870;3.623.489.990.234.370;36.256.298.828.125;436800;0.027038020297237283;163.400.332.265.625
8/06/2022;3.755.969.970.703.120;3.804.199.951.171.870;3.734.219.970.703.120;37.405.400.390.625;463300;0.004033681857046119;17.401.408.874.267.500
9/06/2022;3616.5;3.736.139.892.578.120;3616.5;37.356.201.171.875;402200;-0.03783985898639052;1454556300.0
10/06/2022;3.508.580.078.125;35.631.201.171.875;3.489.320.068.359.370;355.810.009.765.625;503300;-0.030295287822968614;17.658.683.533.203.100
13/06/2022;33.681.298.828.125;34.418.798.828.125;33.514.599.609.375;3.428.010.009.765.620;594100;-0.04085376006727938;20.010.059.633.789.000
14/06/2022;3.373.239.990.234.370;3.385.969.970.703.120;3.329.949.951.171.870;33.752.099.609.375;462600;0.0015160445122757138;15.604.608.194.824.200
15/06/2022;3.452.469.970.703.120;3.485.949.951.171.870;33.811.298.828.125;340.252.001.953.125;462400;0.023216204493019345;1.596.422.114.453.120
16/06/2022;3.376.179.931.640.620;3.386.389.892.578.120;3.323.419.921.875;3.379.419.921.875;471500;-0.02234503582186976;15.918.688.377.685.500
17/06/2022;351.056.005.859.375;3.552.280.029.296.870;340.181.005.859.375;34.057.900.390.625;1137600;0.03903071300183997;399.361.312.265.625
21/06/2022;3.591.090.087.890.620;3.623.429.931.640.620;3.565.070.068.359.370;3.565.070.068.359.370;687800;0.0226802164589455;2.469.951.762.451.170
22/06/2022;3.641.300.048.828.120;368.731.005.859.375;35.443.701.171.875;35.486.201.171.875;555400;0.013884972093832257;20.223.780.471.191.400
23/06/2022;3.784.669.921.875;3.787.949.951.171.870;3.657.320.068.359.370;36.578.798.828.125;537200;0.038617902029430023;203.312.468.203.125
24/06/2022;38.496.298.828.125;38.496.298.828.125;3.764.389.892.578.120;3.824.830.078.125;1281100;0.017018333159652614;4.931.760.842.871.090
27/06/2022;3.840.989.990.234.370;3.859.389.892.578.120;3.802.219.970.703.120;383.660.009.765.625;455300;-0.0022468660148481723;1.748.802.742.553.710
28/06/2022;375.031.005.859.375;3.851.830.078.125;3.740.429.931.640.620;383.372.998.046.875;880100;-0.023891624473233935;33.006.478.825.683.500
29/06/2022;377.864.990.234.375;3.795.889.892.578.120;372.527.001.953.125;374.764.990.234.375;610300;0.007528258283443465;23.061.100.354.003.900
30/06/2022;374.881.005.859.375;37.849.599.609.375;3.698.469.970.703.120;3.743.320.068.359.370;508400;-0.00792830522136808;19.058.950.337.890.600
1/07/2022;383.043.994.140.625;383.193.994.140.625;3.725.580.078.125;37.305.400.390.625;675500;0.021541191885651022;2.587.462.180.419.920
5/07/2022;3.913.929.931.640.620;3.913.989.990.234.370;3.785.320.068.359.370;3.799.860.107.421.870;663900;0.021562303027455;2.598.458.081.616.210
6/07/2022;3.923.320.068.359.370;3.958.320.068.359.370;389.539.990.234.375;3.909.219.970.703.120;456200;0.0023962847202964152;17.898.186.151.855.400
7/07/2022;4018.0;4.027.590.087.890.620;3.926.300.048.828.120;3.926.300.048.828.120;457000;0.02384601484127099;1836226000.0
8/07/2022;403.806.005.859.375;4.055.840.087.890.620;3.982.300.048.828.120;398.239.990.234.375;535600;0.004980126738893206;21.627.849.673.828.100
11/07/2022;395.997.998.046.875;4.025.840.087.890.620;3.955.070.068.359.370;4.016.989.990.234.370;447100;-0.019525423315209848;17.705.070.492.675.700
12/07/2022;3.953.360.107.421.870;3.975.830.078.125;3.883.159.912.109.370;39.612.099.609.375;395100;-0.0016730924028455813;15.619.725.784.423.800
13/07/2022;39.543.701.171.875;3.984.739.990.234.370;388.527.001.953.125;3.885.639.892.578.120;416700;0.0002554487172499622;16.477.860.278.320.300
14/07/2022;3.888.469.970.703.120;3.922.159.912.109.370;385.897.998.046.875;3.918.179.931.640.620;367600;-0.016805569599244376;14.294.015.612.304.600
15/07/2022;3.959.030.029.296.870;395.972.998.046.875;3.865.360.107.421.870;39.142.900.390.625;375300;0.01798329663483953;14.858.239.699.951.100
18/07/2022;3.866.590.087.890.620;3.996.719.970.703.120;3.852.530.029.296.870;3.979.739.990.234.370;365100;-0.02362604877420796;14.116.920.410.888.600
19/07/2022;397.606.005.859.375;3.977.090.087.890.620;389.289.990.234.375;3.923.719.970.703.120;348900;0.027918389568144537;13.872.473.544.433.500
20/07/2022;3.977.159.912.109.370;4.026.550.048.828.120;39.412.099.609.375;3.975.030.029.296.870;383500;0.0002765806872406055;15.252.408.262.939.400
21/07/2022;3.984.169.921.875;39.965.400.390.625;3.953.429.931.640.620;396.514.990.234.375;296200;0.0017610152382600394;1.180.111.130.859.370
22/07/2022;3.894.280.029.296.870;4.010.300.048.828.120;38.858.798.828.125;399.202.001.953.125;283200;-0.022820172502243795;1.102.860.104.296.870
25/07/2022;3.907.199.951.171.870;39.145.400.390.625;386.822.998.046.875;3.903.429.931.640.620;404100;0.003312175053668646;15.788.995.002.685.500
26/07/2022;3.909.449.951.171.870;3.955.419.921.875;3.869.080.078.125;3909.5;415400;0.0005756942143379498;16.239.855.097.167.900
27/07/2022;394.989.990.234.375;396.260.009.765.625;3.876.010.009.765.620;3.904.889.892.578.120;352200;0.010293550761514397;13.911.547.456.054.600
28/07/2022;3.927.030.029.296.870;3.949.679.931.640.620;3.842.489.990.234.370;394.785.009.765.625;359200;-0.005806814966729932;14.105.891.865.234.300
29/07/2022;390.289.990.234.375;3.927.330.078.125;387.293.994.140.625;3922.75;488200;-0.0061635809145580275;19.053.957.323.242.100
1/08/2022;383.639.990.234.375;3.903.260.009.765.620;3.828.409.912.109.370;3.885.550.048.828.120;355200;-0.01718544011537255;13.626.892.453.125
2/08/2022;3.861.830.078.125;3.899.909.912.109.370;382.164.990.234.375;382.802.001.953.125;360300;0.006606783207850484;13.914.173.771.484.300
3/08/2022;4.014.110.107.421.870;40.431.201.171.875;3.936.070.068.359.370;3940.0;639600;0.03867449622110013;25.674.248.247.070.300
4/08/2022;410.960.009.765.625;412.022.998.046.875;4.030.010.009.765.620;4.030.010.009.765.620;555100;0.023510043088448118;22.812.390.142.089.800
5/08/2022;4.169.330.078.125;417.116.015.625;403.897.998.046.875;4.056.419.921.875;529000;0.014429646242982342;2.205.575.611.328.120
8/08/2022;420.783.984.375;424.506.982.421.875;41.601.201.171.875;41.928.701.171.875;535200;0.009194044588907786;2.252.035.884.375
9/08/2022;413.693.994.140.625;42.033.701.171.875;41.083.798.828.125;416.864.013.671.875;567100;-0.016993044818450036;23.460.586.407.714.800
10/08/2022;422.783.984.375;422.872.998.046.875;41.612.900.390.625;41.900.400.390.625;487900;0.02173481743545325;2.062.763.059.765.620
11/08/2022;416.193.994.140.625;42.753.701.171.875;414.756.005.859.375;42.182.099.609.375;0;-0.015709889739796902;0.0
12/08/2022;42.115.400.390.625;42.207.900.390.625;41.592.900.390.625;416.314.013.671.875;435500;0.01184708816394631;18.341.256.870.117.100
15/08/2022;42.813.701.171.875;4.284.830.078.125;420.460.986.328.125;421.010.009.765.625;353200;0.01644469339724204;1.512.179.925.390.620
16/08/2022;422.402.001.953.125;42.804.501.953.125;42.026.298.828.125;42.730.498.046.875;361400;-0.013485793339073833;15.265.608.350.585.900
17/08/2022;413.402.001.953.125;419.977.978.515.625;412.647.998.046.875;417.902.001.953.125;582400;-0.021536981963331894;2.407.653.259.375
18/08/2022;408.447.998.046.875;4.131.580.078.125;4.053.179.931.640.620;413.131.005.859.375;542900;-0.012055883455945765;22.174.641.813.964.800
19/08/2022;4.052.699.951.171.870;4.071.949.951.171.870;4.034.699.951.171.870;4.053.449.951.171.870;635600;-0.007811106832498548;25.758.960.889.648.400
22/08/2022;398.972.998.046.875;4.060.050.048.828.120;39.765.400.390.625;4025.0;471200;-0.01565975906951662;1.879.960.766.796.870
23/08/2022;39.912.900.390.625;4.010.510.009.765.620;394.581.005.859.375;3.986.929.931.640.620;354000;0.00039094216273139756;1.412.916.673.828.120
24/08/2022;40.458.701.171.875;4.063.300.048.828.120;3.978.739.990.234.370;398.631.005.859.375;297200;0.013582139988293206;1.202.432.598.828.120
25/08/2022;4.051.679.931.640.620;4.076.139.892.578.120;401.497.998.046.875;4.073.409.912.109.370;295900;0.0014349563547016227;1.198.892.091.772.460
26/08/2022;39.159.599.609.375;4.050.860.107.421.870;3.915.139.892.578.120;4.043.300.048.828.120;289300;-0.0340710929132281;11.328.872.166.992.100
29/08/2022;3.890.679.931.640.620;3.929.919.921.875;38.692.099.609.375;3.873.909.912.109.370;298900;-0.006476568155027346;11.629.242.315.673.800
30/08/2022;38.536.201.171.875;39.104.599.609.375;3.835.030.029.296.870;390.539.990.234.375;276000;-0.00957093529889073;106.359.915.234.375
31/08/2022;3.861.679.931.640.620;39.138.798.828.125;384.952.001.953.125;3.885.679.931.640.620;328500;0.002089307566526912;12.685.618.575.439.400
1/09/2022;39.343.798.828.125;3.936.030.029.296.870;38.208.798.828.125;3.842.949.951.171.870;349200;0.01865097506523789;1.373.885.455.078.120
2/09/2022;387.139.990.234.375;3.964.010.009.765.620;3.855.669.921.875;3.948.139.892.578.120;277800;-0.01613710580988137;10.754.748.928.710.900
6/09/2022;3.805.830.078.125;3.876.580.078.125;38.006.201.171.875;387.606.005.859.375;536900;-0.017082051416498233;20.433.501.689.453.100
7/09/2022;391.756.005.859.375;3.923.360.107.421.870;3.801.489.990.234.370;38.031.201.171.875;386600;0.028934903889920826;15.145.287.186.523.400
8/09/2022;4.044.360.107.421.870;404.447.998.046.875;3.907.110.107.421.870;3908.25;421000;0.03185431855084968;17.026.756.052.246.000
9/09/2022;4082.25;41.047.001.953.125;4.050.360.107.421.870;4.050.429.931.640.620;319900;0.009324962471749467;1305911775.0
12/09/2022;409.027.001.953.125;410.208.984.375;40.667.099.609.375;408.252.001.953.125;398600;0.0019626803205340026;16.303.816.297.851.500
13/09/2022;3920.75;4.016.590.087.890.620;39.101.201.171.875;40.034.599.609.375;489100;-0.04232802528841919;1917638825.0
14/09/2022;3.952.889.892.578.120;3.968.419.921.875;3.906.610.107.421.870;393.052.001.953.125;394200;0.008163967752584789;15.582.291.956.542.900
15/09/2022;3.963.239.990.234.370;3.997.389.892.578.120;392.839.990.234.375;39.411.201.171.875;374500;0.0026149403072521977;14.842.333.763.427.700
16/09/2022;39.245.400.390.625;39.348.701.171.875;3.882.340.087.890.620;3.934.090.087.890.620;758900;-0.009812713224853664;29.783.334.356.445.300
19/09/2022;3.885.679.931.640.620;389.135.009.765.625;3.817.580.078.125;389.135.009.765.625;361200;-0.009951173781722765;14.035.075.913.085.900
20/09/2022;3.857.360.107.421.870;3.883.219.970.703.120;3.826.139.892.578.120;3.858.320.068.359.370;316200;-0.007314943576374789;12.196.972.659.667.900
21/09/2022;376.418.994.140.625;389.135.009.765.625;376.372.998.046.875;386.731.005.859.375;312100;-0.024450356411564345;11.748.036.807.128.900
22/09/2022;3.744.610.107.421.870;37.681.298.828.125;3.704.590.087.890.620;3739.25;507400;-0.005215181716098732;19.000.151.685.058.500
23/09/2022;3.692.090.087.890.620;3.718.260.009.765.620;3.646.530.029.296.870;3717.25;403800;-0.014124784201595304;14.908.659.774.902.300
26/09/2022;3.630.919.921.875;37.204.599.609.375;3.628.030.029.296.870;36.790.400.390.625;330100;-0.016706679005064527;11.985.666.662.109.300
27/09/2022;3.685.719.970.703.120;3.730.820.068.359.370;3667.5;3.672.919.921.875;322100;0.014979847134941562;11.871.704.025.634.700
28/09/2022;3.844.360.107.421.870;386.239.990.234.375;3.775.139.892.578.120;378.968.994.140.625;423700;0.04214128180111734;16.288.553.775.146.400
29/09/2022;3.776.169.921.875;381.997.998.046.875;3.732.780.029.296.870;381.997.998.046.875;321800;-0.01789691934369906;1.215.171.480.859.370
30/09/2022;376.760.009.765.625;385.260.009.765.625;37.657.900.390.625;378.114.990.234.375;329000;-0.0022720278807794054;12.395.404.321.289.000
3/10/2022;3.821.929.931.640.620;3.837.919.921.875;3.759.590.087.890.620;3811.75;301300;0.01431729285941636;11.515.474.884.033.200
4/10/2022;3.935.669.921.875;393.610.009.765.625;3.872.830.078.125;3.876.659.912.109.370;368500;0.029325601615248238;14.502.943.662.109.300
5/10/2022;3.935.969.970.703.120;3.956.179.931.640.620;3.856.780.029.296.870;389.606.005.859.375;275200;7,62E+10;10.831.789.359.375
6/10/2022;3.914.860.107.421.870;394.318.994.140.625;38.896.201.171.875;3.915.969.970.703.120;279300;-0.00537775342131606;10.934.204.280.029.200
7/10/2022;381.185.009.765.625;38.841.201.171.875;38.001.298.828.125;38.784.599.609.375;286700;-0.026664935131062335;10.928.574.229.980.400
10/10/2022;3.786.429.931.640.620;3.821.239.990.234.370;3.772.159.912.109.370;3807.5;295200;-0.0066910565960845245;11.177.541.158.203.100
11/10/2022;3.812.780.029.296.870;3.869.510.009.765.620;376.043.994.140.625;379.635.009.765.625;350600;0.0069349849256565505;13.367.606.782.714.800
12/10/2022;3.831.489.990.234.370;3.851.300.048.828.120;3.805.340.087.890.620;383.481.005.859.375;290900;0.004895169388684646;11.145.804.381.591.700
13/10/2022;3.906.110.107.421.870;391.927.001.953.125;3746.25;375.793.994.140.625;0;0.01928826242904173;0.0
14/10/2022;384.656.005.859.375;3.954.949.951.171.870;38.428.798.828.125;3.930.590.087.890.620;0;-0.01536276373720354;0.0
17/10/2022;392.597.998.046.875;3.935.280.029.296.870;3.878.669.921.875;3.888.360.107.421.870;286700;0.02043673899882804;11.255.784.604.003.900
18/10/2022;3.928.510.009.765.620;3.991.699.951.171.870;3.909.169.921.875;3.973.780.029.296.870;281300;0.0006442249942447328;11.050.898.657.470.700
19/10/2022;37.990.400.390.625;39.002.099.609.375;378.572.998.046.875;3.895.840.087.890.620;395800;-0.03351180809829838;15.036.600.474.609.300
20/10/2022;377.760.009.765.625;3.837.050.048.828.120;37.667.099.609.375;3.789.830.078.125;279900;-0.005659500318351215;10.573.502.673.339.800
21/10/2022;387.572.998.046.875;3.879.469.970.703.120;3.774.570.068.359.370;3.794.409.912.109.370;326000;0.02564511391957907;12.634.879.736.328.100
24/10/2022;3.909.139.892.578.120;3.918.159.912.109.370;3.841.159.912.109.370;3.890.340.087.890.620;354500;0.008583346356113818;13.857.900.919.189.400
25/10/2022;3.975.409.912.109.370;398.543.994.140.625;39.309.599.609.375;3.931.300.048.828.120;411800;0.016810491856566204;16.370.738.018.066.400
26/10/2022;4.032.800.048.828.120;4.096.330.078.125;4.001.050.048.828.120;4.001.050.048.828.120;341000;0.014333070561261332;13.751.848.166.503.900
27/10/2022;3.974.840.087.890.620;404.385.009.765.625;3.973.159.912.109.370;4.043.830.078.125;289500;-0.01447641805844091;1.150.716.205.444.330
28/10/2022;413.897.021.484.375;414.314.013.671.875;4.001.760.009.765.620;4.029.360.107.421.870;361400;0.040462498684708276;14.958.238.356.445.300
31/10/2022;410.335.009.765.625;414.133.984.375;409.093.994.140.625;41.047.001.953.125;310400;-0.00864327946271966;12.736.798.703.125
1/11/2022;413.927.978.515.625;41.642.998.046.875;411.816.015.625;413.633.984.375;324700;0.008718070707884929;13.440.241.462.402.300
2/11/2022;40.797.900.390.625;420.964.990.234.375;4.079.030.029.296.870;413.910.986.328.125;342700;-0.014476281687650295;13.981.440.463.867.100
3/11/2022;4.083.699.951.171.870;410.389.013.671.875;4.002.239.990.234.370;401.397.998.046.875;342200;0.0009579021749332264;13.974.421.232.910.100
4/11/2022;4.090.080.078.125;4.100.759.765.625;40.214.599.609.375;40.808.701.171.875;369600;0.0015611206139647521;1.511.693.596.875
7/11/2022;410.989.990.234.375;41.322.998.046.875;4.074.030.029.296.870;4.084.530.029.296.870;350100;0.004834124683963826;14.388.759.558.105.400
8/11/2022;414.739.013.671.875;42.047.900.390.625;409.960.009.765.625;410.758.984.375;365100;0.009080580143875704;15.142.121.389.160.100
9/11/2022;409.614.990.234.375;417.114.990.234.375;4.093.449.951.171.870;41.352.998.046.875;364500;-0.012431769375115614;14.930.466.394.042.900
10/11/2022;42.423.798.828.125;4.252.490.234.375;416.647.998.046.875;421.389.013.671.875;444800;0.035076920574525515;1.887.010.571.875
11/11/2022;4.249.740.234.375;425.968.994.140.625;415.472.021.484.375;42.156.298.828.125;400900;0.001733454850850641;17.037.208.599.609.300
14/11/2022;426.102.978.515.625;432.672.998.046.875;425.497.998.046.875;42.577.001.953.125;371000;0.002653004928360575;15.808.420.502.929.600
15/11/2022;427.697.998.046.875;4328.75;42.295.400.390.625;431.968.994.140.625;343300;0.0037362838191783245;14.682.872.272.949.200
16/11/2022;423.543.994.140.625;42.895.498.046.875;422.918.017.578.125;42.800.400.390.625;304700;-0.009759943515422444;12.905.385.501.464.800
17/11/2022;422.610.009.765.625;424.381.005.859.375;4.179.759.765.625;419.377.001.953.125;330100;-0.002207599916805822;13.950.356.422.363.200
18/11/2022;42.487.001.953.125;4.270.919.921.875;422.691.015.625;4.261.259.765.625;315100;0.005333494701655457;13.387.654.315.429.600
21/11/2022;422.183.984.375;4.254.330.078.125;42.184.599.609.375;425.060.009.765.625;267700;-0.006342084795085351;1.130.186.526.171.870
22/11/2022;425.864.990.234.375;426.056.005.859.375;41.857.900.390.625;42.253.701.171.875;0;0.008681170751003896;0.0
23/11/2022;424.131.982.421.875;4.281.009.765.625;4.223.240.234.375;426.593.994.140.625;255400;-0.004077685614303996;10.832.330.831.054.600
25/11/2022;42.462.001.953.125;425.310.009.765.625;421.693.994.140.625;42.240.498.046.875;140200;0.001150011221272605;5.953.172.673.828.120
28/11/2022;421.768.017.578.125;4.298.419.921.875;420.989.013.671.875;425.218.994.140.625;317900;-0.006739255807789426;13.408.005.278.808.500
29/11/2022;4207.75;4.234.830.078.125;41.977.099.609.375;421.947.021.484.375;275700;-0.0023571924927370614;1160076675.0
30/11/2022;4.344.080.078.125;4.344.080.078.125;42.270.400.390.625;4265.25;451900;0.03188595362842608;19.630.897.873.046.800
1/12/2022;4.361.919.921.875;43.771.201.171.875;433.291.015.625;434.406.982.421.875;319700;0.004098292837085674;13.945.057.990.234.300
2/12/2022;441.489.990.234.375;4.418.740.234.375;431.866.015.625;432.497.021.484.375;405000;0.01207285213343441;17.880.344.604.492.100
5/12/2022;432.081.005.859.375;43.862.998.046.875;429.831.005.859.375;438.483.984.375;339100;-0.021542263382168365;14.651.866.908.691.400
6/12/2022;425.031.005.859.375;430.410.986.328.125;422.118.017.578.125;42.991.298.828.125;504100;-0.01645096300243941;21.425.813.005.371.000
7/12/2022;4.291.490.234.375;429.552.001.953.125;425.410.009.765.625;42.587.900.390.625;433400;0.009642111361262985;1.859.931.867.578.120
8/12/2022;4336.25;43.466.201.171.875;42.756.298.828.125;429.641.015.625;394000;0.010375872702082565;1708482500.0
9/12/2022;42.450.400.390.625;43.227.001.953.125;424.456.005.859.375;4.316.259.765.625;342000;-0.021258667530578694;1.451.803.693.359.370
12/12/2022;42.839.599.609.375;42.839.599.609.375;4.231.009.765.625;424.427.978.515.625;717600;0.009126554584191413;307.416.966.796.875
13/12/2022;434.839.013.671.875;4.405.490.234.375;43.202.001.953.125;4.387.169.921.875;548600;0.014927886734422746;23.855.268.290.039.000
14/12/2022;437.364.990.234.375;44.114.599.609.375;431.989.013.671.875;433.416.015.625;461000;0.005792185344870387;20.162.526.049.804.600
15/12/2022;4.294.419.921.875;4.355.009.765.625;4277.0;434.660.986.328.125;456600;-0.018281391054596842;1.960.832.136.328.120
16/12/2022;42.565.400.390.625;427.752.978.515.625;422.318.994.140.625;42.476.201.171.875;869400;-0.008859854513033888;37.006.359.099.609.300
19/12/2022;417.589.013.671.875;4265.0;415.918.017.578.125;42.604.501.953.125;438000;-0.019129090889832664;18.290.398.798.828.100
20/12/2022;4.229.490.234.375;423.881.982.421.875;415.631.982.421.875;416.131.982.421.875;529000;0.0127539318506859;2.237.400.333.984.370
21/12/2022;428.318.017.578.125;430.681.982.421.875;422.389.013.671.875;423.852.001.953.125;352400;0.012614291578939448;15.093.926.939.453.100
22/12/2022;428.316.015.625;4.284.169.921.875;4.221.240.234.375;42.650.498.046.875;432200;-4,67E+10;185.118.181.953.125
23/12/2022;42.183.798.828.125;42.791.298.828.125;419.872.021.484.375;427.193.994.140.625;293600;-0.015239951099725788;123.851.633.359.375
27/12/2022;4.124.919.921.875;422.702.001.953.125;4122.25;422.702.001.953.125;228700;-0.0224045335891658;9.433.691.861.328.120
28/12/2022;41.123.798.828.125;41.517.001.953.125;4.095.639.892.578.120;41.246.298.828.125;223200;-0.0030446988812383715;91.788.318.984.375
29/12/2022;4.199.580.078.125;42.259.501.953.125;41.225.400.390.625;413.733.984.375;306600;0.020982631053854152;1.287.591.251.953.120
30/12/2022;42.131.298.828.125;421.333.984.375;414.483.984.375;417.510.986.328.125;271200;0.0032212726855325477;114.260.082.421.875
3/01/2023;41.742.998.046.875;424.164.990.234.375;415.564.990.234.375;422.764.013.671.875;296300;-0.009259178791987495;12.368.450.321.289.000
4/01/2023;422.097.021.484.375;422.993.017.578.125;418.439.013.671.875;421.843.994.140.625;410000;0.01111837756812001;17.305.977.880.859.300
5/01/2023;42.299.599.609.375;4.242.009.765.625;419.189.013.671.875;4.212.830.078.125;320500;0.002127517160274695;13.557.021.674.804.600
6/01/2023;42.882.998.046.875;431.110.009.765.625;421.052.001.953.125;42.544.599.609.375;365300;0.013697810948375359;15.665.159.186.523.400
9/01/2023;418.964.990.234.375;4.278.990.234.375;4.184.169.921.875;427.547.021.484.375;413700;-0.023273163545817245;17.332.581.645.996.000
10/01/2023;426.743.994.140.625;42.674.501.953.125;41.749.599.609.375;41.749.599.609.375;323900;0.018396927186705825;13.822.237.970.214.800
11/01/2023;4282.75;428.341.015.625;4.225.240.234.375;42.651.298.828.125;315400;0.0035812245251874396;1350779350.0
12/01/2023;4.333.509.765.625;433.472.021.484.375;422.247.998.046.875;427.160.009.765.625;331300;0.01178245648038801;14.356.917.853.515.600
13/01/2023;43.666.201.171.875;438.077.001.953.125;432.356.982.421.875;432.356.982.421.875;317600;0.007611498187288476;138.683.854.921.875
17/01/2023;436.389.990.234.375;438.085.009.765.625;4.340.740.234.375;436.035.009.765.625;299100;-0.0006231507231390221;13.052.424.607.910.100
18/01/2023;433.372.021.484.375;44.228.701.171.875;43.314.501.953.125;43.852.001.953.125;284400;-0.006939785416236635;12.325.100.291.015.600
19/01/2023;428.931.982.421.875;43.292.099.609.375;427.668.994.140.625;432.256.982.421.875;323900;-0.010298173920207005;13.893.106.910.644.500
20/01/2023;43.285.400.390.625;43.340.400.390.625;428.447.021.484.375;4.306.919.921.875;308400;0.009102140495459099;1.334.921.748.046.870
23/01/2023;435.510.986.328.125;43.676.298.828.125;43.189.501.953.125;432.577.001.953.125;289300;0.006119525184541329;12.599.332.834.472.600
24/01/2023;4.371.330.078.125;437.652.001.953.125;4329.25;434.631.005.859.375;283900;0.0037174915847908658;12.410.206.091.796.800
25/01/2023;43.734.501.953.125;43.737.998.046.875;43.262.900.390.625;435.022.998.046.875;276800;0.00048488747864345726;12.105.710.140.625
26/01/2023;437.608.984.375;43.947.900.390.625;433.789.013.671.875;438.606.982.421.875;228900;0.0006033799504428744;1.001.686.965.234.370
27/01/2023;4377.5;43.956.298.828.125;43.597.900.390.625;436.677.978.515.625;231600;0.0003221892474675389;1013829000.0
30/01/2023;43.097.099.609.375;436.306.982.421.875;4.299.259.765.625;436.260.986.328.125;233800;-0.015607177772641968;10.076.101.888.671.800
31/01/2023;436.072.021.484.375;43.612.998.046.875;431.316.015.625;431.318.994.140.625;267100;0.011766623204631219;11.647.483.693.847.600
1/02/2023;4.353.080.078.125;43.783.701.171.875;428.089.013.671.875;4345.0;282400;-0.0017535721314865663;12.293.098.140.625
2/02/2023;435.289.013.671.875;4.352.919.921.875;4.302.009.765.625;434.347.998.046.875;334500;-4,36E+10;14.560.417.507.324.200
3/02/2023;4.336.419.921.875;438.685.986.328.125;4325.25;434.541.015.625;282600;-0.003790918831812472;1.225.472.269.921.870
6/02/2023;431.310.009.765.625;43.606.201.171.875;4.307.759.765.625;4.325.330.078.125;256200;-0.0053921791427069985;11.050.162.450.195.300
7/02/2023;43.284.501.953.125;433.485.986.328.125;426.102.978.515.625;43.006.298.828.125;264600;0.0035526296279101794;11.453.079.216.796.800
8/02/2023;4.226.580.078.125;4.309.830.078.125;422.641.015.625;4308.75;240800;-0.02381638150111104;10.177.604.828.125
9/02/2023;421.164.013.671.875;42.768.701.171.875;420.210.986.328.125;4263.25;248600;-0.003541020887496263;10.470.137.379.882.800
10/02/2023;422.572.021.484.375;42.334.599.609.375;418.516.015.625;42.024.599.609.375;240300;0.003337558337796819;10.154.405.676.269.500
13/02/2023;426.943.017.578.125;42.742.900.390.625;4.205.830.078.125;421.847.998.046.875;251100;0.010290658707331654;10.720.539.171.386.700
14/02/2023;4.261.759.765.625;429.483.984.375;421.977.978.515.625;425.433.984.375;250000;-0.0017982045355484232;106.543.994.140.625
15/02/2023;4.258.330.078.125;42.586.298.828.125;421.589.990.234.375;4.241.919.921.875;240000;-0.000805082516298591;1021999218.75
16/02/2023;419.893.994.140.625;4.242.240.234.375;419.731.005.859.375;42.177.099.609.375;260600;-0.014044984459786216;10.942.437.487.304.600
17/02/2023;42.529.599.609.375;42.616.201.171.875;41.745.400.390.625;4187.25;269800;0.012783103387600083;11.474.485.974.609.300
21/02/2023;414.802.978.515.625;4.235.759.765.625;4148.0;42.336.298.828.125;324100;-0.024981730968576803;13.443.764.533.691.400
22/02/2023;415.285.986.328.125;41.774.501.953.125;4.140.009.765.625;415.018.994.140.625;259500;0.001163749640022992;10.776.671.345.214.800
23/02/2023;412.785.009.765.625;415.589.013.671.875;4.092.860.107.421.870;415.133.984.375;270400;-0.006040506620497533;111.617.066.640.625
24/02/2023;40.482.900.390.625;4.084.449.951.171.870;4.042.820.068.359.370;407.714.990.234.375;291200;-0.019462134583182765;1.178.862.059.375
27/02/2023;4.066.260.009.765.620;41.052.001.953.125;4.059.580.078.125;4.087.340.087.890.620;273100;0.004429081087930415;11.104.956.086.669.900
28/02/2023;4.075.169.921.875;408.927.001.953.125;4.053.159.912.109.370;40.538.701.171.875;332600;0.002188783970703528;1.355.401.516.015.620
1/03/2023;409.893.017.578.125;410.843.994.140.625;40.791.201.171.875;4.086.639.892.578.120;337800;0.005813562482017498;13.846.186.133.789.000
2/03/2023;409.147.998.046.875;410.122.021.484.375;406.243.994.140.625;407.260.009.765.625;276800;-0.0018192489082173406;113.252.165.859.375
3/03/2023;41.505.400.390.625;416.239.990.234.375;40.931.201.171.875;410.041.015.625;332100;0.014331697654130289;13.783.943.469.726.500
6/03/2023;41.068.798.828.125;4.144.580.078.125;4.093.949.951.171.870;4141.75;333000;-0.010574868065501486;13.675.910.009.765.600
7/03/2023;4.057.159.912.109.370;41.079.599.609.375;4.056.570.068.359.370;4107.75;307100;-0.012180387813581443;1.245.953.809.008.780
8/03/2023;4.026.159.912.109.370;4.056.840.087.890.620;400.693.994.140.625;4.054.860.107.421.870;247900;-0.00767015351482501;9.980.850.422.119.140
9/03/2023;394.747.998.046.875;403.852.001.953.125;3.929.570.068.359.370;4.035.820.068.359.370;294600;-0.019735650587851917;11.629.276.022.460.900
10/03/2023;3.890.840.087.890.620;3955.5;3.856.139.892.578.120;394.343.994.140.625;401600;-0.014452300477774974;1.562.561.379.296.870
13/03/2023;3.997.260.009.765.620;4.041.449.951.171.870;392.335.009.765.625;39.240.400.390.625;389200;0.0269840336317855;15.557.335.958.007.800
14/03/2023;4.039.679.931.640.620;40.536.298.828.125;400.960.009.765.625;4.038.030.029.296.870;319800;0.010556335149900248;12.918.896.421.386.700
15/03/2023;4.021.989.990.234.370;4027.25;3.982.830.078.125;400.118.994.140.625;291400;-0.004388661399075656;11.720.078.831.542.900
16/03/2023;4.044.429.931.640.620;40.564.599.609.375;3.954.510.009.765.620;3.994.469.970.703.120;329100;0.005563806375322866;13.310.218.905.029.200
17/03/2023;3.977.320.068.359.370;40.206.201.171.875;39.587.900.390.625;4.019.679.931.640.620;642800;-0.016732366133223157;25.566.213.399.414.000
20/03/2023;4.022.030.029.296.870;4.025.739.990.234.370;3.973.820.068.359.370;398.814.990.234.375;269900;0.011178514746178298;10.855.459.049.072.200
21/03/2023;401.610.009.765.625;4.043.179.931.640.620;400.210.009.765.625;4.038.010.009.765.620;302300;-0.001475450788363635;12.140.670.595.214.800
22/03/2023;3.932.530.029.296.870;4.017.070.068.359.370;3.930.639.892.578.120;401.668.994.140.625;309700;-0.021028314688035944;12.179.045.500.732.400
23/03/2023;3.981.909.912.109.370;401.677.001.953.125;39.441.298.828.125;3989.75;316600;0.012478589500439933;12.606.726.781.738.200
24/03/2023;402.756.005.859.375;403.722.998.046.875;3955.25;3.980.110.107.421.870;283400;0.011399166478950076;11.414.105.206.054.600
27/03/2023;403.835.009.765.625;406.218.994.140.625;4.028.820.068.359.370;404.522.998.046.875;269100;0.0026754688038564344;10.867.200.112.792.900
28/03/2023;4043.5;40.595.400.390.625;403.306.005.859.375;4.044.179.931.640.620;272400;0.0012744366645151576;1101449400.0
29/03/2023;4093.75;40.981.298.828.125;40.684.599.609.375;40.722.099.609.375;291100;0.012350766847685221;1191690625.0
30/03/2023;4.067.780.029.296.870;410.835.009.765.625;405.010.009.765.625;410.802.001.953.125;295400;-0.006364017104645457;12.016.222.206.542.900
31/03/2023;41.252.900.390.625;412.706.982.421.875;408.393.994.140.625;4.085.949.951.171.870;338300;0.014038926518056839;13.955.856.202.148.400
3/04/2023;41.466.201.171.875;414.708.984.375;411.077.001.953.125;41.132.001.953.125;308700;0.005157243006436613;12.800.616.301.757.800
4/04/2023;411.560.986.328.125;414.943.017.578.125;410.122.021.484.375;414.943.017.578.125;354400;-0.007506544744890398;1.458.572.135.546.870
5/04/2023;4.142.919.921.875;41.612.099.609.375;411.852.001.953.125;412.227.001.953.125;274900;0.006613806295998794;11.388.886.865.234.300
6/04/2023;419.372.021.484.375;420.177.978.515.625;41.501.298.828.125;41.532.998.046.875;262500;0.012187385067525014;11.008.515.563.964.800
10/04/2023;41.686.201.171.875;41.832.001.953.125;41.419.599.609.375;418.306.982.421.875;250200;-0.006003145540328666;10.429.887.533.203.100
11/04/2023;417.466.015.625;419.058.984.375;41.616.201.171.875;41.675.498.046.875;258300;0.001447881389506921;1.078.314.718.359.370
12/04/2023;4.164.419.921.875;4.205.330.078.125;4160.0;420.302.978.515.625;234900;-0.0024559638296506574;9.782.222.396.484.370
13/04/2023;42.540.400.390.625;42.625.498.046.875;4.171.080.078.125;4.173.080.078.125;334600;0.0212921373717557;14.234.017.970.703.100
14/04/2023;42.181.201.171.875;42.532.998.046.875;419.333.984.375;42.432.900.390.625;255800;-0.008479569895226304;10.789.951.259.765.600
17/04/2023;425.822.021.484.375;426.431.005.859.375;4.235.259.765.625;42.572.099.609.375;345500;0.009461724104000176;14.712.150.842.285.100
18/04/2023;42.368.798.828.125;42.770.400.390.625;421.572.021.484.375;427.556.005.859.375;433700;-0.005024161381419957;18.375.348.051.757.800
19/04/2023;42.592.900.390.625;42.683.701.171.875;4.216.240.234.375;422.531.982.421.875;283700;0.005275367236766083;12.083.605.840.820.300
20/04/2023;4.224.990.234.375;4.244.669.921.875;421.685.009.765.625;423.716.015.625;259800;-0.00808553947937615;1.097.652.462.890.620
21/04/2023;4.274.490.234.375;427.918.994.140.625;423.431.005.859.375;42.352.001.953.125;268700;0.011647902441675661;11.485.555.259.765.600
24/04/2023;425.210.986.328.125;426.997.021.484.375;4.236.990.234.375;4.269.009.765.625;256300;-0.005249553686950383;10.898.157.579.589.800
25/04/2023;420.056.982.421.875;42.651.201.171.875;4.196.330.078.125;425.897.021.484.375;279900;-0.012195109650972383;11.757.394.937.988.200
26/04/2023;414.060.009.765.625;41.742.900.390.625;410.831.982.421.875;41.718.798.828.125;240100;-0.014379460062164263;9.941.580.834.472.650
27/04/2023;415.702.978.515.625;4.167.419.921.875;410.618.017.578.125;414.177.001.953.125;437100;0.003960096847749786;18.170.377.190.917.900
28/04/2023;418.731.982.421.875;421.022.998.046.875;411.727.978.515.625;413.831.982.421.875;279700;0.00726004386798419;11.711.933.548.339.800
1/05/2023;422.710.009.765.625;423.877.978.515.625;418.377.978.515.625;418.706.982.421.875;314400;0.009455332674251447;1.329.000.270.703.120
2/05/2023;4167.25;42.352.001.953.125;416.143.017.578.125;4.214.490.234.375;320700;-0.01425985600644691;1336437075.0
3/05/2023;41.966.201.171.875;424.072.021.484.375;41.696.201.171.875;418.922.998.046.875;443100;0.007023121473059005;18.595.223.739.257.800
4/05/2023;419.168.994.140.625;419.847.021.484.375;416.131.982.421.875;4.183.080.078.125;321000;-0.001175487390072547;13.455.324.711.914.000
5/05/2023;426.147.998.046.875;427.272.021.484.375;4.205.259.765.625;421.385.986.328.125;343100;0.016512533278795656;14.621.137.812.988.200
8/05/2023;42.281.298.828.125;426.497.021.484.375;421.206.982.421.875;426.414.990.234.375;307300;-0.007856725985399686;12.993.043.129.882.800
9/05/2023;423.431.982.421.875;4.241.990.234.375;419.910.009.765.625;420.581.982.421.875;342000;0.0014629197748847816;14.481.373.798.828.100
10/05/2023;425.131.005.859.375;4263.5;42.182.001.953.125;42.557.998.046.875;368000;0.004004477525893075;15.644.821.015.625
11/05/2023;421.914.013.671.875;423.966.015.625;41.930.498.046.875;423.872.998.046.875;316100;-0.0075958363033863064;13.336.701.972.167.900
12/05/2023;42.051.298.828.125;423.360.986.328.125;41.886.201.171.875;4.225.580.078.125;328800;-0.0033261675588527385;138.264.670.546.875
15/05/2023;426.160.986.328.125;42.676.298.828.125;421.585.009.765.625;422.131.982.421.875;300800;0.013341810416950662;1.281.892.246.875
16/05/2023;4.157.509.765.625;4205.5;4.146.330.078.125;4205.5;338200;-0.024730710073126525;1.406.069.802.734.370
17/05/2023;416.841.015.625;4.172.990.234.375;41.088.798.828.125;415.731.005.859.375;307200;0.0026184246197830845;1280535600.0
18/05/2023;415.039.013.671.875;416.402.001.953.125;410.602.978.515.625;416.402.001.953.125;296400;-0.004332366947645132;12.301.756.365.234.300
19/05/2023;418.633.984.375;420.364.013.671.875;4.173.509.765.625;4.175.509.765.625;263400;0.008624467854373428;110.268.191.484.375
22/05/2023;421.277.978.515.625;42.316.298.828.125;419.872.998.046.875;420.293.017.578.125;322300;0.006295904787842039;13.577.789.247.558.500
23/05/2023;421.410.986.328.125;426.068.994.140.625;420.681.005.859.375;42.133.701.171.875;346000;0.00031567474869971247;14.580.820.126.953.100
24/05/2023;41.593.798.828.125;420.477.001.953.125;41.484.501.953.125;420.456.982.421.875;311700;-0.013072389532832171;12.964.787.094.726.500
25/05/2023;40.740.400.390.625;413.366.015.625;404.818.994.140.625;413.366.015.625;311800;-0.020730850825130313;12.702.856.841.796.800
26/05/2023;4.078.949.951.171.870;409.610.009.765.625;40.591.201.171.875;407.843.994.140.625;266500;0.0012044446782880453;10.870.401.619.873.000
30/05/2023;4.050.699.951.171.870;4.083.800.048.828.120;4.027.760.009.765.620;4.069.760.009.765.620;286000;-0.006949896747834353;11.585.001.860.351.500
31/05/2023;4.072.949.951.171.870;4.092.010.009.765.620;404.093.994.140.625;4.062.820.068.359.370;401200;0.005477847003518902;16.340.675.204.101.500
1/06/2023;4.082.699.951.171.870;409.489.990.234.375;4.036.909.912.109.370;40.737.099.609.375;280900;0.0023909816536121825;11.468.304.162.841.700
2/06/2023;4.154.240.234.375;415.447.021.484.375;4.092.659.912.109.370;41.007.998.046.875;279100;0.017371033548690917;11.594.484.494.140.600
5/06/2023;41.707.099.609.375;418.247.021.484.375;414.743.017.578.125;41.495.400.390.625;293100;0.003956719899361461;12.224.350.895.507.800
6/06/2023;4.164.009.765.625;418.397.021.484.375;41.532.998.046.875;418.368.017.578.125;304400;-0.001607779739600713;126.752.457.265.625
7/06/2023;415.039.013.671.875;416.716.015.625;412.856.005.859.375;415.633.984.375;310700;-0.003276157328989325;12.895.262.154.785.100
8/06/2023;416.989.013.671.875;41.766.298.828.125;413.566.015.625;414.397.021.484.375;283300;0.004687350681090087;11.813.298.757.324.200
9/06/2023;414.539.013.671.875;417.331.005.859.375;414.033.984.375;4.165.580.078.125;0;-0.0058927829468057155;0.0
12/06/2023;417.977.001.953.125;4.190.169.921.875;414.639.013.671.875;41.712.998.046.875;342700;0.008259319365925217;14.324.071.856.933.500
13/06/2023;4.229.669.921.875;42.387.900.390.625;418.058.984.375;4.180.740.234.375;343700;0.011867731587663093;14.537.375.521.484.300
14/06/2023;419.366.015.625;424.108.984.375;41.667.900.390.625;423.577.001.953.125;337700;-0.008550059100324801;1.416.199.034.765.620
15/06/2023;4.245.330.078.125;42.497.998.046.875;4.185.759.765.625;4196.75;394700;0.012245675400812372;16.756.317.818.359.300
16/06/2023;4.229.830.078.125;4.281.669.921.875;422.185.009.765.625;427.658.984.375;999400;-0.0036577520650079424;4.227.292.180.078.120
20/06/2023;4208.5;422.310.009.765.625;418.922.998.046.875;421.547.021.484.375;521100;-0.00505553192580206;2193049350.0
21/06/2023;419.039.990.234.375;420.760.009.765.625;41.660.498.046.875;41.952.998.046.875;374600;-0.0043101182029397405;15.697.238.034.179.600
22/06/2023;419.397.021.484.375;420.335.009.765.625;417.347.021.484.375;41.878.701.171.875;330900;0.0008516591385878596;13.877.847.440.917.900
23/06/2023;41.417.998.046.875;416.956.982.421.875;41.353.798.828.125;416.956.982.421.875;992100;-0.012517401806224612;41.090.795.862.304.600
26/06/2023;408.939.990.234.375;413.831.982.421.875;4.079.949.951.171.870;413.831.982.421.875;363500;-0.012732192652437547;14.864.968.645.019.500
27/06/2023;4.043.239.990.234.370;4.090.080.078.125;4.031.199.951.171.870;4.090.080.078.125;332500;-0.011351887804983193;13.443.772.967.529.200
28/06/2023;4.064.110.107.421.870;406.464.990.234.375;4.013.909.912.109.370;4.036.860.107.421.870;353300;0.00514845492934772;14.358.501.009.521.400
29/06/2023;404.235.009.765.625;4.065.949.951.171.870;4.036.219.970.703.120;4.048.239.990.234.370;309800;-0.005368573083259839;12.523.200.602.539.000
30/06/2023;4.076.929.931.640.620;408.781.005.859.375;406.543.994.140.625;4.071.199.951.171.870;322500;0.00851800724740096;13.148.099.029.541.000
3/07/2023;405.677.001.953.125;406.293.994.140.625;404.031.005.859.375;404.922.998.046.875;166400;-0.004957142140299204;675046531.25
5/07/2023;4.069.050.048.828.120;408.118.994.140.625;4.051.070.068.359.370;4.057.830.078.125;318300;0.003022473680710026;12.951.786.305.419.900
6/07/2023;4.014.360.107.421.870;4.042.969.970.703.120;3.990.679.931.640.620;4.042.760.009.765.620;360200;-0.013531609764750699;14.459.725.106.933.500
7/07/2023;39.803.701.171.875;4.018.800.048.828.120;397.735.009.765.625;40.096.298.828.125;257500;-0.008503149969782013;10.249.453.051.757.800
10/07/2023;4.053.080.078.125;406.227.001.953.125;3.979.199.951.171.870;3.979.360.107.421.870;322300;0.018102295951305806;13.063.077.091.796.800
11/07/2023;4.056.989.990.234.370;406.243.994.140.625;40.297.900.390.625;4.046.110.107.421.870;273800;0.0009642117464684464;11.108.038.593.261.700
12/07/2023;4.092.330.078.125;4.114.080.078.125;40.771.298.828.125;409.806.005.859.375;328300;0.008673192150977664;13.435.119.646.484.300
13/07/2023;41.089.501.953.125;413.006.982.421.875;41.017.998.046.875;41.099.501.953.125;263900;0.004053059860247909;10.843.519.565.429.600
14/07/2023;410.135.009.765.625;411.997.021.484.375;407.552.001.953.125;41.140.400.390.625;253900;-0.0018513573330689922;10.413.327.897.949.200
17/07/2023;41.290.498.046.875;4.156.740.234.375;410.466.015.625;4.111.580.078.125;369100;0.006731097381401008;15.240.322.829.101.500
18/07/2023;414.272.021.484.375;416.827.001.953.125;412.768.017.578.125;413.527.978.515.625;333100;0.0033053197973099326;13.799.401.035.644.500
19/07/2023;41.589.599.609.375;4.189.009.765.625;4158.75;4.162.009.765.625;349300;0.003912404830085154;14.527.247.143.554.600
20/07/2023;414.647.021.484.375;41.812.900.390.625;414.393.017.578.125;416.543.994.140.625;302300;-0.0030076119464767562;12.534.779.459.472.600
21/07/2023;417.493.994.140.625;418.883.984.375;4.153.330.078.125;416.885.009.765.625;312900;0.006842551228319765;13.063.387.076.660.100
24/07/2023;41.131.201.171.875;41.727.099.609.375;410.718.994.140.625;4.164.009.765.625;292500;-0.014918079809506997;12.030.876.342.773.400
25/07/2023;410.322.021.484.375;41.235.400.390.625;40.966.201.171.875;409.906.982.421.875;245200;-0.0024098094125999656;10.061.095.966.796.800
26/07/2023;4.091.219.970.703.120;41.002.998.046.875;407.422.998.046.875;40.897.099.609.375;239100;-0.0029288767621449083;9.782.106.949.951.170
27/07/2023;4.064.320.068.359.370;411.047.021.484.375;4058.75;410.368.994.140.625;482100;-0.006596742769975903;19.594.087.049.560.500
28/07/2023;41.337.001.953.125;4.137.669.921.875;4.082.590.087.890.620;40.918.798.828.125;359600;0.01692647278145638;1.486.478.590.234.370
31/07/2023;412.997.998.046.875;4139.0;4115.5;41.351.201.171.875;304400;-0.000900377317597127;12.571.659.060.546.800
1/08/2023;4.092.909.912.109.370;412.243.017.578.125;407.814.990.234.375;412.243.017.578.125;338200;-0.009016372583726923;13.842.221.322.753.900
2/08/2023;4.064.949.951.171.870;409.231.005.859.375;405.377.001.953.125;4.080.080.078.125;0;-0.006854756244198879;0.0
3/08/2023;4.053.639.892.578.120;4.079.320.068.359.370;4.048.510.009.765.620;405.547.998.046.875;320800;-0.0027862143865076535;13.004.076.775.390.600
4/08/2023;407.056.005.859.375;41.110.498.046.875;4.066.409.912.109.370;4.081.090.087.890.620;0;0.004165380119052618;0.0
7/08/2023;4.047.889.892.578.120;4.064.070.068.359.370;4.036.909.912.109.370;40.632.099.609.375;554000;-0.0055848653565263775;22.425.310.004.882.800
8/08/2023;4.074.469.970.703.120;4.077.679.931.640.620;404.902.001.953.125;4.050.320.068.359.370;417800;0.00654493852891214;17.023.135.537.597.600
9/08/2023;408.935.009.765.625;4.114.259.765.625;4.080.679.931.640.620;4.088.159.912.109.370;411800;0.0036453874061008924;16.839.943.702.148.400
10/08/2023;4099.75;4.149.919.921.875;40.967.099.609.375;4.099.759.765.625;322800;0.002539939141247451;1323399300.0
11/08/2023;411.564.013.671.875;412.116.015.625;408.577.001.953.125;4.087.090.087.890.620;269000;0.0038683875676904745;11.071.071.967.773.400
14/08/2023;4.106.419.921.875;4.110.419.921.875;4.080.679.931.640.620;410.416.015.625;268300;-0.002242800135967478;11.017.524.650.390.600
15/08/2023;4.095.300.048.828.120;4.106.830.078.125;4.078.429.931.640.620;4.089.510.009.765.620;283100;-0.0027115970552696878;11.593.794.438.232.400
16/08/2023;4.045.929.931.640.620;409.010.009.765.625;4.045.219.970.703.120;407.952.001.953.125;283600;-0.012128565955881881;11.474.257.286.132.800
17/08/2023;4.024.699.951.171.870;4.054.669.921.875;4.024.699.951.171.870;4048.75;270900;-0.00526105886287747;1.090.291.216.772.460
18/08/2023;4.026.449.951.171.870;40.373.798.828.125;399.806.005.859.375;400.297.998.046.875;258600;0.0004347205178852895;10.412.399.573.730.400
21/08/2023;4.088.139.892.578.120;4.098.580.078.125;4.031.510.009.765.620;403.210.009.765.625;311700;0.015204990296880737;12.742.732.045.166.000
22/08/2023;40.900.400.390.625;410.456.982.421.875;4.080.300.048.828.120;40.881.201.171.875;339800;0.0004646868947491355;13.897.956.052.734.300
23/08/2023;410.793.017.578.125;41.255.498.046.875;410.568.994.140.625;412.277.978.515.625;265800;0.0043645352811113895;10.918.878.407.226.500
24/08/2023;406.714.990.234.375;41.167.001.953.125;4.065.070.068.359.370;410.458.984.375;227100;-0.009976810332993477;9.236.497.428.222.650
25/08/2023;4.091.340.087.890.620;410.077.001.953.125;4.049.419.921.875;4.076.340.087.890.620;232200;0.005930081783483409;9.500.091.684.082.030
28/08/2023;4.109.919.921.875;413.081.005.859.375;409.860.986.328.125;411.633.984.375;295900;0.004530978349393973;12.161.253.048.828.100
29/08/2023;4.142.990.234.375;414.364.013.671.875;41.088.701.171.875;411.110.009.765.625;247100;0.008014261364317392;10.237.328.869.140.600
30/08/2023;415.031.982.421.875;416.056.982.421.875;41.395.498.046.875;414.668.994.140.625;253100;0.0017675913960367876;10.504.459.475.097.600
31/08/2023;41.147.099.609.375;41.507.998.046.875;41.147.099.609.375;415.060.986.328.125;268900;-0.008617049073785688;11.064.455.084.960.900
1/09/2023;415.343.994.140.625;417.441.015.625;41.498.798.828.125;41.537.001.953.125;266100;0.00936854416092808;11.052.303.684.082.000
5/09/2023;4.095.340.087.890.620;415.181.005.859.375;4.095.330.078.125;4.151.740.234.375;295000;-0.01408712903456881;12.081.253.259.277.300
6/09/2023;4.072.989.990.234.370;4.093.219.970.703.120;4048.75;4.093.219.970.703.120;276300;-0.005472392329676467;11.253.671.343.017.500
7/09/2023;406.727.001.953.125;407.752.001.953.125;4.053.679.931.640.620;40.707.099.609.375;302000;-0.0014053535483347346;12.283.155.458.984.300
8/09/2023;4.082.550.048.828.120;410.535.009.765.625;407.714.990.234.375;4.081.219.970.703.120;265900;0.0037497876205757293;10.855.500.579.833.900
11/09/2023;4.100.830.078.125;411.202.001.953.125;4.074.070.068.359.370;4084.25;302200;0.004467606152544416;1.239.270.849.609.370
12/09/2023;410.089.990.234.375;411.264.990.234.375;4.086.320.068.359.370;410.481.005.859.375;306300;1,70E+10;12.561.056.400.878.900
13/09/2023;4.076.830.078.125;412.131.005.859.375;407.602.001.953.125;410.889.013.671.875;347700;-0.005886693198270562;14.175.138.181.640.600
14/09/2023;4.090.919.921.875;41.058.798.828.125;40.758.701.171.875;4.084.330.078.125;312100;0.0034501197334224844;12.767.761.076.171.800
15/09/2023;40.576.201.171.875;409.631.982.421.875;40.501.201.171.875;4.094.409.912.109.370;733400;-0.00817324082639344;29.758.585.939.453.100
18/09/2023;4.013.919.921.875;405.789.990.234.375;4.005.340.087.890.620;40.543.701.171.875;334600;-0.01082832324362171;1.343.057.605.859.370
19/09/2023;4.028.360.107.421.870;40.313.701.171.875;39.968.701.171.875;4.007.510.009.765.620;306400;0.0035910714405383176;12.342.895.369.140.600
20/09/2023;4.000.010.009.765.620;404.402.001.953.125;399.952.001.953.125;403.360.009.765.625;308400;-0.007062508350246423;12.336.030.870.117.100
21/09/2023;3.959.409.912.109.370;3.978.909.912.109.370;3.947.820.068.359.370;3.978.469.970.703.120;0;-0.010201861488773833;0.0
22/09/2023;394.577.001.953.125;3.972.830.078.125;3.945.419.921.875;3.966.199.951.171.870;0;-0.0034508780905756656;0.0
25/09/2023;3.933.840.087.890.620;3.939.050.048.828.120;391.297.998.046.875;393.202.001.953.125;276500;-0.0030280535695431463;10.877.067.843.017.500
26/09/2023;3.962.340.087.890.620;39.802.099.609.375;394.414.990.234.375;3.944.510.009.765.620;376400;0.007218711611489028;14.914.248.090.820.300
27/09/2023;3.976.409.912.109.370;3.997.050.048.828.120;394.897.998.046.875;3982.75;309700;0.0035445980664610115;12.314.941.497.802.700
28/09/2023;39.721.298.828.125;3.981.030.029.296.870;3940.75;397.589.990.234.375;297900;-0.0010769348385901007;11.832.974.920.898.400
29/09/2023;395.364.990.234.375;3.992.610.107.421.870;394.902.001.953.125;39.880.400.390.625;308700;-0.004663267074930543;12.204.917.248.535.100
2/10/2023;3.898.409.912.109.370;394.735.009.765.625;3.875.409.912.109.370;3947.0;331700;-0.014070423020147384;12.931.025.678.466.700
3/10/2023;3.862.469.970.703.120;3.883.840.087.890.620;3.837.919.921.875;387.293.994.140.625;380700;-0.009261887535156246;14.704.423.178.466.700
4/10/2023;3880.75;38.839.599.609.375;383.693.994.140.625;386.797.998.046.875;328300;0.004721566306016734;1274050225.0
5/10/2023;393.881.005.859.375;3.940.659.912.109.370;38.785.400.390.625;38.787.900.390.625;367700;0.014850228184192597;14.483.004.585.449.200
6/10/2023;3.960.889.892.578.120;3.978.780.029.296.870;3.916.989.990.234.370;3.919.530.029.296.870;276900;0.005590058259956948;10.967.704.112.548.800
9/10/2023;3.940.360.107.421.870;3.946.610.107.421.870;38.916.201.171.875;39.412.900.390.625;266700;-0.005196603412438427;10.508.940.406.494.100
10/10/2023;3.970.820.068.359.370;398.147.998.046.875;392.552.001.953.125;3.930.530.029.296.870;395600;0.007700522748458064;15.708.564.190.429.600
11/10/2023;3.983.280.029.296.870;3.999.080.078.125;39.601.201.171.875;3.986.320.068.359.370;288200;0.003132968148813559;11.479.813.044.433.500
12/10/2023;39.209.599.609.375;39.845.400.390.625;3912.75;3.983.590.087.890.620;346500;-0.01576909603693754;13.586.126.264.648.400
13/10/2023;3.936.679.931.640.620;3.943.860.107.421.870;390.247.998.046.875;3.927.659.912.109.370;335500;0.004001199314440317;13.207.561.170.654.200
16/10/2023;3.962.080.078.125;39.749.599.609.375;391.577.001.953.125;3.934.739.990.234.370;319000;0.006431448482095889;1.263.903.544.921.870
17/10/2023;3.957.050.048.828.120;3.983.320.068.359.370;394.843.994.140.625;394.843.994.140.625;438700;-0.0012703491147858618;17.359.578.564.208.900
18/10/2023;38.783.701.171.875;393.714.990.234.375;3.873.929.931.640.620;3.933.929.931.640.620;361100;-0.020083818008181827;14.004.794.493.164.000
19/10/2023;381.202.001.953.125;38.726.298.828.125;38.032.099.609.375;387.168.994.140.625;309600;-0.01725575499852454;1.180.201.398.046.870
20/10/2023;37.927.099.609.375;38.319.599.609.375;3791.25;3.815.169.921.875;295200;-0.005078444637699413;111.960.798.046.875
23/10/2023;3.747.070.068.359.370;37.768.798.828.125;3.746.760.009.765.620;3.774.580.078.125;379900;-0.012106573361377403;14.235.119.189.697.200
24/10/2023;38.017.900.390.625;381.327.001.953.125;3.766.590.087.890.620;3.766.590.087.890.620;340600;0.014497799235793696;12.948.896.873.046.800
25/10/2023;37.398.798.828.125;3.779.219.970.703.120;372.868.994.140.625;377.810.009.765.625;280500;-0.016418524712593252;10.490.363.071.289.000
26/10/2023;37.371.298.828.125;3.757.949.951.171.870;3.726.419.921.875;3.740.469.970.703.120;317600;-0.0007355882124543332;118.691.245.078.125
27/10/2023;3.637.050.048.828.120;372.818.994.140.625;3.630.429.931.640.620;372.793.994.140.625;350600;-0.027144978873448234;12.751.497.471.191.400
30/10/2023;3.677.860.107.421.870;368.968.994.140.625;3.660.320.068.359.370;366.756.005.859.375;329800;0.011158163570348763;12.129.582.634.277.300
31/10/2023;3.694.340.087.890.620;369.689.990.234.375;3.631.639.892.578.120;36.418.701.171.875;374300;0.00447085197987011;1.382.791.494.897.460
1/11/2023;375.360.009.765.625;3.757.820.068.359.370;3.691.909.912.109.370;370.168.994.140.625;318200;0.01591346301376481;11.943.955.510.742.100
2/11/2023;37.985.400.390.625;3.805.889.892.578.120;3.750.389.892.578.120;3.755.090.087.890.620;369100;0.011901387168095728;14.020.411.284.179.600
3/11/2023;3.881.590.087.890.620;39.007.099.609.375;3.847.139.892.578.120;384.743.994.140.625;429100;0.021628093488200106;16.655.903.067.138.600
6/11/2023;3.861.239.990.234.370;3.909.199.951.171.870;3.855.159.912.109.370;3.904.830.078.125;344000;-0.005256513266745016;1.328.266.556.640.620
7/11/2023;3.880.449.951.171.870;388.489.990.234.375;3.836.409.912.109.370;3.859.419.921.875;380700;0.004962740825167356;14.772.872.964.111.300
8/11/2023;3818.25;38.687.099.609.375;379.843.994.140.625;38.687.099.609.375;363500;-0.016158911240009906;1387933875.0
9/11/2023;370.281.005.859.375;3.823.929.931.640.620;369.835.009.765.625;38.238.798.828.125;439300;-0.030700195778054083;16.266.444.587.402.300
10/11/2023;371.489.990.234.375;3.719.469.970.703.120;3.653.360.107.421.870;37.082.099.609.375;359500;0.0032597269289415987;13.355.065.148.925.700
13/11/2023;3.716.179.931.640.620;3.717.010.009.765.620;3.661.110.107.421.870;369.289.990.234.375;393700;0.00034450694599760665;1.463.060.039.086.910
14/11/2023;3.791.360.107.421.870;3.811.010.009.765.620;3.778.219.970.703.120;378.835.009.765.625;456800;0.020028581545164882;17.318.932.970.703.100
15/11/2023;3784.0;3.831.840.087.890.620;37.831.201.171.875;3784.25;454300;-0.0019431709208361278;1719071200.0
16/11/2023;3.748.889.892.578.120;37.967.900.390.625;3.738.360.107.421.870;3.795.639.892.578.120;341900;-0.009321883678274552;1.281.745.454.272.460
17/11/2023;3.792.330.078.125;379.543.994.140.625;375.514.990.234.375;37.734.599.609.375;427200;0.011520859012181896;1.620.083.409.375
20/11/2023;381.718.994.140.625;3.831.330.078.125;3.783.320.068.359.370;3.783.469.970.703.120;384700;0.0065339079627596474;14.684.729.704.589.800
21/11/2023;377.610.009.765.625;38.083.798.828.125;3.775.909.912.109.370;3.806.830.078.125;279800;-0.010822777641197925;10.565.528.073.242.100
22/11/2023;3.798.820.068.359.370;3.815.949.951.171.870;3.776.949.951.171.870;3.803.330.078.125;244000;0.005998753343066798;9.269.120.966.796.870
24/11/2023;381.960.009.765.625;38.347.099.609.375;3807.5;3.808.360.107.421.870;143000;0.0054552204728827575;5.462.028.139.648.430
27/11/2023;3.797.169.921.875;3.810.030.029.296.870;3.777.929.931.640.620;3.810.030.029.296.870;269100;-0.005889698799593243;10.218.184.259.765.600
28/11/2023;3.782.510.009.765.620;378.589.990.234.375;3.762.489.990.234.370;3.782.360.107.421.870;284900;-0.003868218848662947;10.776.371.017.822.200
29/11/2023;3.817.409.912.109.370;3.843.340.087.890.620;3.795.580.078.125;3.795.580.078.125;314400;0.009184346157811921;12.001.936.763.671.800
30/11/2023;3.874.070.068.359.370;3.902.969.970.703.120;3.852.550.048.828.120;385.672.998.046.875;465200;0.014733492475458897;18.022.173.958.007.800
1/12/2023;3.927.580.078.125;3.928.169.921.875;384.793.994.140.625;3.869.800.048.828.120;465000;0.013717828377105673;1.826.324.736.328.120
4/12/2023;3.962.780.029.296.870;39.669.599.609.375;3.909.340.087.890.620;391.427.001.953.125;402500;0.008922326537332438;15.950.189.617.919.900
5/12/2023;395.352.001.953.125;3.962.179.931.640.620;392.585.009.765.625;393.656.005.859.375;352900;-0.0023394802955860805;13.951.972.148.925.700
6/12/2023;3.977.719.970.703.120;4.007.989.990.234.370;3.953.659.912.109.370;3.974.300.048.828.120;396800;0.0061024571951191165;1.578.359.284.375
7/12/2023;4.002.739.990.234.370;400.781.005.859.375;3.957.090.087.890.620;3.984.239.990.234.370;391000;0.006270340714703905;15.650.713.361.816.400
8/12/2023;3.974.489.990.234.370;401.177.001.953.125;3.968.179.931.640.620;3.990.800.048.828.120;399300;-0.007082688643704889;1.587.013.853.100.580
11/12/2023;39.997.900.390.625;4.001.110.107.421.870;396.222.998.046.875;399.064.990.234.375;432100;0.006345433976819756;17.283.092.758.789.000
12/12/2023;4.051.419.921.875;40.598.798.828.125;39.869.599.609.375;4.022.929.931.640.620;533300;0.012825548159304576;21.606.222.443.359.300
13/12/2023;4214.75;421.558.984.375;4.079.050.048.828.120;4.082.449.951.171.870;681400;0.03952286004661393;2871930650.0
14/12/2023;424.131.982.421.875;426.739.990.234.375;421.681.005.859.375;42.498.798.828.125;729100;0.006284222389619034;30.923.462.838.378.900
15/12/2023;421.477.001.953.125;427.047.021.484.375;419.406.005.859.375;42.519.599.609.375;874700;-0.006279472526945058;36.866.593.360.839.800
18/12/2023;418.333.984.375;421.489.990.234.375;4.170.240.234.375;4.212.169.921.875;616500;-0.007485094393074817;2.579.029.013.671.870
19/12/2023;424.635.009.765.625;424.747.998.046.875;41.979.599.609.375;419.972.021.484.375;489200;0.014949880221019885;20.773.144.677.734.300
20/12/2023;412.306.982.421.875;421.852.978.515.625;41.212.001.953.125;421.272.021.484.375;557400;-0.029461824528644796;22.981.991.200.195.300
21/12/2023;418.972.998.046.875;41.912.900.390.625;415.908.984.375;4.167.740.234.375;404400;0.016038299179500146;16.943.268.041.015.600
22/12/2023;4.291.740.234.375;431.143.994.140.625;424.114.990.234.375;42.415.400.390.625;416100;0.02405601166981154;17.857.931.115.234.300
26/12/2023;434.202.978.515.625;435.156.982.421.875;4.300.740.234.375;431.581.005.859.375;255500;0.011649631485552831;11.093.886.101.074.200
27/12/2023;4.407.490.234.375;44.082.998.046.875;43.592.900.390.625;437.383.984.375;353900;0.01496348839332757;15.598.107.939.453.100
28/12/2023;440.758.984.375;44.383.701.171.875;439.147.021.484.375;441.341.015.625;306100;2,26E+11;1.349.163.251.171.870
29/12/2023;4.370.580.078.125;4.402.419.921.875;436.677.001.953.125;440.189.990.234.375;270600;-0.008432278082381036;1.182.678.969.140.620
2/01/2024;445.702.001.953.125;448.331.982.421.875;433.910.986.328.125;434.018.017.578.125;364000;0.01958464437189878;1.622.355.287.109.370
3/01/2024;44.092.900.390.625;44.482.900.390.625;4397.25;444.752.001.953.125;350000;-0.010766698035856193;1.543.251.513.671.870
4/01/2024;4437.5;445.631.982.421.875;441.143.017.578.125;44.212.998.046.875;329300;0.006377467177596036;1461268750.0
5/01/2024;442.639.990.234.375;4.445.759.765.625;437.831.982.421.875;440.131.005.859.375;346700;-0.002504564262000439;15.346.328.461.425.700
8/01/2024;453.164.013.671.875;4.531.919.921.875;43.786.201.171.875;439.214.013.671.875;461500;0.02349734451292707;20.913.519.230.957.000
9/01/2024;45.277.099.609.375;4.537.419.921.875;44.912.998.046.875;449.764.013.671.875;414200;-0.0008676507664331813;18.753.774.658.203.100
10/01/2024;450.214.013.671.875;45.257.001.953.125;44.692.099.609.375;4508.0;454400;-0.005663414627402044;2.045.772.478.125
11/01/2024;4.462.240.234.375;447.266.015.625;44.209.501.953.125;44.707.998.046.875;417000;-0.008901935031495316;1.860.754.177.734.370
12/01/2024;44.727.099.609.375;452.983.984.375;446.785.009.765.625;44.905.400.390.625;281900;0.0023435455431673746;12.608.569.379.882.800
16/01/2024;4.432.240.234.375;444.047.998.046.875;44.027.998.046.875;443.035.009.765.625;308500;-0.009089327687331703;13.673.461.123.046.800
17/01/2024;44.060.400.390.625;441.108.984.375;437.291.015.625;438.941.015.625;302500;-0.005928816749075282;13.328.271.118.164.000
18/01/2024;43.782.900.390.625;439.758.984.375;435.135.009.765.625;4.394.919.921.875;276200;-0.0063180896127777875;12.092.837.087.890.600
19/01/2024;4.396.759.765.625;44.057.099.609.375;434.597.021.484.375;437.789.990.234.375;325200;0.004209606611569862;142.982.627.578.125
22/01/2024;4413.75;44.263.798.828.125;437.635.986.328.125;43.886.298.828.125;358500;0.0038568155277761587;1582329375.0
23/01/2024;443.991.015.625;444.093.994.140.625;439.764.013.671.875;442.891.015.625;292700;0.005909472900113425;1.299.561.702.734.370
24/01/2024;43.927.998.046.875;4.458.330.078.125;43.910.498.046.875;4.458.330.078.125;286800;-0.01066734864000819;1.259.854.983.984.370
25/01/2024;4.424.009.765.625;443.966.015.625;43.992.998.046.875;442.597.021.484.375;276400;0.0070796791167888;122.279.629.921.875
26/01/2024;44.082.099.609.375;4.449.259.765.625;44.067.998.046.875;444.483.984.375;257300;-0.0035777691294687696;11.342.324.229.492.100
29/01/2024;448.181.005.859.375;4.482.830.078.125;43.945.400.390.625;440.660.986.328.125;291000;0.016558293256593828;13.042.067.270.507.800
30/01/2024;444.414.990.234.375;4.460.080.078.125;44.191.298.828.125;445.835.986.328.125;283200;-0.008438393155501675;125.858.325.234.375
31/01/2024;438.506.005.859.375;44.581.298.828.125;438.231.982.421.875;444.239.990.234.375;304800;-0.013385280506047563;1.336.566.305.859.370
1/02/2024;444.102.978.515.625;44.503.798.828.125;437.043.994.140.625;439.006.005.859.375;0;0.012682961042516745;0.0
2/02/2024;4.386.919.921.875;44.054.599.609.375;436.268.017.578.125;440.193.994.140.625;0;-0.012258914632638692;0.0
5/02/2024;438.781.005.859.375;4.399.740.234.375;433.518.994.140.625;43.590.498.046.875;0;0.0002028864076238236;0.0
6/02/2024;4.433.330.078.125;443.452.001.953.125;438.118.994.140.625;43.851.201.171.875;0;0.010320757381379447;0.0
7/02/2024;435.322.998.046.875;441.327.978.515.625;4.352.740.234.375;441.302.978.515.625;0;-0.018232918490269687;0.0
8/02/2024;43.563.798.828.125;436.568.017.578.125;43.225.400.390.625;43.452.099.609.375;0;0.0007233165504603445;0.0
9/02/2024;437.685.986.328.125;438.239.013.671.875;435.518.017.578.125;436.672.021.484.375;0;0.004690130720381098;0.0
12/02/2024;4.418.919.921.875;442.047.021.484.375;43.632.001.953.125;43.652.099.609.375;0;0.009563763579330423;0.0
13/02/2024;43.071.298.828.125;43.523.798.828.125;427.893.017.578.125;434.141.015.625;0;-0.02562354283070643;0.0
14/02/2024;43.635.400.390.625;43.661.201.171.875;43.248.798.828.125;4340.25;0;0.013011901653361392;0.0
15/02/2024;443.143.994.140.625;44.358.798.828.125;43.656.201.171.875;4.370.740.234.375;0;0.015440910964406914;0.0
16/02/2024;441.164.990.234.375;44.466.298.828.125;440.131.005.859.375;441.672.998.046.875;0;-0.004475827442677954;0.0
20/02/2024;438.502.978.515.625;44.317.099.609.375;436.272.021.484.375;439.402.001.953.125;0;-0.006052328695041536;0.0
21/02/2024;439.560.986.328.125;440.618.994.140.625;436.122.021.484.375;43.829.501.953.125;0;0.002409866175788143;0.0
22/02/2024;445.597.998.046.875;447.827.978.515.625;439.593.017.578.125;4.399.080.078.125;0;0.013640725414571814;0.0
23/02/2024;449.056.982.421.875;450.889.990.234.375;4.474.580.078.125;4.479.990.234.375;0;0.007732593425959969;0.0
26/02/2024;452.860.009.765.625;45.342.099.609.375;447.556.005.859.375;44.769.599.609.375;0;0.008433259193244877;0.0
27/02/2024;459.027.978.515.625;459.677.001.953.125;452.293.994.140.625;45.556.201.171.875;0;0.013528115065863374;0.0
28/02/2024;4.522.240.234.375;458.389.990.234.375;452.072.998.046.875;456.022.021.484.375;0;-0.014933479450758175;0.0
29/02/2024;442.856.005.859.375;455.027.001.953.125;4.427.419.921.875;454.810.009.765.625;0;-0.020933010123501843;0.0
1/03/2024;451.522.021.484.375;4.538.419.921.875;444.418.017.578.125;4449.0;0;0.01937947171908261;0.0
4/03/2024;44.650.400.390.625;453.106.982.421.875;444.597.998.046.875;4.530.740.234.375;0;-0.011175778127819466;0.0
5/03/2024;443.027.001.953.125;447.177.001.953.125;441.708.984.375;44.513.798.828.125;0;-0.00781764691384488;0.0
6/03/2024;4.443.080.078.125;44.592.900.390.625;442.985.009.765.625;4453.75;0;0.002887312537451914;0.0
7/03/2024;444.322.998.046.875;44.773.701.171.875;44.318.798.828.125;4.465.919.921.875;0;3,37E+10;0.0
8/03/2024;446.031.005.859.375;44.987.001.953.125;444.206.982.421.875;44.623.701.171.875;0;0.0038366984372473403;0.0
11/03/2024;445.493.017.578.125;4.503.509.765.625;44.491.298.828.125;44.631.201.171.875;0;-0.001206895905010766;0.0
12/03/2024;4.434.490.234.375;445.318.994.140.625;442.131.982.421.875;445.072.998.046.875;0;-0.0045987199357244825;0.0
13/03/2024;444.616.015.625;447.510.009.765.625;4.427.419.921.875;444.764.013.671.875;0;0.0026281698026533345;0.0
14/03/2024;435.635.986.328.125;4.435.509.765.625;432.477.978.515.625;442.843.994.140.625;0;-0.02040402254134545;0.0
15/03/2024;436.568.994.140.625;43.870.498.046.875;435.022.021.484.375;4.366.580.078.125;0;0.002139424078669656;0.0
18/03/2024;433.733.984.375;437.685.986.328.125;433.583.984.375;4.370.990.234.375;0;-0.006515018018731131;0.0
19/03/2024;4.372.419.921.875;43.807.900.390.625;433.039.013.671.875;433.039.013.671.875;0;0.008055392746164116;0.0
20/03/2024;4395.0;439.789.013.671.875;43.172.001.953.125;434.756.982.421.875;0;0.0051509174308166815;0.0
21/03/2024;44.159.599.609.375;446.718.017.578.125;441.568.994.140.625;4.438.919.921.875;0;0.00475771097986073;0.0
22/03/2024;43.837.998.046.875;441.991.015.625;438.306.005.859.375;44.198.701.171.875;0;-0.007309358503129128;0.0
25/03/2024;438.268.994.140.625;4.404.259.765.625;437.331.982.421.875;438.443.994.140.625;0;-0.00025320585988804244;0.0
26/03/2024;437.906.005.859.375;441.589.990.234.375;437.710.986.328.125;44.063.798.828.125;0;-0.0008285748897583932;0.0
27/03/2024;444.602.001.953.125;444.639.013.671.875;437.947.998.046.875;441.260.986.328.125;0;0.015175215486186557;0.0
28/03/2024;442.997.021.484.375;44.618.798.828.125;442.658.984.375;445.952.978.515.625;0;-0.003616457827539445;0.0
1/04/2024;44.079.501.953.125;4420.5;4367.25;4.420.259.765.625;0;-0.004983087440150733;0.0
2/04/2024;431.210.009.765.625;436.218.994.140.625;43.057.001.953.125;4361.25;0;-0.0219847260032874;0.0
3/04/2024;43.060.498.046.875;4.323.490.234.375;429.177.001.953.125;4.295.240.234.375;0;-0.0014040818577755552;0.0
4/04/2024;425.085.009.765.625;43.563.798.828.125;42.442.001.953.125;43.462.001.953.125;0;-0.01290197930932075;0.0
5/04/2024;427.702.978.515.625;430.177.978.515.625;42.139.599.609.375;4.228.240.234.375;0;0.0061398073381709155;0.0
8/04/2024;4.282.990.234.375;4.285.759.765.625;426.085.009.765.625;427.068.994.140.625;0;0.0013926252902354992;0.0
9/04/2024;432.972.021.484.375;4341.25;42.970.400.390.625;430.010.986.328.125;0;0.010851505876455635;0.0
10/04/2024;4.261.740.234.375;426.660.986.328.125;42.371.201.171.875;424.943.994.140.625;0;-0.015825341829835894;0.0
11/04/2024;428.706.005.859.375;43.079.599.609.375;42.557.099.609.375;4.301.330.078.125;0;0.005923614399378599;0.0
12/04/2024;41.951.298.828.125;42.662.900.390.625;417.410.009.765.625;42.662.900.390.625;0;-0.02167689620896316;0.0
15/04/2024;4148.25;42.150.498.046.875;413.431.005.859.375;4209.25;0;-0.011237742217019396;0.0
16/04/2024;412.039.990.234.375;415.181.982.421.875;4.118.080.078.125;412.764.990.234.375;0;-0.006736336234031324;0.0
17/04/2024;409.656.005.859.375;414.247.021.484.375;409.656.005.859.375;4140.75;0;-0.005802610881519482;0.0
18/04/2024;4.056.300.048.828.120;409.927.978.515.625;4.055.820.068.359.370;408.493.994.140.625;0;-0.009876371356922441;0.0
19/04/2024;40.643.701.171.875;4.085.760.009.765.620;4.026.429.931.640.620;406.160.009.765.625;0;0.0019875381836715307;0.0
22/04/2024;410.685.986.328.125;413.991.015.625;4.072.909.912.109.370;409.477.001.953.125;0;0.01039993468891608;0.0
23/04/2024;415.985.009.765.625;418.733.984.375;413.052.978.515.625;41.305.498.046.875;0;0.012820326445801642;0.0
24/04/2024;4.149.259.765.625;418.347.021.484.375;413.956.982.421.875;416.806.005.859.375;0;-0.0025490908027570977;0.0
25/04/2024;409.760.986.328.125;414.052.001.953.125;406.047.998.046.875;414.052.001.953.125;0;-0.012526105056312124;0.0
26/04/2024;41.344.599.609.375;4.146.669.921.875;4.084.419.921.875;4.089.610.107.421.870;0;0.00895287444905158;0.0
29/04/2024;420.541.015.625;422.881.005.859.375;4.158.169.921.875;4.158.169.921.875;0;0.01701511080232012;0.0
30/04/2024;4.162.330.078.125;420.085.986.328.125;4161.75;417.968.994.140.625;0;-0.010296796397732124;0.0
1/05/2024;4.253.009.765.625;430.891.015.625;416.760.009.765.625;41.686.298.828.125;0;0.02155188004090297;0.0
2/05/2024;43.065.498.046.875;432.160.986.328.125;424.593.017.578.125;428.247.021.484.375;0;0.012510161741550523;0.0
3/05/2024;437.814.013.671.875;440.935.009.765.625;436.385.009.765.625;44.009.501.953.125;0;0.0164869337054493;0.0
6/05/2024;4.370.009.765.625;43.932.001.953.125;433.643.994.140.625;437.727.001.953.125;0;-0.0018587640873514678;0.0
7/05/2024;437.931.005.859.375;438.802.001.953.125;435.483.984.375;438.622.021.484.375;0;0.0021259473098345803;0.0
8/05/2024;4.354.759.765.625;438.197.021.484.375;434.235.986.328.125;4.365.830.078.125;0;-0.005621745216180433;0.0
9/05/2024;43.654.599.609.375;437.502.001.953.125;4.341.669.921.875;43.643.701.171.875;0;0.002454112629803658;0.0
10/05/2024;432.843.994.140.625;438.447.021.484.375;4.327.740.234.375;437.522.998.046.875;0;-0.008516372099437048;0.0
13/05/2024;4.384.419.921.875;43.982.900.390.625;436.181.982.421.875;436.391.015.625;0;0.01285014373202001;0.0
14/05/2024;440.481.982.421.875;443.277.001.953.125;437.964.013.671.875;441.472.021.484.375;0;0.004642025832760966;0.0
15/05/2024;44.558.701.171.875;44.727.001.953.125;443.343.017.578.125;444.743.017.578.125;0;0.011522998361169318;0.0
16/05/2024;445.285.986.328.125;446.027.978.515.625;44.142.998.046.875;444.364.990.234.375;0;-0.0006757986890198169;0.0
17/05/2024;443.297.021.484.375;4.453.740.234.375;441.985.986.328.125;445.368.994.140.625;0;-0.00447671888388759;0.0
20/05/2024;446.839.990.234.375;447.310.986.328.125;442.452.001.953.125;443.739.013.671.875;0;0.007960544080835259;0.0
21/05/2024;4.452.509.765.625;44.722.099.609.375;44.261.201.171.875;444.983.984.375;0;-0.0035624513901367175;0.0
22/05/2024;44.927.998.046.875;4.521.509.765.625;444.339.013.671.875;444.718.994.140.625;0;0.009008142467405127;0.0
23/05/2024;44.166.298.828.125;447.352.001.953.125;44.055.498.046.875;447.352.001.953.125;0;-0.017099136627337058;0.0
24/05/2024;442.006.982.421.875;444.331.005.859.375;4.416.259.765.625;443.164.990.234.375;0;0.0007785579897603203;0.0
28/05/2024;436.366.015.625;44.360.498.046.875;433.560.009.765.625;443.143.017.578.125;0;-0.012844302730774923;0.0
29/05/2024;431.181.005.859.375;432.339.013.671.875;428.635.986.328.125;432.131.982.421.875;0;-0.011953407423370678;0.0
30/05/2024;438.739.013.671.875;439.097.021.484.375;430.614.990.234.375;4.331.330.078.125;0;0.017376765269130765;0.0
31/05/2024;440.110.009.765.625;443.160.009.765.625;437.533.984.375;4.384.509.765.625;0;0.003119983454103551;0.0
3/06/2024;446.752.978.515.625;451.768.994.140.625;440.281.982.421.875;441.339.990.234.375;0;0.01498110323544989;0.0
4/06/2024;446.089.990.234.375;4.485.740.234.375;444.491.015.625;44.710.400.390.625;0;-0.0014851175991989149;0.0
5/06/2024;454.760.009.765.625;4.552.259.765.625;44.601.298.828.125;4.471.830.078.125;0;0.019249125242324878;0.0
6/06/2024;452.958.984.375;45.557.099.609.375;452.531.982.421.875;4547.5;0;-0.00396824956984784;0.0
7/06/2024;4.501.740.234.375;45.347.900.390.625;4490.0;450.406.982.421.875;0;-0.006167352407354708;0.0
10/06/2024;451.381.005.859.375;45.152.998.046.875;444.689.990.234.375;447.702.978.515.625;0;0.0026775584490272663;0.0
11/06/2024;45.129.599.609.375;452.581.982.421.875;447.252.001.953.125;448.033.984.375;0;-0.00018835035276706642;0.0
12/06/2024;454.585.009.765.625;458.047.021.484.375;45.278.798.828.125;457.252.001.953.125;0;0.007261501461889875;0.0
13/06/2024;453.897.021.484.375;454.856.982.421.875;4521.5;4.527.740.234.375;0;-0.0015145889276921387;0.0
14/06/2024;4.503.169.921.875;45.234.501.953.125;44.845.498.046.875;450.122.021.484.375;0;-0.007918585533004311;0.0
17/06/2024;44.698.701.171.875;44.921.298.828.125;446.408.984.375;447.822.998.046.875;0;-0.0074222242215831475;0.0
18/06/2024;4.428.419.921.875;4.471.669.921.875;4.426.490.234.375;446.902.978.515.625;0;-0.00931650799062056;0.0
20/06/2024;447.406.982.421.875;448.589.990.234.375;44.115.498.046.875;4.422.240.234.375;0;0.010255625955951518;0.0
21/06/2024;453.966.015.625;454.283.984.375;451.481.982.421.875;4.521.240.234.375;0;0.014553684188853225;0.0
24/06/2024;46.342.099.609.375;46.492.001.953.125;4.590.330.078.125;460.756.982.421.875;0;0.020613579974867936;0.0
25/06/2024;462.460.986.328.125;466.464.013.671.875;4.621.330.078.125;46.287.001.953.125;0;-0.002073720253509156;0.0
26/06/2024;455.827.001.953.125;459.281.005.859.375;454.943.017.578.125;459.281.005.859.375;0;-0.014448843660149962;0.0
27/06/2024;456.302.001.953.125;456.564.990.234.375;45.374.599.609.375;4.555.419.921.875;0;0.0010415194361855825;0.0
28/06/2024;454.527.978.515.625;457.410.986.328.125;452.041.015.625;457.016.015.625;0;-0.0038954046722646024;0.0
1/07/2024;454.685.986.328.125;462.122.021.484.375;452.902.001.953.125;45.379.599.609.375;0;0.00034757014344322795;0.0
2/07/2024;449.710.009.765.625;453.618.017.578.125;4.483.490.234.375;453.618.017.578.125;0;-0.01100408846484463;0.0
3/07/2024;4.463.009.765.625;451.102.978.515.625;4452.75;4.509.740.234.375;0;-0.007609392528713644;0.0
5/07/2024;450.477.978.515.625;45.099.501.953.125;445.316.015.625;44.708.798.828.125;0;0.00931563377234397;0.0
8/07/2024;45.648.701.171.875;457.481.982.421.875;453.202.001.953.125;454.156.005.859.375;0;0.013251054219220567;0.0
9/07/2024;460.877.978.515.625;461.239.013.671.875;4555.5;4565.0;0;0.009573071519559483;0.0
10/07/2024;467.077.978.515.625;46.711.201.171.875;461.497.021.484.375;462.931.005.859.375;0;0.01336290200508041;0.0
11/07/2024;477.572.021.484.375;479.391.015.625;471.118.994.140.625;471.722.021.484.375;0;0.022218757601587338;0.0
12/07/2024;480.931.005.859.375;48.550.400.390.625;479.693.017.578.125;4817.5;0;0.007008841974807668;0.0
15/07/2024;482.056.005.859.375;48.405.400.390.625;479.356.005.859.375;481.568.017.578.125;0;0.0023364811738982344;0.0
16/07/2024;490.072.021.484.375;491.393.017.578.125;4.843.759.765.625;485.031.982.421.875;0;0.01649206089544924;0.0
17/07/2024;485.181.005.859.375;49.132.998.046.875;482.366.015.625;4.861.490.234.375;0;-0.010030333654768488;0.0
18/07/2024;478.097.021.484.375;4.897.259.765.625;47.672.001.953.125;484.527.001.953.125;0;-0.0147083435584482;0.0
19/07/2024;477.627.001.953.125;479.747.998.046.875;475.827.001.953.125;479.747.998.046.875;0;-0.000983588478717228;0.0
22/07/2024;483.485.986.328.125;483.768.994.140.625;477.772.021.484.375;481.072.998.046.875;0;0.012192233430823481;0.0
23/07/2024;481.493.994.140.625;48.344.599.609.375;479.291.015.625;480.806.005.859.375;0;-0.004128572731652305;0.0
24/07/2024;4815.5;484.806.005.859.375;47.882.001.953.125;4.792.759.765.625;0;0.0001163100746776471;0.0
25/07/2024;4.870.240.234.375;4939.5;483.010.986.328.125;483.352.001.953.125;0;0.011303383299511307;0.0
26/07/2024;4896.5;49.379.501.953.125;48.828.798.828.125;488.568.017.578.125;0;0.005377398860418804;0.0
29/07/2024;48.742.998.046.875;4913.75;485.347.998.046.875;489.797.998.046.875;0;-0.004544199852342511;0.0
30/07/2024;4.850.990.234.375;491.864.990.234.375;482.852.001.953.125;48.936.201.171.875;0;-0.004793608181168832;0.0
31/07/2024;484.366.015.625;4918.0;48.337.001.953.125;486.858.984.375;0;-0.0015121905848008868;0.0
1/08/2024;480.958.984.375;485.316.015.625;479.735.009.765.625;4.821.490.234.375;0;-0.0070588566482035564;0.0
2/08/2024;47.264.501.953.125;4.763.080.078.125;466.716.015.625;472.714.990.234.375;0;-0.017437375413831568;0.0
5/08/2024;459.141.015.625;463.106.005.859.375;451.947.998.046.875;453.243.994.140.625;0;-0.028987233025534454;0.0
6/08/2024;46.087.998.046.875;46.732.900.390.625;45.787.998.046.875;46.032.099.609.375;0;0.0037802765850374533;0.0
7/08/2024;454.772.998.046.875;46.564.599.609.375;45.347.001.953.125;46.558.701.171.875;0;-0.013339273981196012;0.0
8/08/2024;466.639.013.671.875;466.872.021.484.375;456.643.994.140.625;457.322.998.046.875;0;0.025757579697335716;0.0
9/08/2024;46.624.501.953.125;468.102.978.515.625;463.822.998.046.875;46.692.099.609.375;0;-0.0008446798316355005;0.0
12/08/2024;465.268.994.140.625;467.283.984.375;462.058.984.375;466.468.017.578.125;0;-0.002095568576482773;0.0
13/08/2024;470.993.994.140.625;471.510.009.765.625;465.918.017.578.125;466.610.009.765.625;0;0.012229622287349006;0.0
14/08/2024;468.718.017.578.125;4.705.509.765.625;466.872.998.046.875;470.472.021.484.375;0;-0.004843996851091019;0.0
15/08/2024;475.585.009.765.625;47.645.498.046.875;471.447.021.484.375;47.388.798.828.125;0;0.014544299954446758;0.0
16/08/2024;475.239.013.671.875;476.506.005.859.375;471.985.009.765.625;475.560.986.328.125;0;-0.0007277815883763905;0.0
19/08/2024;48.572.998.046.875;485.777.978.515.625;474.985.986.328.125;475.268.017.578.125;0;0.02183500960036486;0.0
20/08/2024;485.185.009.765.625;486.260.986.328.125;483.397.021.484.375;4.853.580.078.125;0;-0.0011225921235906444;0.0
21/08/2024;488.360.986.328.125;489.564.013.671.875;485.472.021.484.375;486.814.990.234.375;0;0.006524576839798987;0.0
22/08/2024;482.656.982.421.875;48.982.900.390.625;48.201.201.171.875;48.951.298.828.125;0;-0.011748638439692382;0.0
23/08/2024;488.039.013.671.875;489.514.990.234.375;483.831.005.859.375;48.555.400.390.625;0;0.011089128673366538;0.0
26/08/2024;488.333.984.375;490.489.990.234.375;48.740.400.390.625;48.974.599.609.375;0;0.0006042172667393369;0.0
27/08/2024;487.722.021.484.375;48.843.701.171.875;4.836.759.765.625;48.839.599.609.375;0;-0.00125395052566335;0.0
28/08/2024;4.874.830.078.125;49.016.201.171.875;48.585.498.046.875;486.366.015.625;0;-0.0004901813864375884;0.0
29/08/2024;488.185.009.765.625;4.934.669.921.875;487.506.982.421.875;4.894.740.234.375;0;0.0014390183169233938;0.0
30/08/2024;4882.0;489.827.001.953.125;483.258.984.375;48.872.099.609.375;0;3,07E+11;0.0
3/09/2024;479.460.009.765.625;49.114.599.609.375;478.697.998.046.875;4.870.169.921.875;0;-0.018064666976467487;0.0
4/09/2024;479.456.982.421.875;4.810.009.765.625;4.766.009.765.625;4.774.830.078.125;0;-6,31E+10;0.0
5/09/2024;475.731.982.421.875;47.971.298.828.125;472.989.990.234.375;47.970.498.046.875;0;-0.007799543379626586;0.0
6/09/2024;46.947.900.390.625;478.547.998.046.875;46.664.599.609.375;476.797.998.046.875;0;-0.013231055979626448;0.0
9/09/2024;476.766.015.625;4.809.580.078.125;47.212.099.609.375;472.543.017.578.125;0;0.015402259722749933;0.0
10/09/2024;479.183.984.375;479.331.005.859.375;472.081.005.859.375;476.172.998.046.875;0;0.005058787398052538;0.0
11/09/2024;48.022.001.953.125;48.089.501.953.125;47.234.599.609.375;477.331.982.421.875;0;0.0021597482494305482;0.0
12/09/2024;4.817.990.234.375;4.836.509.765.625;475.493.994.140.625;478.889.990.234.375;0;0.0032826903703068017;0.0
13/09/2024;489.356.005.859.375;48.956.298.828.125;48.166.201.171.875;481.731.005.859.375;0;0.015563189658673201;0.0
16/09/2024;489.352.978.515.625;492.635.009.765.625;488.064.013.671.875;492.139.013.671.875;0;-6,19E+10;0.0
17/09/2024;487.952.978.515.625;49.212.099.609.375;48.587.099.609.375;489.739.990.234.375;0;-0.0028650208208957995;0.0
18/09/2024;48.626.201.171.875;493.410.009.765.625;486.041.015.625;489.147.998.046.875;0;-0.003471448318845273;0.0
19/09/2024;4915.5;495.481.005.859.375;490.435.009.765.625;49.342.099.609.375;0;0.010816066421889418;0.0
20/09/2024;487.597.021.484.375;49.013.798.828.125;48.615.498.046.875;49.013.798.828.125;0;-0.008074374747084659;0.0
23/09/2024;477.977.001.953.125;488.339.990.234.375;477.731.005.859.375;488.318.017.578.125;0;-0.01992667080063964;0.0
24/09/2024;476.372.998.046.875;477.977.978.515.625;473.327.978.515.625;47.788.701.171.875;0;-0.00336146155311931;0.0
25/09/2024;469.416.015.625;4769.25;46.912.099.609.375;4769.25;0;-0.014711754522723445;0.0
26/09/2024;473.306.005.859.375;4.741.509.765.625;471.068.017.578.125;472.977.978.515.625;0;0.008252723971241256;0.0
27/09/2024;474.427.978.515.625;478.222.021.484.375;474.043.017.578.125;47.549.501.953.125;0;0.0023676964188149084;0.0
30/09/2024;476.783.984.375;47.825.400.390.625;47.215.400.390.625;473.881.982.421.875;0;0.004953702790033666;0.0
1/10/2024;474.435.009.765.625;477.239.990.234.375;4696.75;477.185.009.765.625;0;-0.004938882420629426;0.0
2/10/2024;4.743.259.765.625;47.494.599.609.375;4694.75;471.197.021.484.375;0;-0.00022984335396629372;0.0
3/10/2024;467.408.984.375;473.010.009.765.625;466.793.994.140.625;47.192.099.609.375;0;-0.014690155648741479;0.0
4/10/2024;471.056.982.421.875;472.152.001.953.125;467.918.994.140.625;4.707.240.234.375;0;0.007774424540013256;0.0
7/10/2024;4.652.580.078.125;471.227.978.515.625;464.077.978.515.625;471.185.009.765.625;0;-0.012386961263425382;0.0
8/10/2024;46.793.798.828.125;469.306.982.421.875;465.185.009.765.625;465.589.990.234.375;0;0.005743676243010403;0.0
9/10/2024;46.871.298.828.125;46.952.998.046.875;466.331.005.859.375;467.993.994.140.625;0;0.0016548323681971457;0.0
10/10/2024;468.481.005.859.375;4.692.669.921.875;46.477.001.953.125;46.614.599.609.375;0;-0.0004950574332811601;0.0
11/10/2024;4.773.990.234.375;477.660.986.328.125;468.185.009.765.625;468.639.013.671.875;0;0.018857109916541815;0.0
14/10/2024;4782.0;479.193.994.140.625;474.918.017.578.125;4765.75;0;0.0016763867070497117;0.0
15/10/2024;480.218.017.578.125;481.735.009.765.625;4.779.580.078.125;47.836.298.828.125;0;0.0042111490463829105;0.0
16/10/2024;484.989.013.671.875;4860.5;480.906.982.421.875;4.815.259.765.625;0;0.009886034387372313;0.0
17/10/2024;482.547.998.046.875;485.935.986.328.125;48.235.400.390.625;48.559.599.609.375;0;-0.005045844809171392;0.0
18/10/2024;482.935.009.765.625;4.840.080.078.125;480.252.978.515.625;4.827.419.921.875;0;0.0008016955997083116;0.0
21/10/2024;475.927.001.953.125;482.610.009.765.625;475.072.998.046.875;48.118.798.828.125;0;-0.014617604018854617;0.0
22/10/2024;4755.25;475.935.986.328.125;472.960.986.328.125;4.731.330.078.125;0;-0.0008450283907571058;0.0
23/10/2024;47.051.298.828.125;47.586.298.828.125;46.842.001.953.125;474.893.994.140.625;0;-0.010595892920843874;0.0
24/10/2024;4.698.740.234.375;474.593.994.140.625;469.577.001.953.125;47.151.201.171.875;0;-0.0013589403811831477;0.0
25/10/2024;4.705.830.078.125;4.753.490.234.375;47.037.998.046.875;472.552.978.515.625;0;0.0015077446087429884;0.0
28/10/2024;475.372.998.046.875;477.956.005.859.375;473.291.015.625;47.371.298.828.125;0;0.010127386780498739;0.0
29/10/2024;4741.0;475.835.986.328.125;4.718.330.078.125;473.860.986.328.125;0;-0.0026814850180467086;0.0
30/10/2024;47.159.501.953.125;4.753.919.921.875;470.691.015.625;4.712.759.765.625;0;-0.005297662091016773;0.0
31/10/2024;465.006.982.421.875;4.681.740.234.375;464.310.986.328.125;467.697.021.484.375;0;-0.01406818638141654;0.0
1/11/2024;470.947.021.484.375;471.081.005.859.375;466.110.009.765.625;46.676.298.828.125;0;0.012693185329430805;0.0
4/11/2024;471.227.978.515.625;474.081.005.859.375;467.752.001.953.125;470.347.021.484.375;0;0.0005964009649543642;0.0
5/11/2024;476.406.005.859.375;476.472.998.046.875;46.697.099.609.375;46.842.998.046.875;0;0.010928436429370043;0.0
6/11/2024;481.089.990.234.375;4.842.830.078.125;476.493.017.578.125;48.421.201.171.875;0;0.009783898331592242;0.0
7/11/2024;486.935.986.328.125;48.807.998.046.875;484.206.982.421.875;484.764.013.671.875;0;0.01207832704051579;0.0
8/11/2024;49.034.599.609.375;490.808.984.375;48.604.501.953.125;48.681.201.171.875;0;0.006978586868676582;0.0
11/11/2024;48.836.201.171.875;4.947.259.765.625;488.156.982.421.875;492.991.015.625;0;-0.004054298272375558;0.0
12/11/2024;475.533.984.375;48.667.998.046.875;4750.75;48.427.998.046.875;0;-0.026618607876086935;0.0
13/11/2024;4717.5;48.004.599.609.375;471.710.009.765.625;4.773.169.921.875;0;-0.007989166003057295;0.0
14/11/2024;460.614.990.234.375;4.704.919.921.875;460.210.986.328.125;470.308.984.375;0;-0.023886652375640593;0.0
15/11/2024;4.401.240.234.375;457.114.990.234.375;43.952.998.046.875;456.856.982.421.875;0;-0.045505973230141855;0.0
18/11/2024;438.810.986.328.125;4408.0;43.563.701.171.875;439.439.990.234.375;0;-0.0029877933443684707;0.0
19/11/2024;440.243.017.578.125;440.631.982.421.875;43.432.001.953.125;4.357.259.765.625;0;0.0032581218228458124;0.0
20/11/2024;4.434.830.078.125;443.560.986.328.125;43.877.099.609.375;440.791.015.625;0;0.007332600055503493;0.0
21/11/2024;446.556.982.421.875;449.064.990.234.375;43.976.298.828.125;4.441.240.234.375;0;0.006907525202697346;0.0
22/11/2024;453.368.017.578.125;455.027.001.953.125;447.493.017.578.125;448.181.005.859.375;0;0.015137184119251818;0.0
25/11/2024;4594.25;463.466.015.625;458.797.998.046.875;458.818.017.578.125;0;0.013271511082681191;0.0
26/11/2024;460.106.982.421.875;460.439.990.234.375;45.170.400.390.625;4.563.919.921.875;0;0.0014833253436673053;0.0
27/11/2024;464.810.986.328.125;46.547.001.953.125;46.130.400.390.625;461.872.021.484.375;0;0.010171809011614212;0.0
29/11/2024;464.481.005.859.375;46.618.798.828.125;4.634.490.234.375;46.499.599.609.375;0;-0.0007101761026521734;0.0
2/12/2024;46.466.298.828.125;46.587.900.390.625;4.625.419.921.875;463.856.005.859.375;0;0.0003917206059548977;0.0
3/12/2024;45.820.400.390.625;464.602.001.953.125;458.027.001.953.125;464.152.978.515.625;0;-0.013997878121339841;0.0
4/12/2024;460.641.015.625;461.947.998.046.875;456.502.978.515.625;456.941.015.625;0;0.00530452335557174;0.0
5/12/2024;4581.75;4.612.740.234.375;457.052.001.953.125;45.922.001.953.125;0;-0.005367824470363861;0.0
6/12/2024;463.147.021.484.375;465.268.994.140.625;45.959.599.609.375;459.710.009.765.625;0;0.010793337479789467;0.0
9/12/2024;46.279.501.953.125;466.693.994.140.625;462.033.984.375;4.638.419.921.875;0;-0.0007603110226981025;0.0
10/12/2024;459.002.978.515.625;463.856.005.859.375;458.106.005.859.375;46.357.998.046.875;0;-0.008227534480745737;0.0
11/12/2024;4.576.419.921.875;460.710.009.765.625;45.537.099.609.375;459.489.990.234.375;0;-0.0029694971809406394;0.0
12/12/2024;4.485.080.078.125;45.672.099.609.375;448.485.009.765.625;4.552.919.921.875;0;-0.02016066600548343;0.0
13/12/2024;4.445.830.078.125;447.341.015.625;44.261.298.828.125;446.772.998.046.875;0;-0.008789754239341172;0.0
16/12/2024;448.043.017.578.125;45.220.400.390.625;4.448.490.234.375;4.448.669.921.875;0;0.007752467430450115;0.0
17/12/2024;4.498.990.234.375;4517.5;4466.75;446.972.998.046.875;0;0.00413391603855083;0.0
18/12/2024;431.933.984.375;450.102.001.953.125;430.102.978.515.625;449.077.978.515.625;0;-0.04075040260341134;0.0
19/12/2024;428.960.009.765.625;43.134.501.953.125;423.760.986.328.125;427.243.017.578.125;0;-0.0069090653666439746;0.0
20/12/2024;432.872.998.046.875;4.369.009.765.625;427.593.017.578.125;427.872.021.484.375;0;0.009080680675000658;0.0
23/12/2024;4.364.259.765.625;436.568.994.140.625;430.597.998.046.875;43.284.599.609.375;0;0.008174398920933757;0.0
24/12/2024;4.373.259.765.625;437.339.990.234.375;4.331.419.921.875;43.520.400.390.625;0;0.002060081960506984;0.0
26/12/2024;44.014.599.609.375;440.341.015.625;434.283.984.375;4.345.419.921.875;0;0.006427622369843377;0.0
27/12/2024;4.356.169.921.875;440.160.986.328.125;433.416.015.625;437.160.009.765.625;0;-0.010343082186861502;0.0
30/12/2024;428.914.990.234.375;43.228.701.171.875;427.483.984.375;4.320.990.234.375;0;-0.015504657662585452;0.0
31/12/2024;43.106.298.828.125;43.315.498.046.875;428.177.001.953.125;430.889.013.671.875;0;0.0049954825994363555;0.0
2/01/2025;433.835.986.328.125;43.761.298.828.125;43.239.599.609.375;43.408.701.171.875;0;0.006412327057699293;0.0
3/01/2025;437.141.015.625;438.993.994.140.625;434.922.021.484.375;434.931.982.421.875;0;0.007589282272251245;0.0
6/01/2025;436.214.990.234.375;440.433.984.375;4.354.580.078.125;4.372.240.234.375;0;-0.0021206145751348463;0.0
7/01/2025;439.935.986.328.125;4.437.330.078.125;43.762.900.390.625;43.778.701.171.875;0;0.008494012025793956;0.0
8/01/2025;43.751.298.828.125;439.664.013.671.875;436.158.984.375;439.577.978.515.625;0;-0.005522837853346033;0.0
10/01/2025;4295.5;433.968.017.578.125;42.721.298.828.125;4.327.759.765.625;0;-0.01836824377293846;0.0
13/01/2025;4.330.419.921.875;433.072.998.046.875;42.215.400.390.625;426.589.013.671.875;0;0.00809655386400841;0.0
14/01/2025;42.505.498.046.875;4.342.490.234.375;424.139.013.671.875;4.342.490.234.375;0;-0.01861617658186815;0.0
15/01/2025;433.281.005.859.375;435.622.998.046.875;42.983.701.171.875;43.159.599.609.375;0;0.019167965414620455;0.0
16/01/2025;43.131.298.828.125;43.339.501.953.125;42.951.298.828.125;433.372.998.046.875;0;-0.0045524743183394745;0.0
17/01/2025;431.372.021.484.375;43.553.798.828.125;4.313.259.765.625;435.143.994.140.625;0;0.00013685923030735817;0.0
21/01/2025;4.428.169.921.875;443.327.978.515.625;4.358.740.234.375;43.591.298.828.125;0;0.026185697812590558;0.0
22/01/2025;444.131.982.421.875;44.592.900.390.625;442.456.982.421.875;443.177.978.515.625;0;0.002965201461447148;0.0
23/01/2025;451.443.017.578.125;452.002.001.953.125;4.397.919.921.875;4.430.990.234.375;0;0.016327382010993693;0.0
24/01/2025;448.943.017.578.125;452.997.021.484.375;4.474.990.234.375;450.085.009.765.625;0;-0.005553187914835953;0.0
27/01/2025;452.560.009.765.625;45.624.501.953.125;449.147.998.046.875;4.491.990.234.375;0;0.008024402550540896;0.0
28/01/2025;451.985.986.328.125;4.546.759.765.625;449.931.982.421.875;452.856.005.859.375;0;-0.0012691969607623633;0.0
29/01/2025;450.831.005.859.375;45.504.599.609.375;448.189.990.234.375;451.464.990.234.375;0;-0.002558616217541604;0.0
30/01/2025;45.482.099.609.375;457.472.021.484.375;4.507.830.078.125;454.097.021.484.375;0;0.008811366929098093;0.0
31/01/2025;4532.75;46.100.498.046.875;452.731.982.421.875;455.693.017.578.125;0;-0.003404921052452206;0.0
3/02/2025;450.052.978.515.625;453.372.021.484.375;446.243.994.140.625;446.641.015.625;0;-0.007133699442421514;0.0
4/02/2025;45.380.400.390.625;455.818.017.578.125;447.606.005.859.375;4.480.740.234.375;0;0.008300089500941526;0.0
5/02/2025;465.139.990.234.375;466.106.005.859.375;456.452.001.953.125;456.452.001.953.125;0;0.024673019176693962;0.0
6/02/2025;4.590.509.765.625;46.657.900.390.625;4.589.580.078.125;4.664.740.234.375;0;-0.013177150604232529;0.0
7/02/2025;449.493.017.578.125;458.664.990.234.375;449.372.021.484.375;4.574.759.765.625;0;-0.021040943904610036;0.0
10/02/2025;446.018.994.140.625;4.510.830.078.125;445.466.015.625;451.002.978.515.625;0;-0.007758781165764064;0.0
11/02/2025;440.402.978.515.625;44.222.099.609.375;4.394.919.921.875;44.180.498.046.875;0;-0.012671370841500808;0.0
12/02/2025;446.277.001.953.125;446.410.986.328.125;438.522.021.484.375;43.875.498.046.875;0;0.013249671810730886;0.0
13/02/2025;452.993.994.140.625;453.481.005.859.375;4.466.669.921.875;448.281.982.421.875;0;0.014939027585721213;0.0
14/02/2025;452.185.009.765.625;457.722.021.484.375;451.283.984.375;4.543.759.765.625;0;-0.00178745770041353;0.0
18/02/2025;45.397.900.390.625;458.289.013.671.875;451.910.986.328.125;453.043.994.140.625;0;0.003959540342376271;0.0
19/02/2025;458.135.009.765.625;458.289.013.671.875;45.293.701.171.875;45.296.298.828.125;0;0.009112971753017902;0.0
20/02/2025;460.631.005.859.375;460.985.986.328.125;456.672.021.484.375;458.433.984.375;0;0.005433379536867208;0.0
21/02/2025;4590.25;464.291.015.625;45.872.099.609.375;464.218.017.578.125;0;-0.0034926265510282677;0.0
24/02/2025;456.227.001.953.125;4.612.240.234.375;45.617.998.046.875;4.592.169.921.875;0;-0.006114177860090851;0.0
25/02/2025;453.289.990.234.375;458.093.017.578.125;450.710.009.765.625;45.674.599.609.375;0;-0.006458421234191831;0.0
26/02/2025;450.793.017.578.125;456.856.982.421.875;449.493.994.140.625;454.008.984.375;0;-0.005523782625433609;0.0
27/02/2025;445.839.990.234.375;4.548.169.921.875;445.760.986.328.125;449.027.978.515.625;0;-0.011048171731131779;0.0
28/02/2025;451.806.005.859.375;451.885.009.765.625;44.442.998.046.875;44.488.701.171.875;0;0.013292775769587538;0.0
3/03/2025;4.426.740.234.375;454.389.013.671.875;4.410.759.765.625;452.572.998.046.875;0;-0.020419236685598485;0.0
4/03/2025;444.166.015.625;447.764.013.671.875;439.339.013.671.875;4.416.490.234.375;0;0.003364741169574086;0.0
5/03/2025;452.177.978.515.625;452.914.013.671.875;44.467.900.390.625;444.693.994.140.625;0;0.017877458496947003;0.0
6/03/2025;44.937.900.390.625;45.241.298.828.125;4.471.330.078.125;448.091.015.625;0;-0.006209221727927862;0.0
7/03/2025;45.063.701.171.875;455.758.984.375;448.047.998.046.875;4.487.009.765.625;0;0.002795524990518521;0.0
10/03/2025;448.322.021.484.375;453.310.986.328.125;445.660.009.765.625;4.466.740.234.375;0;-0.005150391210847835;0.0
11/03/2025;443.841.015.625;447.406.982.421.875;437.747.998.046.875;447.258.984.375;0;-0.010045346767512129;0.0
12/03/2025;445.391.015.625;447.327.001.953.125;44.204.501.953.125;44.417.998.046.875;0;0.00348615775259813;0.0
13/03/2025;44.208.701.171.875;450.447.021.484.375;4.404.330.078.125;4.451.080.078.125;0;-0.0074458613490575015;0.0
14/03/2025;444.572.998.046.875;446.993.994.140.625;443.006.005.859.375;443.872.021.484.375;0;0.0056075447521472905;0.0
17/03/2025;450.997.021.484.375;452.341.015.625;443.260.009.765.625;44.435.498.046.875;0;0.0143464686855331;0.0
18/03/2025;444.018.994.140.625;448.066.015.625;443.891.015.625;448.066.015.625;0;-0.015593394120158503;0.0
19/03/2025;446.531.005.859.375;447.318.994.140.625;441.835.986.328.125;443.281.005.859.375;0;0.005641498806640165;0.0
20/03/2025;443.110.009.765.625;4.481.509.765.625;44.238.798.828.125;443.602.978.515.625;0;-0.007690771661220748;0.0
21/03/2025;4444.25;44.520.498.046.875;43.951.201.171.875;440.035.986.328.125;0;0.002963243550123567;0.0
24/03/2025;449.972.021.484.375;450.360.986.328.125;44.610.400.390.625;4.462.240.234.375;0;0.01240409454353652;0.0
25/03/2025;441.860.009.765.625;450.510.986.328.125;43.920.400.390.625;4505.0;0;-0.018192294428229307;0.0
26/03/2025;4.348.919.921.875;441.377.001.953.125;434.639.013.671.875;4413.75;0;-0.01589540548722581;0.0
27/03/2025;436.714.990.234.375;438.643.017.578.125;435.410.009.765.625;43.590.498.046.875;0;0.004183079626249352;0.0
28/03/2025;432.877.978.515.625;437.827.001.953.125;431.964.013.671.875;43.773.701.171.875;0;-0.008824902588827076;0.0
31/03/2025;42.443.701.171.875;426.589.990.234.375;415.543.017.578.125;423.006.005.859.375;0;-0.019692271020577523;0.0
1/04/2025;413.289.013.671.875;42.472.998.046.875;412.218.994.140.625;424.191.015.625;0;-0.026616473259111633;0.0
2/04/2025;420.935.986.328.125;421.143.994.140.625;410.047.021.484.375;410.210.009.765.625;0;0.01833363144968206;0.0
3/04/2025;413.077.001.953.125;4.185.419.921.875;4123.5;41.540.498.046.875;0;-0.01884674965491559;0.0
4/04/2025;39.041.201.171.875;4.064.610.107.421.870;3.901.510.009.765.620;4.060.010.009.765.620;0;-0.0564313992015015;0.0
7/04/2025;3.856.669.921.875;396.656.005.859.375;37.008.798.828.125;37.693.798.828.125;0;-0.0122283392155135;0.0
8/04/2025;373.185.009.765.625;39.440.400.390.625;3.688.830.078.125;393.602.001.953.125;0;-0.0328999811646078;0.0
9/04/2025;392.860.009.765.625;3.951.780.029.296.870;356.835.009.765.625;3.633.580.078.125;0;0.05137903775619635;0.0
10/04/2025;3.774.989.990.234.370;386.327.001.953.125;3.649.739.990.234.370;3.857.169.921.875;0;-0.039885422071882774;0.0
11/04/2025;3.909.949.951.171.870;3.911.659.912.109.370;37.728.798.828.125;37.948.798.828.125;0;0.03512684259962476;0.0
14/04/2025;4.026.199.951.171.870;4.043.260.009.765.620;39.347.099.609.375;3.972.340.087.890.620;0;0.02929841725144116;0.0
15/04/2025;40.104.599.609.375;4.047.739.990.234.370;397.856.005.859.375;4020.75;0;-0.0039170527387723955;0.0
16/04/2025;3.931.860.107.421.870;4.000.179.931.640.620;3898.0;3.999.929.931.640.620;0;-0.019793314534235436;0.0
17/04/2025;3.968.909.912.109.370;3.977.139.892.578.120;392.139.990.234.375;3930.75;0;0.00937885198010408;0.0
21/04/2025;3.943.110.107.421.870;4.008.919.921.875;391.339.990.234.375;3.945.719.970.703.120;0;-0.00652169637285548;0.0
22/04/2025;404.822.998.046.875;4.051.590.087.890.620;3.983.929.931.640.620;3.987.800.048.828.120;0;0.02630996443901521;0.0
23/04/2025;411.614.990.234.375;418.702.001.953.125;4.101.259.765.625;412.831.982.421.875;0;0.016638493003060483;0.0
24/04/2025;4.190.580.078.125;4190.75;4.101.669.921.875;412.318.994.140.625;0;0.01792093108690928;0.0
25/04/2025;41.313.798.828.125;41.652.001.953.125;4.109.330.078.125;414.972.998.046.875;0;-0.014227704587147161;0.0
28/04/2025;418.477.001.953.125;420.214.990.234.375;4.144.830.078.125;415.718.017.578.125;0;0.012840285683339808;0.0
29/04/2025;419.518.017.578.125;422.172.021.484.375;412.839.013.671.875;41.558.798.828.125;0;0.0024845402090642957;0.0
30/04/2025;4.260.419.921.875;426.956.005.859.375;41.642.099.609.375;419.243.994.140.625;0;0.015431439509875288;0.0
1/05/2025;420.902.978.515.625;425.435.009.765.625;41.644.501.953.125;42.372.099.609.375;0;-0.012135562330103222;0.0
2/05/2025;426.627.978.515.625;429.922.998.046.875;4.245.419.921.875;4.273.830.078.125;0;0.01351003648894935;0.0
5/05/2025;4.237.669.921.875;42.606.201.171.875;422.002.001.953.125;425.518.994.140.625;0;-0.006728631332074416;0.0
6/05/2025;3.981.889.892.578.120;4.172.330.078.125;39.746.201.171.875;4.172.169.921.875;0;-0.062257017486681214;0.0
7/05/2025;399.427.001.953.125;4.012.179.931.640.620;396.368.994.140.625;3.989.610.107.421.870;0;0.0031042850272281616;0.0
8/05/2025;3.985.139.892.578.120;4.020.489.990.234.370;3.895.360.107.421.870;3.959.929.931.640.620;0;-0.002288422587167927;0.0
9/05/2025;390.572.998.046.875;4.026.010.009.765.620;390.489.990.234.375;399.222.998.046.875;0;-0.020127715772848817;0.0
12/05/2025;4.071.070.068.359.370;4.088.260.009.765.620;3.943.340.087.890.620;39.482.900.390.625;0;0.04146118031629266;0.0
13/05/2025;399.352.001.953.125;405.460.009.765.625;397.906.005.859.375;4.052.409.912.109.370;0;-0.019232828565221988;0.0
14/05/2025;3.915.199.951.171.870;4.019.320.068.359.370;3.908.260.009.765.620;399.847.998.046.875;0;-0.01980665115688135;0.0
15/05/2025;4.002.429.931.640.620;4.002.719.970.703.120;391.277.001.953.125;3.935.610.107.421.870;0;0.02203525835215284;0.0
16/05/2025;40.662.099.609.375;4.067.260.009.765.620;3.989.260.009.765.620;4.011.179.931.640.620;0;0.01580969248996021;0.0
19/05/2025;411.402.978.515.625;4.114.490.234.375;40.446.298.828.125;4.048.389.892.578.120;0;0.011691679078073594;0.0
20/05/2025;417.793.994.140.625;418.827.978.515.625;410.389.990.234.375;411.185.009.765.625;0;0.015415256913420492;0.0
21/05/2025;4.093.800.048.828.120;4.171.330.078.125;4.084.110.107.421.870;415.497.998.046.875;0;-0.020344642073820546;0.0
22/05/2025;4.081.699.951.171.870;41.001.201.171.875;405.589.990.234.375;40.803.701.171.875;0;-0.0029600896560378395;0.0
23/05/2025;4084.75;4.091.929.931.640.620;403.352.001.953.125;4.033.889.892.578.120;0;0.0007469705902025315;0.0
27/05/2025;41.226.201.171.875;41.521.298.828.125;41.124.599.609.375;413.658.984.375;0;0.009228385075303403;0.0
28/05/2025;4.086.219.970.703.120;413.185.986.328.125;4.081.489.990.234.370;412.058.984.375;0;-0.008868581839150451;0.0
29/05/2025;4.170.990.234.375;41.713.798.828.125;408.522.998.046.875;410.766.015.625;0;0.02053314373208621;0.0
30/05/2025;40.791.298.828.125;409.831.982.421.875;403.985.009.765.625;409.102.001.953.125;0;-0.022269772241512765;0.0
2/06/2025;41.452.998.046.875;4.157.509.765.625;407.381.005.859.375;4.095.800.048.828.120;0;0.016091413553135613;0.0
3/06/2025;418.618.017.578.125;421.243.994.140.625;412.058.984.375;4.144.009.765.625;0;0.009813550359286919;0.0
4/06/2025;418.347.021.484.375;423.510.009.765.625;41.827.900.390.625;419.502.001.953.125;0;-0.0006475685137903478;0.0
5/06/2025;4.181.669.921.875;42.205.498.046.875;414.543.994.140.625;41.748.701.171.875;0;-0.00043042745659271415;0.0
6/06/2025;425.493.994.140.625;4.261.509.765.625;42.137.998.046.875;42.137.998.046.875;0;0.017369977500017342;0.0
9/06/2025;42.738.798.828.125;4.293.740.234.375;422.856.005.859.375;429.127.978.515.625;0;0.004441405242655226;0.0
10/06/2025;431.231.982.421.875;433.797.998.046.875;427.843.994.140.625;42.786.298.828.125;0;0.00895394925313557;0.0
11/06/2025;42.754.599.609.375;43.397.099.609.375;427.368.017.578.125;432.110.986.328.125;0;-0.008584311790625259;0.0
12/06/2025;431.889.990.234.375;432.981.005.859.375;42.677.900.390.625;427.989.990.234.375;0;0.010109027788645284;0.0
13/06/2025;428.322.998.046.875;430.906.982.421.875;4.250.490.234.375;425.127.978.515.625;0;-0.008293324282825124;0.0
16/06/2025;42.741.201.171.875;4297.5;42.486.298.828.125;429.235.009.765.625;0;-0.0021291326447312495;0.0
17/06/2025;41.931.298.828.125;425.922.998.046.875;41.915.400.390.625;42.437.001.953.125;0;-0.01913081684894756;0.0
18/06/2025;421.189.013.671.875;4.246.330.078.125;417.683.984.375;419.247.021.484.375;0;0.004464066716558484;0.0
20/06/2025;419.952.978.515.625;4.241.419.921.875;4.173.490.234.375;423.489.013.671.875;0;-0.002938947424831666;0.0
23/06/2025;417.947.998.046.875;421.085.009.765.625;4.140.330.078.125;4.200.740.234.375;0;-0.0047857308955124925;0.0
24/06/2025;42.611.201.171.875;4.273.759.765.625;418.868.017.578.125;420.977.001.953.125;0;0.01934523181488533;0.0
25/06/2025;42.323.798.828.125;425.160.986.328.125;4.204.759.765.625;425.152.001.953.125;0;-0.00676760912888395;0.0
26/06/2025;42.402.998.046.875;425.208.984.375;42.198.798.828.125;4246.25;0;0.0018695204997379673;0.0
27/06/2025;422.452.001.953.125;4264.75;4.206.240.234.375;424.214.013.671.875;0;-0.003728325885896273;0.0
30/06/2025;422.768.017.578.125;424.877.001.953.125;42.136.201.171.875;423.393.017.578.125;0;0.0007477713078792296;0.0
1/07/2025;4260.0;432.614.990.234.375;421.268.017.578.125;421.914.013.671.875;0;0.007615739462456263;0.0
2/07/2025;432.941.015.625;434.147.998.046.875;4.249.990.234.375;425.043.017.578.125;0;0.01616214987892397;0.0
3/07/2025;435.127.001.953.125;43.547.998.046.875;431.368.017.578.125;433.727.001.953.125;0;0.005036450841727812;0.0
7/07/2025;42.869.599.609.375;433.672.998.046.875;42.601.201.171.875;433.281.005.859.375;0;-0.014889913075728406;0.0
8/07/2025;43.232.998.046.875;435.814.990.234.375;428.789.990.234.375;428.997.998.046.875;0;0.008441106427368214;0.0
9/07/2025;444.047.021.484.375;44.415.498.046.875;435.493.994.140.625;43.567.998.046.875;0;0.02674132072719192;0.0
10/07/2025;4482.75;4.493.669.921.875;442.397.021.484.375;4.443.240.234.375;0;0.009476422309573535;0.0
11/07/2025;441.364.990.234.375;444.702.978.515.625;440.460.986.328.125;444.614.013.671.875;0;-0.015534707983755123;0.0
14/07/2025;4462.75;447.368.994.140.625;440.556.005.859.375;4.406.080.078.125;0;0.011063178538943367;0.0
15/07/2025;436.727.001.953.125;448.256.005.859.375;436.156.005.859.375;4.482.509.765.625;0;-0.021627063539720187;0.0
16/07/2025;44.481.201.171.875;445.164.013.671.875;439.102.978.515.625;439.102.978.515.625;0;0.0183434569412317;0.0
17/07/2025;445.818.017.578.125;448.014.013.671.875;444.233.984.375;444.306.005.859.375;0;0.002259089081048997;0.0
18/07/2025;439.368.994.140.625;44.947.099.609.375;439.152.001.953.125;4.486.919.921.875;0;-0.014571243041398313;0.0
21/07/2025;4.383.990.234.375;444.431.982.421.875;43.807.099.609.375;441.039.013.671.875;0;-0.002210085303900365;0.0
22/07/2025;448.233.984.375;44.857.099.609.375;440.493.994.140.625;440.497.021.484.375;0;0.02218587455129771;0.0
23/07/2025;456.658.984.375;457.206.005.859.375;45.021.298.828.125;45.230.400.390.625;0;0.0186215248538887;0.0
24/07/2025;45.482.900.390.625;458.041.015.625;454.164.013.671.875;456.808.984.375;0;-0.004015374752150137;0.0
25/07/2025;455.243.994.140.625;4.564.669.921.875;4.513.580.078.125;454.977.978.515.625;0;0.0009119933544429151;0.0
28/07/2025;4.493.009.765.625;45.575.498.046.875;448.935.009.765.625;455.364.990.234.375;0;-0.01314053648468491;0.0
29/07/2025;449.041.015.625;450.310.986.328.125;447.247.021.484.375;449.583.984.375;0;-0.0005787571927331749;0.0
30/07/2025;449.610.986.328.125;455.589.990.234.375;44.717.900.390.625;45.237.001.953.125;0;0.0012685016631897117;0.0
31/07/2025;446.122.998.046.875;455.277.978.515.625;44.481.298.828.125;448.902.001.953.125;0;-0.007788039690322724;0.0
1/08/2025;448.335.009.765.625;448.910.009.765.625;44.174.501.953.125;444.539.013.671.875;0;0.004946048241215021;0.0
4/08/2025;457.581.005.859.375;457.641.015.625;448.535.986.328.125;449.860.986.328.125;0;0.020413188414636387;0.0
5/08/2025;450.843.017.578.125;454.322.998.046.875;449.681.982.421.875;4527.75;0;-0.014834728443051321;0.0
6/08/2025;4.452.169.921.875;447.947.021.484.375;442.297.021.484.375;4.475.419.921.875;0;-0.012557416376516105;0.0
7/08/2025;4.448.919.921.875;447.206.005.859.375;441.339.990.234.375;4.461.169.921.875;0;-0.0007302476890977517;0.0
8/08/2025;4.478.669.921.875;44.955.400.390.625;4455.0;446.618.994.140.625;0;0.006664757374091864;0.0
11/08/2025;446.977.978.515.625;4.505.009.765.625;44.556.201.171.875;446.322.998.046.875;0;-0.0019869675607940957;0.0
12/08/2025;453.439.013.671.875;453.506.005.859.375;44.763.701.171.875;447.877.001.953.125;0;0.014351452953669503;0.0
13/08/2025;464.460.009.765.625;46.502.998.046.875;456.047.998.046.875;456.539.990.234.375;0;0.02401468018247871;0.0
14/08/2025;465.227.001.953.125;466.302.978.515.625;460.122.021.484.375;461.458.984.375;0;0.0016500012409415448;0.0
15/08/2025;47.012.001.953.125;470.327.978.515.625;4.661.759.765.625;46.670.498.046.875;0;0.010462560098516718;0.0
18/08/2025;4.687.740.234.375;472.918.017.578.125;46.854.501.953.125;47.035.400.390.625;0;-0.0028671968385121215;0.0
19/08/2025;466.139.990.234.375;46.953.701.171.875;4655.0;46.786.298.828.125;0;-0.005634828730982797;0.0
20/08/2025;46.882.099.609.375;46.982.998.046.875;4.652.080.078.125;46.627.998.046.875;0;0.005735026908897212;0.0
21/08/2025;471.660.986.328.125;472.906.982.421.875;4.654.580.078.125;4664.5;0;0.0060394540668278485;0.0
22/08/2025;473.760.009.765.625;479.906.005.859.375;472.977.001.953.125;474.143.017.578.125;0;0.004440406750176092;0.0
25/08/2025;4.647.990.234.375;474.547.998.046.875;4643.0;474.447.021.484.375;0;-0.019095780468888893;0.0
26/08/2025;470.164.013.671.875;47.031.298.828.125;465.902.001.953.125;466.956.005.859.375;0;0.011476494591784901;0.0
27/08/2025;469.847.021.484.375;471.052.978.515.625;468.072.021.484.375;4.688.080.078.125;0;-0.0006744435706826552;0.0
28/08/2025;468.260.009.765.625;471.164.990.234.375;467.335.986.328.125;469.558.984.375;0;-0.0033834374540350717;0.0
29/08/2025;46.776.298.828.125;4.693.080.078.125;465.968.017.578.125;468.243.017.578.125;0;-0.0010619857249755482;0.0
2/09/2025;476.681.982.421.875;4.786.259.765.625;471.639.013.671.875;471.710.009.765.625;0;0.018887832685132912;0.0
3/09/2025;477.360.986.328.125;482.358.984.375;47.521.298.828.125;476.297.021.484.375;0;0.0014234244014939314;0.0
4/09/2025;475.881.005.859.375;477.664.990.234.375;4.720.259.765.625;476.618.994.140.625;0;-0.0031051541372315093;0.0
5/09/2025;484.564.990.234.375;48.483.798.828.125;478.064.013.671.875;478.443.017.578.125;0;0.018083725816760137;0.0
8/09/2025;4.799.990.234.375;482.389.013.671.875;476.860.009.765.625;482.389.013.671.875;0;-0.009467491711001625;0.0
9/09/2025;482.316.015.625;482.431.982.421.875;4.772.330.078.125;480.310.009.765.625;0;0.004815463898580449;0.0
10/09/2025;4.758.240.234.375;4.810.169.921.875;47.437.001.953.125;480.689.990.234.375;0;-0.01355144607793099;0.0
11/09/2025;485.235.986.328.125;485.397.998.046.875;476.472.998.046.875;47.647.998.046.875;0;0.019587255134210776;0.0
12/09/2025;4.766.330.078.125;484.639.013.671.875;476.558.984.375;4.834.990.234.375;0;-0.017888523237658722;0.0
15/09/2025;4.739.419.921.875;477.514.990.234.375;47.021.298.828.125;47.627.099.609.375;0;-0.005661884257013245;0.0
16/09/2025;474.114.013.671.875;4.764.830.078.125;4.727.509.765.625;474.314.013.671.875;0;0.0003628930890151716;0.0
17/09/2025;474.747.021.484.375;481.814.990.234.375;473.368.017.578.125;475.556.005.859.375;0;0.001334247867609857;0.0
18/09/2025;483.706.982.421.875;484.043.994.140.625;4.775.990.234.375;477.639.013.671.875;0;0.01869723935233935;0.0
19/09/2025;48.075.400.390.625;485.822.021.484.375;480.227.001.953.125;48.567.900.390.625;0;-0.006123602271464995;0.0
22/09/2025;483.077.001.953.125;484.818.017.578.125;478.793.017.578.125;481.060.009.765.625;0;0.004820352387110112;0.0
23/09/2025;48.058.701.171.875;48.369.501.953.125;480.285.986.328.125;480.918.994.140.625;0;-0.005167767480121794;0.0
24/09/2025;4792.0;481.727.978.515.625;477.558.984.375;480.356.982.421.875;0;-0.002890250998094764;0.0
25/09/2025;470.647.998.046.875;4.785.990.234.375;469.777.978.515.625;4.781.419.921.875;0;-0.018007582409163614;0.0
26/09/2025;47.765.498.046.875;47.771.298.828.125;47.134.501.953.125;47.343.798.828.125;0;0.014778209295122056;0.0
29/09/2025;483.208.984.375;48.328.701.171.875;477.881.005.859.375;4.803.990.234.375;0;0.011560566251858324;0.0
30/09/2025;487.989.990.234.375;489.747.021.484.375;482.339.990.234.375;483.166.015.625;0;0.009845653888915416;0.0
1/10/2025;500.741.015.625;5.039.830.078.125;491.193.994.140.625;491.610.986.328.125;0;0.02579413871975519;0.0
2/10/2025;503.768.994.140.625;503.833.984.375;498.239.013.671.875;500.733.984.375;0;0.006028785492406289;0.0
3/10/2025;507.656.005.859.375;509.664.013.671.875;50.474.501.953.125;50.577.900.390.625;0;0.0076862463460201725;0.0
6/10/2025;506.277.001.953.125;509.972.021.484.375;5.057.259.765.625;5.096.259.765.625;0;-0.0027201101964237227;0.0
7/10/2025;508.052.978.515.625;508.214.990.234.375;5.042.509.765.625;50.684.599.609.375;0;0.0035017763676781833;0.0
8/10/2025;5.125.740.234.375;516.160.986.328.125;508.302.978.515.625;510.389.990.234.375;0;0.008859406000894151;0.0
9/10/2025;513.035.009.765.625;516.066.015.625;5.123.919.921.875;513.610.986.328.125;0;0.0008989514410367494;0.0
10/10/2025;506.152.001.953.125;5.139.990.234.375;505.206.982.421.875;513.922.998.046.875;0;-0.013507064705805824;0.0
13/10/2025;508.043.994.140.625;5.106.509.765.625;504.581.982.421.875;50.500.498.046.875;0;0.0037310231741828786;0.0
14/10/2025;509.281.005.859.375;512.302.978.515.625;50.262.998.046.875;5.044.740.234.375;0;0.0024318921257234206;0.0
15/10/2025;51.742.998.046.875;518.827.978.515.625;5097.75;510.185.009.765.625;0;0.015874273949719738;0.0
16/10/2025;51.582.998.046.875;526.422.998.046.875;51.334.599.609.375;520.897.998.046.875;0;-0.0030969965726723777;0.0
17/10/2025;5.188.009.765.625;5.202.740.234.375;512.839.013.671.875;51.435.498.046.875;0;0.0057431188187202315;0.0
20/10/2025;525.927.001.953.125;52.736.201.171.875;519.089.990.234.375;52.053.701.171.875;0;0.013642088760933056;0.0
21/10/2025;5.226.240.234.375;526.110.986.328.125;520.433.984.375;525.227.978.515.625;0;-0.006300102447268218;0.0
22/10/2025;5.154.830.078.125;523.352.001.953.125;51.334.501.953.125;522.410.986.328.125;0;-0.01375798072550552;0.0
23/10/2025;515.914.990.234.375;517.027.001.953.125;513.606.982.421.875;51.619.501.953.125;0;0.0008376639240186314;0.0
24/10/2025;518.864.013.671.875;52.067.099.609.375;5.179.580.078.125;520.047.998.046.875;0;0.005699828485818946;0.0
27/10/2025;5.272.740.234.375;527.756.005.859.375;522.631.005.859.375;523.522.021.484.375;0;0.016078549189449655;0.0
28/10/2025;5.285.919.921.875;5.304.240.234.375;5.245.759.765.625;52.656.298.828.125;0;0.0024964709821164006;0.0
29/10/2025;526.485.009.765.625;531.402.978.515.625;5.237.509.765.625;5.277.740.234.375;0;-0.003993993270354189;0.0
30/10/2025;53.028.798.828.125;5.338.669.921.875;5222.75;522.910.986.328.125;0;0.007197373399059671;0.0
31/10/2025;53.664.599.609.375;53.727.099.609.375;527.616.015.625;527.910.986.328.125;0;0.011918418885643859;0.0
3/11/2025;529.983.984.375;536.139.013.671.875;521.508.984.375;534.491.015.625;0;-0.01249186404390668;0.0
4/11/2025;52.466.201.171.875;529.935.986.328.125;5225.75;522.927.001.953.125;0;-0.010092519859935275;0.0
5/11/2025;5321.25;534.739.013.671.875;523.558.984.375;523.743.994.140.625;0;0.014124156079039331;0.0
6/11/2025;53.229.501.953.125;535.060.986.328.125;5.307.240.234.375;53.177.998.046.875;0;0.00031945947948400943;0.0
7/11/2025;5.297.759.765.625;529.841.015.625;5.217.509.765.625;52.901.298.828.125;0;-0.0047436521695595315;0.0
10/11/2025;536.539.990.234.375;53.750.498.046.875;532.497.998.046.875;534.522.998.046.875;0;0.012686866948077403;0.0
11/11/2025;552.306.005.859.375;55.276.201.171.875;53.634.501.953.125;5366.25;0;0.028961152711796688;0.0
12/11/2025;55.341.201.171.875;556.733.984.375;550.658.984.375;55.112.099.609.375;0;0.002000521309507717;0.0
13/11/2025;548.685.009.765.625;557.283.984.375;548.410.009.765.625;5.499.830.078.125;0;-0.008578248280939794;0.0
14/11/2025;552.106.982.421.875;5.578.669.921.875;54.444.501.953.125;54.557.099.609.375;0;0.006217312087206363;0.0
17/11/2025;5.569.580.078.125;562.991.015.625;55.205.498.046.875;55.205.498.046.875;0;0.008748010927733176;0.0
18/11/2025;56.100.400.390.625;563.066.015.625;553.735.009.765.625;554.127.978.515.625;0;0.0072381954233945766;0.0
19/11/2025;5.558.330.078.125;561.602.001.953.125;553.189.990.234.375;55.927.001.953.125;0;-0.00926013910819712;0.0
20/11/2025;5.507.990.234.375;56.638.701.171.875;550.493.017.578.125;562.243.017.578.125;0;-0.009097909613180214;0.0
21/11/2025;56.038.701.171.875;564.635.986.328.125;55.107.099.609.375;55.116.298.828.125;0;0.01725764352611131;0.0
24/11/2025;568.543.994.140.625;569.983.984.375;562.168.994.140.625;562.185.009.765.625;0;0.014451059157813773;0.0
25/11/2025;57.631.298.828.125;576.452.978.515.625;569.943.994.140.625;570.341.015.625;0;0.013572199002276731;0.0
26/11/2025;58.135.498.046.875;583.247.021.484.375;5757.25;577.093.017.578.125;0;0.008710656602560263;0.0
28/11/2025;581.802.978.515.625;582.168.994.140.625;579.068.994.140.625;581.568.994.140.625;0;0.0007703133793093588;0.0
1/12/2025;56.919.599.609.375;5.777.759.765.625;568.589.990.234.375;577.206.005.859.375;0;-0.02190703361034329;0.0
2/12/2025;565.372.021.484.375;572.410.009.765.625;564.439.013.671.875;56.890.498.046.875;0;-0.0067408723497073145;0.0
3/12/2025;576.460.009.765.625;576.760.986.328.125;566.914.013.671.875;5672.0;0;0.019422010455847093;0.0
4/12/2025;5.764.740.234.375;579.568.994.140.625;57.102.998.046.875;575.639.013.671.875;0;2,43E+11;0.0
5/12/2025;57.388.701.171.875;57.831.201.171.875;571.989.013.671.875;57.766.298.828.125;0;-0.0044977463611810395;0.0
8/12/2025;572.160.986.328.125;57.959.501.953.125;571.593.994.140.625;578.256.982.421.875;0;-0.0030121368364689934;0.0
9/12/2025;562.239.990.234.375;5739.5;56.192.099.609.375;571.066.015.625;0;-0.017491608781684178;0.0
10/12/2025;5.681.490.234.375;569.897.021.484.375;5.619.080.078.125;564.133.984.375;0;0.010454961886692786;0.0
11/12/2025;572.672.021.484.375;574.310.009.765.625;56.772.099.609.375;56.882.998.046.875;0;0.007929414987290285;0.0
12/12/2025;57.108.798.828.125;573.618.017.578.125;5.677.759.765.625;572.535.009.765.625;0;-0.0027698716555051785;0.0
15/12/2025;57.089.501.953.125;575.043.017.578.125;568.781.982.421.875;57.195.400.390.625;0;-0.00033795380582112954;0.0
16/12/2025;567.668.017.578.125;57.082.998.046.875;564.581.005.859.375;5.689.669.921.875;0;-0.005668567288685185;0.0
17/12/2025;564.493.017.578.125;570.914.013.671.875;564.222.998.046.875;567.991.015.625;0;-0.005608757455360326;0.0
18/12/2025;5.602.740.234.375;566.206.982.421.875;55.892.998.046.875;5.633.009.765.625;0;-0.00750202268373794;0.0
19/12/2025;573.802.978.515.625;575.752.978.515.625;56.287.900.390.625;562.889.013.671.875;0;0.0238601027795994;0.0
22/12/2025;582.416.015.625;583.277.001.953.125;574.356.982.421.875;574.647.021.484.375;0;0.014898901466422827;0.0
23/12/2025;580.356.005.859.375;585.608.984.375;57.978.798.828.125;580.639.990.234.375;0;-0.0035432774143433787;0.0
24/12/2025;5.843.740.234.375;5851.25;58.120.498.046.875;581.227.978.515.625;0;0.006899510472415292;0.0
26/12/2025;5809.25;583.533.984.375;57.925.400.390.625;583.533.984.375;0;-0.005919568178883918;0.0
29/12/2025;5.766.419.921.875;579.981.005.859.375;575.864.990.234.375;5.787.669.921.875;0;-0.007400050945560939;0.0
30/12/2025;5707.25;575.410.009.765.625;5693.75;574.960.986.328.125;0;-0.010314127358439704;0.0
31/12/2025;57.072.001.953.125;573.277.001.953.125;5.693.169.921.875;570.072.998.046.875;0;-8,73E+09;0.0
2/01/2026;570.668.994.140.625;573.056.005.859.375;56.577.001.953.125;572.347.998.046.875;0;-8,94E+10;0.0
5/01/2026;56.397.099.609.375;569.422.021.484.375;55.657.900.390.625;568.589.013.671.875;0;-0.011806521732673;0.0
6/01/2026;5.767.669.921.875;577.089.990.234.375;566.560.986.328.125;566.610.986.328.125;0;0.022435533773419006;0.0
7/01/2026;59.435.498.046.875;59.835.400.390.625;580.581.982.421.875;580.581.982.421.875;0;0.030038392498064427;0.0
8/01/2026;580.722.021.484.375;592.347.021.484.375;5.759.830.078.125;5.899.669.921.875;0;-0.023204557114344142;0.0
9/01/2026;581.743.994.140.625;5889.75;581.247.021.484.375;5.853.330.078.125;0;0.0017582843813145409;0.0
12/01/2026;57.746.201.171.875;58.157.900.390.625;57.061.298.828.125;581.368.994.140.625;0;-0.007387818689773034;0.0
13/01/2026;577.547.998.046.875;578.235.986.328.125;572.806.005.859.375;578.047.021.484.375;0;0.00014889278457657417;0.0
14/01/2026;584.164.990.234.375;584.218.017.578.125;57.631.201.171.875;577.793.994.140.625;0;0.011391908008985544;0.0
15/01/2026;5.759.669.921.875;5.849.740.234.375;575.535.009.765.625;584.472.021.484.375;0;-0.014133106628431676;0.0
16/01/2026;575.939.013.671.875;579.702.001.953.125;575.118.994.140.625;579.172.021.484.375;0;-4,86E+11;0.0
20/01/2026;578.506.005.859.375;578.781.005.859.375;563.914.013.671.875;56.604.599.609.375;0;0.004447152310801218;0.0
21/01/2026;592.558.984.375;592.843.994.140.625;577.352.978.515.625;57.797.001.953.125;0;0.024001491382882243;0.0
22/01/2026;602.160.986.328.125;6.055.169.921.875;59.267.001.953.125;593.489.990.234.375;0;0.016074408966293273;0.0
23/01/2026;5.936.740.234.375;6.025.080.078.125;592.218.017.578.125;600.183.984.375;0;-0.014194442073514292;0.0
26/01/2026;596.081.005.859.375;597.497.998.046.875;587.316.015.625;589.127.001.953.125;0;0.0040461870661704594;0.0
27/01/2026;59.954.599.609.375;603.527.001.953.125;596.347.021.484.375;597.385.009.765.625;0;0.005796121916361292;0.0
28/01/2026;5.894.919.921.875;59.847.998.046.875;589.022.998.046.875;598.135.986.328.125;0;-0.016911559807746904;0.0
29/01/2026;591.168.994.140.625;59.283.701.171.875;588.247.021.484.375;589.568.017.578.125;0;0.0028407868140607655;0.0
30/01/2026;5.852.669.921.875;592.972.998.046.875;582.281.982.421.875;589.085.986.328.125;0;-0.01003378260755617;0.0
2/02/2026;59.173.798.828.125;592.210.986.328.125;5818.75;582.685.009.765.625;0;0.01099580953437927;0.0
3/02/2026;59.134.599.609.375;60.034.501.953.125;5.877.259.765.625;5.913.009.765.625;0;-0.0006626616656490887;0.0
4/02/2026;5928.0;59.758.798.828.125;587.727.001.953.125;59.600.400.390.625;0;0.002455786096968761;0.0
5/02/2026;580.597.998.046.875;60.004.501.953.125;579.183.984.375;5.914.759.765.625;0;-0.020798470473635686;0.0
6/02/2026;598.035.986.328.125;5.985.740.234.375;587.477.978.515.625;587.477.978.515.625;0;0.029592326438007865;0.0
9/02/2026;597.010.009.765.625;597.393.994.140.625;59.178.701.171.875;5.971.490.234.375;0;-0.0017170499176167324;0.0
10/02/2026;5897.5;59.690.498.046.875;58.927.998.046.875;59.656.298.828.125;0;-0.012235161740848178;0.0
11/02/2026;5923.25;592.714.013.671.875;581.752.978.515.625;58.872.900.390.625;0;0.004356752444756226;0.0
12/02/2026;5.860.669.921.875;592.902.978.515.625;5.838.259.765.625;59.185.498.046.875;0;-0.010621366550612917;0.0
13/02/2026;5.917.240.234.375;60.049.599.609.375;58.892.998.046.875;58.892.998.046.875;0;0.009606245382128445;0.0
17/02/2026;597.047.998.046.875;59.944.501.953.125;591.391.015.625;59.248.798.828.125;0;0.008957159335224696;0.0
18/02/2026;599.681.005.859.375;6.012.759.765.625;59.468.798.828.125;596.452.001.953.125;0;0.004400348036181048;0.0
19/02/2026;60.106.201.171.875;601.331.005.859.375;590.381.982.421.875;596.902.978.515.625;0;0.0023002531733855897;0.0
20/02/2026;5.979.490.234.375;600.360.009.765.625;59.262.998.046.875;596.810.009.765.625;0;-0.005192604879577583;0.0
23/02/2026;601.408.984.375;6059.75;596.618.994.140.625;59.668.798.828.125;0;0.005769704314003608;0.0
24/02/2026;60.617.998.046.875;607.743.994.140.625;6.003.169.921.875;601.835.986.328.125;0;0.007901729904206409;0.0
25/02/2026;603.039.013.671.875;613.164.990.234.375;602.735.009.765.625;607.231.005.859.375;0;-0.005195045523195317;0.0
26/02/2026;5.987.740.234.375;6001.0;58.897.001.953.125;6001.0;0;-0.007097623352695011;0.0
27/02/2026;604.131.005.859.375;604.216.015.625;595.866.015.625;595.866.015.625;0;0.008906800962616207;0.0
2/03/2026;60.118.701.171.875;60.315.498.046.875;5.935.259.765.625;596.589.013.671.875;0;-0.004885017816316552;0.0
3/03/2026;58.746.298.828.125;59.264.599.609.375;5.819.580.078.125;5.891.240.234.375;0;-0.023092808354287977;0.0
4/03/2026;596.727.978.515.625;598.760.009.765.625;586.341.015.625;591.258.984.375;0;0.015648116812677738;0.0
5/03/2026;582.681.005.859.375;591.206.982.421.875;578.064.990.234.375;59.042.099.609.375;0;-0.023821485333249896;0.0
6/03/2026;57.883.798.828.125;579.797.998.046.875;571.708.984.375;574.472.021.484.375;0;-0.006617251410743267;0.0
9/03/2026;590.097.021.484.375;5.908.240.234.375;5759.0;576.764.990.234.375;0;0.01926434114203482;0.0
10/03/2026;594.452.978.515.625;600.389.990.234.375;591.177.978.515.625;59.270.400.390.625;0;0.007354652257885035;0.0
11/03/2026;590.535.009.765.625;596.239.013.671.875;588.581.982.421.875;592.339.013.671.875;0;-0.006612696610825575;0.0
12/03/2026;5.746.240.234.375;5.836.080.078.125;573.985.009.765.625;583.443.017.578.125;0;-0.027312967574353097;0.0
13/03/2026;5.715.490.234.375;582.993.017.578.125;5.700.580.078.125;5.809.990.234.375;0;-0.005365694797992868;0.0
16/03/2026;57.742.099.609.375;581.460.986.328.125;57.580.400.390.625;5.768.669.921.875;0;0.01022136988762292;0.0
17/03/2026;577.743.994.140.625;581.685.009.765.625;577.193.017.578.125;580.052.001.953.125;0;0.0005592241074187325;0.0
18/03/2026;56.602.099.609.375;574.066.015.625;565.293.994.140.625;574.066.015.625;0;-0.02049968075692089;0.0
19/03/2026;5.686.990.234.375;5.717.169.921.875;56.205.498.046.875;56.339.599.609.375;0;0.004720164040195735;0.0
20/03/2026;5.592.080.078.125;57.151.201.171.875;55.717.001.953.125;568.316.015.625;0;-0.016829826187786417;0.0
23/03/2026;562.318.017.578.125;570.135.009.765.625;560.722.998.046.875;567.839.990.234.375;0;0.0055460464881763715;0.0
24/03/2026;5582.25;5.602.080.078.125;552.402.978.515.625;556.660.986.328.125;0;-0.007305450513657181;0.0
25/03/2026;5.729.509.765.625;576.589.013.671.875;566.381.982.421.875;566.381.982.421.875;0;0.026038050403207374;0.0
26/03/2026;571.664.013.671.875;577.433.984.375;568.002.978.515.625;568.314.990.234.375;0;-0.0022487272033451604;0.0
27/03/2026;554.939.990.234.375;57.052.099.609.375;554.627.001.953.125;57.052.099.609.375;0;-0.02969144791734597;0.0
30/03/2026;558.443.994.140.625;56.238.798.828.125;556.485.986.328.125;558.918.017.578.125;0;0.0062943522165574755;0.0
31/03/2026;583.939.990.234.375;58.455.498.046.875;568.168.017.578.125;568.168.017.578.125;0;0.04464388668727567;0.0
1/04/2026;587.431.005.859.375;59.377.998.046.875;58.632.900.390.625;5889.75;0;0.005960581186529122;0.0
2/04/2026;5852.5;58.989.599.609.375;577.172.998.046.875;578.239.990.234.375;0;-0.003719695915942446;0.0
6/04/2026;58.267.099.609.375;587.714.990.234.375;5.821.740.234.375;584.627.978.515.625;0;-0.004416408484406334;0.0
7/04/2026;58.142.001.953.125;58.186.298.828.125;5.725.330.078.125;579.064.990.234.375;0;-0.0021492770363679193;0.0
8/04/2026;592.297.021.484.375;594.889.013.671.875;587.391.015.625;59.425.498.046.875;0;0.018534813691977847;0.0
9/04/2026;594.589.990.234.375;596.260.009.765.625;588.052.001.953.125;5.882.759.765.625;0;0.0038638414272891847;0.0
10/04/2026;584.910.986.328.125;5.964.669.921.875;582.668.017.578.125;596.443.994.140.625;0;-0.016412400438045625;0.0
13/04/2026;594.881.982.421.875;59.801.298.828.125;588.008.984.375;588.331.005.859.375;0;0.016903361469625223;0.0
14/04/2026;606.706.005.859.375;607.577.001.953.125;59.586.201.171.875;59.587.099.609.375;0;0.01968129712244957;0.0
15/04/2026;607.772.998.046.875;611.106.982.421.875;60.147.998.046.875;610.158.984.375;0;0.0017571196514613375;0.0
16/04/2026;603.508.984.375;607.756.982.421.875;600.864.013.671.875;606.518.017.578.125;0;-0.007040526231410943;0.0
17/04/2026;613.177.978.515.625;614.202.978.515.625;60.812.998.046.875;61.170.400.390.625;0;0.015894306408067316;0.0
20/04/2026;610.072.021.484.375;613.581.982.421.875;60.877.900.390.625;61.237.998.046.875;0;-0.005078215746609507;0.0
21/04/2026;60.465.400.390.625;61.010.498.046.875;601.772.021.484.375;60.992.998.046.875;0;-0.008920618138004151;0.0
22/04/2026;60.520.498.046.875;609.814.013.671.875;601.952.978.515.625;609.714.013.671.875;0;0.0009108112725624256;0.0
23/04/2026;5965.0;60.638.701.171.875;59.373.701.171.875;604.172.021.484.375;0;-0.014487969801637872;0.0
24/04/2026;589.927.001.953.125;5.951.759.765.625;586.177.978.515.625;59.500.498.046.875;0;-0.011080437796015136;0.0
27/04/2026;5872.75;597.493.994.140.625;586.743.017.578.125;58.987.099.609.375;0;-0.004505609802126782;0.0
28/04/2026;58.275.498.046.875;59.313.798.828.125;5817.25;590.914.990.234.375;0;-0.007726369567561958;0.0
29/04/2026;57.538.798.828.125;578.833.984.375;571.218.994.140.625;576.443.017.578.125;0;-0.012722248896332455;0.0
30/04/2026;586.293.994.140.625;587.283.984.375;578.943.017.578.125;580.143.994.140.625;0;0.01877678477918091;0.0
1/05/2026;579.931.005.859.375;582.714.990.234.375;576.235.986.328.125;581.943.017.578.125;0;-0.010912219205277454;0.0
4/05/2026;589.993.994.140.625;590.052.001.953.125;5.778.240.234.375;577.902.978.515.625;0;0.01720321637544713;0.0
5/05/2026;591.022.998.046.875;59.603.701.171.875;58.531.298.828.125;59.432.001.953.125;0;0.0017425730085899305;0.0
6/05/2026;60.364.501.953.125;60.416.201.171.875;593.981.005.859.375;594.658.984.375;0;0.021131378720325195;0.0
7/05/2026;59.024.599.609.375;600.939.990.234.375;5.851.419.921.875;598.941.015.625;0;-0.02244691661903978;0.0
8/05/2026;5.926.009.765.625;59.477.900.390.625;5.880.759.765.625;5.888.990.234.375;0;0.003981890531566271;0.0
11/05/2026;59.307.998.046.875;604.116.015.625;590.708.984.375;5.960.990.234.375;0;0.0008079811512001451;0.0
12/05/2026;59.982.001.953.125;601.216.015.625;59.212.099.609.375;594.318.017.578.125;0;0.011300378551068777;0.0
13/05/2026;602.902.001.953.125;604.018.017.578.125;595.593.017.578.125;596.241.015.625;0;0.005125023260119628;0.0
14/05/2026;598.802.978.515.625;60.530.400.390.625;595.702.001.953.125;605.164.013.671.875;0;-0.006822039355022866;0.0
15/05/2026;5.825.509.765.625;595.127.001.953.125;581.408.984.375;5.946.080.078.125;0;-0.0275159316512951;0.0
18/05/2026;571.760.009.765.625;580.389.013.671.875;568.414.013.671.875;5.797.740.234.375;0;-0.018697355031136845;0.0
19/05/2026;5.719.919.921.875;575.777.001.953.125;565.460.986.328.125;570.733.984.375;0;0.0004056516179380825;0.0
20/05/2026;5.860.919.921.875;586.427.001.953.125;577.591.015.625;578.414.990.234.375;0;0.02435176890195152;0.0
21/05/2026;590.156.005.859.375;59.187.099.609.375;580.397.021.484.375;58.221.298.828.125;0;0.006910158147082567;0.0
22/05/2026;58.914.599.609.375;595.806.005.859.375;588.560.986.328.125;5.913.759.765.625;0;-0.0017128945951084811;0.0
26/05/2026;59.133.798.828.125;593.764.013.671.875;588.489.013.671.875;593.764.013.671.875;0;0.003713722059415446;0.0
27/05/2026;593.131.005.859.375;599.235.009.765.625;591.914.013.671.875;59.303.701.171.875;0;0.0030275489802924875;0.0
28/05/2026;599.593.994.140.625;60.106.201.171.875;590.964.013.671.875;5.921.830.078.125;0;0.010837454631791364;0.0
29/05/2026;598.981.005.859.375;6.005.669.921.875;596.508.984.375;599.935.009.765.625;0;-0.0010228618729653844;0.0
1/06/2026;58.786.201.171.875;593.497.021.484.375;584.489.990.234.375;59.328.701.171.875;0;-0.018737641451375273;0.0
2/06/2026;570.085.009.765.625;5800.75;569.139.990.234.375;5.795.580.078.125;0;-0.030706756762649612;0.0
3/06/2026;580.722.021.484.375;580.981.982.421.875;568.533.984.375;5687.75;0;0.018486704319143517;0.0
4/06/2026;594.166.015.625;5967.75;5868.75;586.885.986.328.125;0;0.0228865739302636;0.0
5/06/2026;584.202.001.953.125;595.768.017.578.125;5834.25;59.458.701.171.875;0;-0.01691195112131686;0.0
8/06/2026;578.631.982.421.875;58.865.400.390.625;57.707.998.046.875;587.952.978.515.625;0;-0.009580150231350122;0.0
9/06/2026;587.308.984.375;589.585.009.765.625;576.977.001.953.125;587.385.009.765.625;0;0.014884393627630277;0.0
10/06/2026;5.763.740.234.375;59.211.298.828.125;576.258.984.375;5.857.490.234.375;0;-0.018794263964905283;0.0
11/06/2026;592.347.021.484.375;59.486.201.171.875;578.802.001.953.125;5795.75;0;0.027335851877048283;0.0
12/06/2026;5.938.509.765.625;59.833.798.828.125;5.913.080.078.125;594.897.021.484.375;0;0.0025357585942304872;0.0
15/06/2026;59.794.599.609.375;599.868.994.140.625;593.335.009.765.625;597.456.005.859.375;0;0.006872035658347932;0.0
16/06/2026;595.327.001.953.125;6002.75;59.185.400.390.625;599.681.005.859.375;0;-0.004389604642490437;0.0
17/06/2026;6018.75;609.477.001.953.125;595.406.005.859.375;5.969.669.921.875;0;0.010938944857754781;0.0
18/06/2026;602.047.998.046.875;61.118.701.171.875;595.218.994.140.625;609.368.017.578.125;0;0.0002873905529612577;0.0
22/06/2026;61.332.998.046.875;61.493.701.171.875;606.722.021.484.375;608.368.017.578.125;0;0.018565922187590355;0.0
23/06/2026;618.556.005.859.375;623.372.998.046.875;612.102.978.515.625;61.230.400.390.625;0;0.008484643546604703;0.0
24/06/2026;627.939.013.671.875;633.785.986.328.125;622.202.001.953.125;622.202.001.953.125;0;0.01505531092551782;0.0
25/06/2026;6.337.240.234.375;644.731.005.859.375;62.928.701.171.875;6.293.919.921.875;0;0.009170515641493591;0.0
26/06/2026;647.997.021.484.375;651.147.021.484.375;635.783.984.375;635.783.984.375;0;0.0222725344604232;0.0
29/06/2026;656.308.984.375;6.565.259.765.625;646.635.009.765.625;650.056.005.859.375;0;0.012745590952182634;0.0
30/06/2026;656.493.017.578.125;660.202.978.515.625;654.547.021.484.375;658.893.994.140.625;0;0.0002803670379184113;0.0
1/07/2026;656.164.990.234.375;659.593.994.140.625;654.768.017.578.125;65.902.900.390.625;0;-0.0004997910325856327;0.0
2/07/2026;676.456.982.421.875;67.662.998.046.875;65.959.599.609.375;661.441.015.625;0;0.030456590326784844;0.0
6/07/2026;67.447.998.046.875;676.410.986.328.125;66.666.201.171.875;676.039.990.234.375;0;-0.002926862494354726;0.0
7/07/2026;6.856.740.234.375;68.734.599.609.375;67.593.798.828.125;682.935.986.328.125;0;0.016460335639588628;0.0
8/07/2026;67.922.998.046.875;684.097.998.046.875;67.261.201.171.875;68.022.001.953.125;0;-0.009442555418506502;0.0
9/07/2026;6.818.990.234.375;68.787.998.046.875;67.904.501.953.125;681.808.984.375;0;0.003921812527760614;0.0
10/07/2026;664.435.009.765.625;681.185.986.328.125;6.591.919.921.875;681.185.986.328.125;0;-0.02594451724751689;0.0
13/07/2026;654.660.009.765.625;658.547.021.484.375;65.084.599.609.375;658.547.021.484.375;0;-0.014821038346095938;0.0
14/07/2026;65.164.599.609.375;65.482.001.953.125;648.652.978.515.625;6.534.330.078.125;0;-0.004614568113108388;0.0
15/07/2026;656.202.978.515.625;656.339.990.234.375;645.497.021.484.375;6.495.759.765.625;0;0.006968695853959279;0.0
16/07/2026;654.681.005.859.375;659.756.005.859.375;650.866.015.625;654.964.990.234.375;0;-0.002322056502722206;0.0
17/07/2026;6.564.419.921.875;66.268.701.171.875;64.860.498.046.875;648.731.005.859.375;0;0.0026862275921654597;0.0
20/07/2026;64.474.501.953.125;660.572.021.484.375;6445.75;657.314.013.671.875;0;-0.017979410561859196;0.0
21/07/2026;655.243.994.140.625;655.566.015.625;64.297.900.390.625;644.972.998.046.875;0;0.016152756328343183;0.0
22/07/2026;64.707.099.609.375;656.252.978.515.625;6.470.419.921.875;654.506.005.859.375;0;-0.012551656716702877;0.0
23/07/2026;65.262.900.390.625;654.681.982.421.875;6.414.669.921.875;6.425.259.765.625;0;0.00855280709915198;0.0
24/07/2026;649.439.013.671.875;65.582.900.390.625;648.416.015.625;65.542.900.390.625;0;-0.00489989243828367;0.0
27/07/2026;651.281.982.421.875;661.568.017.578.125;651.152.978.515.625;65.403.798.828.125;0;0.0028337667936840704;0.0
28/07/2026;658.610.986.328.125;659.568.017.578.125;6524.25;65.596.298.828.125;0;0.011190349992705326;0.0
29/07/2026;652.127.978.515.625;661.460.009.765.625;65.125.498.046.875;65.909.501.953.125;0;-0.009892222407516527;0.0
30/07/2026;65.721.201.171.875;657.756.982.421.875;6431.0;644.891.015.625;0;0.007765834377247267;0.0
31/07/2026;645.285.009.765.625;654.210.986.328.125;640.197.998.046.875;654.210.986.328.125;0;-0.018314568306103098;0.0
3/08/2026;64.312.001.953.125;6.469.080.078.125;63.811.298.828.125;6456.75;0;-0.003360732413885379;0.0
4/08/2026;65.784.501.953.125;65.837.099.609.375;64.478.701.171.875;646.433.984.375;0;0.022638008566640572;0.0
5/08/2026;663.089.990.234.375;669.960.009.765.625;6.596.759.765.625;6.638.509.765.625;0;0.007941341896137958;0.0
6/08/2026;665.908.984.375;673.406.982.421.875;6.616.740.234.375;669.202.978.515.625;0;0.004242288251939372;0.0
7/08/2026;678.183.984.375;678.858.984.375;66.877.900.390.625;672.914.013.671.875;0;0.018265613409017847;0.0
10/08/2026;68.594.599.609.375;6.866.009.765.625;6.792.240.234.375;679.585.986.328.125;0;0.011380287218699816;0.0
11/08/2026;6.849.919.921.875;689.722.021.484.375;68.283.798.828.125;687.477.001.953.125;0;-0.0013917537749995941;0.0
12/08/2026;687.891.015.625;69.067.900.390.625;68.026.298.828.125;6.834.169.921.875;0;0.004223269907076976;0.0
13/08/2026;68.152.900.390.625;69.150.400.390.625;681.191.015.625;69.150.400.390.625;0;-0.009291608709431827;0.0
14/08/2026;679.939.013.671.875;68.002.099.609.375;6.710.169.921.875;675.677.001.953.125;0;-0.002335700782824727;0.0
17/08/2026;689.552.001.953.125;6.897.490.234.375;67.637.099.609.375;678.672.998.046.875;0;0.0140390058194247;0.0
18/08/2026;696.031.982.421.875;697.308.984.375;688.641.015.625;689.343.017.578.125;0;0.009353496843324675;0.0
19/08/2026;7.404.919.921.875;741.097.021.484.375;7178.75;7196.25;0;0.06191920855369855;0.0
20/08/2026;71.885.400.390.625;73.069.599.609.375;717.339.013.671.875;728.147.998.046.875;0;-0.02965653685761189;0.0
21/08/2026;728.518.994.140.625;734.760.009.765.625;720.902.978.515.625;722.189.013.671.875;0;0.013355415510306159;0.0
