Date;Close;High;Low;Open;Volume;Log_Returns;Monetary_Volume
25/08/2021;1.283.446.807.861.320;12.907.006.841.364.700;12.565.178.099.705.000;12.655.604.025.855.600;5395700;;6.925.093.941.177.360
26/08/2021;12.776.834.869.384.700;13.022.275.818.791.200;12.719.200.808.770.300;1.280.863.208.295.830;5666100;-0.00450061495333734;7.239.482.405.342.100
27/08/2021;1.311.965.789.794.920;13.215.052.579.325.500;12.765.905.337.787.800;12.821.551.603.487.700;6466600;0.026477952851108398;8.483.957.976.287.840
30/08/2021;13.079.908.752.441.400;13.275.665.306.822.200;13.026.248.779.554.400;13.181.263.783.455.700;4893700;-0.003034338432879511;6.400.914.946.182.250
31/08/2021;13.200.144.958.496.000;13.274.671.524.227.700;13.066.991.191.621.400;13.066.991.191.621.400;3680100;0.009150441344599079;48.577.853.461.761.400
1/09/2021;13.422.732.543.945.300;13.442.605.993.082.600;13.193.190.946.478.100;13.227.969.103.406.700;3888100;0.01672191686362938;5.218.892.640.411.370
2/09/2021;13.566.815.185.546.800;13.574.764.867.419.900;13.405.838.297.296.100;1.344.757.298.994.450;3158500;0.010677022958219878;42.850.785.763.549.800
3/09/2021;1.333.429.412.841.790;13.514.151.341.167.800;13.236.913.168.302.800;13.514.151.341.167.800;5092000;-0.017287528577121687;678.982.257.019.043
7/09/2021;13.262.747.192.382.800;13.496.264.361.532.600;13.170.333.466.374.600;1.333.926.155.448.140;4519900;-0.005380080269143497;5.994.629.103.485.100
8/09/2021;13.147.479.248.046.800;13.301.501.115.883.200;1.301.730.642.638.250;13.283.613.952.192.500;4325800;-0.008729094127113536;5.687.336.573.120.110
9/09/2021;13.198.155.212.402.300;1.338.993.613.010.380;13.072.949.644.424.400;13.104.748.365.258.900;5367800;0.003847015104523789;708.450.575.491.333
10/09/2021;1.308.885.498.046.870;13.258.774.734.233.800;130.262.521.678.989;13.244.863.166.579.100;3750000;-0.008315959937685583;4.908.320.617.675.780
13/09/2021;13.025.257.873.535.100;13.242.875.711.073.400;12.839.438.768.535.300;1.311.767.009.701.190;4970200;-0.004870717456111732;6.473.813.668.304.440
14/09/2021;12.817.576.599.121.000;13.145.492.286.470.800;12.795.715.351.131.500;13.062.022.893.918.000;3720800;-0.016072985001774433;47.691.639.010.009.700
15/09/2021;12.960.665.893.554.600;13.037.180.258.903.000;12.791.739.314.520.000;12.840.430.549.968.400;3543300;0.011101669486004169;45.923.527.460.632.300
16/09/2021;1.301.730.499.267.570;13.036.185.295.951.600;1.278.875.658.650.160;12.960.664.082.848.100;2794700;0.0043605552655250086;36.379.462.263.031.000
17/09/2021;1.320.411.834.716.790;13.254.795.857.532.300;12.874.213.410.295.700;13.028.235.256.937.900;6551100;0.01424915138404024;8.650.149.970.413.200
20/09/2021;12.794.720.458.984.300;13.090.840.443.151.800;1.263.274.965.985.320;12.952.717.933.153.100;7072700;-0.031496155232274364;9.049.321.939.025.870
21/09/2021;12.942.782.592.773.400;1.306.699.355.815.510;12.818.571.627.391.700;1.282.055.942.738.700;4340700;0.011505682339795625;5.618.073.640.045.160
22/09/2021;1.297.954.559.326.170;13.100.775.589.126.700;12.864.278.996.022.500;1.300.637.558.021.460;2688500;0.002836398403063971;3.489.550.832.748.410
23/09/2021;1.322.300.262.451.170;13.234.926.391.417.600;12.965.636.364.232.100;13.015.320.748.002.700;3148900;0.01858323361562004;4.163.791.296.432.490
24/09/2021;12.954.702.758.789.000;13.166.358.670.157.300;1.293.383.617.150.430;13.109.717.757.891.000;4252900;-0.02049906643514496;55.095.055.362.854
27/09/2021;1.310.773.162.841.790;13.191.201.011.029.200;12.879.183.209.723.200;1.295.569.756.857.360;4715500;0.011743387129470085;6.180.950.849.380.490
28/09/2021;12.693.364.715.576.100;1.300.637.644.949.870;12.684.421.891.409.700;12.988.490.801.165.900;4959400;-0.03212286315724051;6.295.147.297.042.840
29/09/2021;12.483.695.983.886.700;12.822.543.032.436.700;12.450.904.872.050.100;12.768.884.573.750.100;4540300;-0.01665592194076296;5.667.972.487.564.080
30/09/2021;12.491.645.812.988.200;12.663.554.088.761.700;124.856.839.304.248;1.253.834.924.806.460;4949400;0.0006366142601537799;618.261.517.868.042
1/10/2021;12.537.354.278.564.400;12.578.095.827.601.200;12.172.671.169.160.400;12.536.361.136.970.800;8160600;0.0036524444622540553;10.231.233.332.565.300
4/10/2021;12.244.216.918.945.300;12.464.815.654.843.100;12.202.482.227.862.800;12.441.960.509.846.500;4099300;-0.023658793101570572;5.019.271.841.583.250
5/10/2021;12.281.977.844.238.200;1.245.189.832.262.370;121.945.336.136.323;1.230.682.003.274.120;3987600;0.003079234711622238;4.897.561.485.168.450
6/10/2021;12.151.805.877.685.500;1.228.396.651.180.890;12.099.140.555.637.800;12.178.635.109.590.000;4261000;-0.01065518133404979;51.778.844.844.818.100
7/10/2021;12.312.783.813.476.500;12.444.943.692.374.400;12.154.787.085.745.500;12.211.427.250.451.300;4035100;0.013160266423071438;4.968.331.396.575.920
8/10/2021;12.266.079.711.914.000;12.428.050.514.289.200;12.199.502.067.979.000;1.238.035.317.694.560;2860100;-0.003800351283551698;3.508.221.458.404.540
11/10/2021;12.328.681.182.861.300;1.247.177.243.011.130;1.221.142.602.372.550;1.224.322.399.443.400;3349200;0.005090645638428769;4.129.121.901.763.910
12/10/2021;12.382.341.003.417.900;12.493.634.285.377.800;12.349.549.131.306.100;12.355.511.014.190.600;3440600;0.00434299354309044;42.602.682.456.359.800
13/10/2021;12.422.086.334.228.500;12.515.492.433.812.500;12.320.729.795.413.400;12.421.092.434.559.200;3201400;0.0032046992486635542;3.976.806.719.039.910
14/10/2021;12.629.769.134.521.400;1.272.516.305.231.690;12.503.571.143.993.400;12.556.236.465.035.600;4004100;0.016580612840151863;50.570.858.591.537.400
15/10/2021;12.429.043.579.101.500;1.274.702.327.961.680;12.411.157.173.564.800;12.744.042.338.381.300;4530600;-0.01602069905924372;5.631.102.483.947.750
18/10/2021;12.169.691.467.285.100;12.370.416.017.510.000;12.146.836.320.208.900;12.333.650.063.597.300;6325300;-0.0210874032302922;769.769.494.380.188
19/10/2021;1.228.992.691.040.030;12.424.074.569.966.700;12.210.431.607.926.700;12.242.229.577.291.500;4899500;0.009831421710841304;6.021.449.689.750.670
20/10/2021;12.248.192.596.435.500;1.242.208.791.261.500;12.218.381.667.555.400;12.307.813.696.072.300;2900600;-0.0034015935243090364;3.552.710.744.522.090
21/10/2021;12.305.825.805.664.000;12.412.151.097.427.500;12.245.211.564.802.300;12.245.211.564.802.300;2678000;0.004694410024916114;3.295.500.150.756.830
22/10/2021;1.233.961.181.640.620;123.475.614.986.207;12.119.013.062.757.400;12.288.933.539.943.400;6441700;0.00274176765900605;7.948.807.743.774.410
25/10/2021;12.360.478.210.449.200;12.428.048.987.814.400;12.249.184.942.399.500;12.329.674.141.897.900;4376400;0.0016895808059155543;5.409.439.684.020.990
26/10/2021;1.232.271.957.397.460;12.545.305.373.878.100;12.309.801.150.568.800;12.435.005.994.693.500;4662100;-0.003059463061237299;5.744.975.092.582.700
27/10/2021;121.448.486.328.125;12.354.516.754.003.100;1.212.894.926.906.180;12.293.901.756.419.600;5205900;-0.014539579342865228;6.322.486.749.755.850
28/10/2021;12.537.354.278.564.400;12.543.316.918.742.600;1.214.484.804.207.350;12.185.588.832.986.900;8976800;0.03180743133141179;11.254.532.188.781.700
29/10/2021;12.402.213.287.353.500;12.600.950.784.828.900;1.237.737.110.016.900;12.492.639.212.604.000;5094800;-0.01083758277521419;6.318.679.625.640.860
1/11/2021;12.877.197.265.625;1.288.315.914.863.520;12.417.120.178.994.700;12.439.975.327.406.500;7144500;0.0375831457975763;9.200.113.586.425.780
2/11/2021;13.043.142.700.195.300;13.059.042.065.461.000;12.690.384.062.250.100;12.880.177.996.838.500;6563100;0.012804438681199131;8.560.344.985.565.180
3/11/2021;13.330.316.162.109.300;13.358.139.288.630.800;12.938.804.591.415.800;13.023.267.112.553.400;7042900;0.02177831991930827;9.388.408.369.812.010
4/11/2021;13.236.911.010.742.100;13.393.912.291.435.500;13.107.731.340.728.500;1.327.765.104.329.720;6299700;-0.007031636054359706;8.338.856.829.437.250
5/11/2021;1.304.910.430.908.200;13.248.834.940.497.700;12.898.063.392.273.100;1.314.052.337.244.750;8646700;-0.01428971984890676;1.128.316.902.293.390
8/11/2021;12.968.614.196.777.300;1.316.337.760.161.300;12.920.917.624.341.800;13.079.908.220.789.100;4292500;-0.006187350291457211;5.566.777.643.966.670
9/11/2021;12.781.803.131.103.500;12.957.684.731.493.500;12.720.193.473.448.600;1.292.986.160.206.750;6167500;-0.014509616734530845;7.883.177.081.108.090
10/11/2021;12.539.344.024.658.200;12.934.831.263.573.600;1.250.059.026.903.890;1.271.423.249.581.870;7136200;-0.019151305864609818;8.948.326.682.876.580
11/11/2021;12.551.266.479.492.100;12.681.440.056.578.400;12.509.531.786.742.400;12.580.083.507.759.400;3792900;0.0009503519836112123;4.760.569.863.006.590
12/11/2021;12.574.122.619.628.900;12.635.731.521.980.900;12.445.936.831.941.800;12.609.895.432.849.600;4247400;0.0018193665659238661;53.407.328.414.611.800
15/11/2021;12.310.794.067.382.800;12.633.742.496.764.500;12.278.996.098.507.000;12.613.869.050.513.500;6208500;-0.021164497756795287;7.643.156.496.734.610
16/11/2021;12.372.403.717.041.000;12.400.226.846.735.800;1.219.652.059.870.470;12.304.832.934.300.600;5473400;0.004992041804421805;677.191.145.048.523
17/11/2021;12.215.401.458.740.200;12.396.252.568.085.900;1.220.049.599.340.640;12.354.517.871.650.000;5894400;-0.012770915585697162;7.200.246.235.839.840
18/11/2021;121.448.486.328.125;12.392.276.605.725.800;12.108.081.922.731.600;12.353.522.854.237.800;9026300;-0.005792471171881529;10.962.304.721.435.500
19/11/2021;12.115.038.299.560.500;12.243.224.083.130.000;12.062.372.981.267.100;12.125.968.923.144.800;6297300;-0.0024575834453706004;7.629.203.068.382.260
22/11/2021;11.852.705.383.300.700;12.188.572.271.966.800;11.835.812.876.318.600;12.188.572.271.966.800;6991900;-0.02189137168505341;8.287.293.076.950.070
23/11/2021;11.862.641.906.738.200;1.188.450.315.452.090;11.467.154.679.460.800;11.830.843.934.906.300;12926800;0.0008379825854912112;15.334.599.940.002.400
24/11/2021;11.929.219.818.115.200;11.973.935.456.404.200;11.653.967.931.207.200;11.775.197.938.455.600;5775700;0.005596710836063935;6.889.959.490.348.810
26/11/2021;11.604.281.616.210.900;11.976.914.400.212.100;11.428.399.275.736.600;11.854.691.271.608.800;7779400;-0.02761670247826925;9.027.434.840.515.130
29/11/2021;1.143.237.533.569.330;11.869.597.242.386.700;11.411.507.230.415.100;11.809.976.142.212.500;7826100;-0.014924862743484205;894.709.126.146.698
30/11/2021;11.553.604.125.976.500;11.593.351.777.247.000;11.189.914.898.441.400;1.136.977.209.173.920;12705700;0.010548161718646419;1.467.966.279.434.200
1/12/2021;11.142.216.491.699.200;11.751.347.350.278.500;1.113.128.586.969.990;1.162.713.642.585.340;9952200;-0.03625625218408511;11.088.956.696.868.800
2/12/2021;1.138.467.788.696.280;11.422.437.739.800.600;11.044.836.937.053.100;11.129.300.224.633.200;8127400;0.02152722471184244;925.278.310.585.022
3/12/2021;10.883.859.252.929.600;11.447.279.893.146.400;10.802.376.906.856.600;11.447.279.893.146.400;14164100;-0.04498751707854672;15.416.007.084.442.100
6/12/2021;10.888.827.514.648.400;10.982.233.621.617.100;10.624.506.282.844.600;1.085.007.376.383.860;10917500;0.0004563756286045864;11.887.877.439.117.400
7/12/2021;11.431.380.462.646.400;11.615.212.488.417.400;11.099.488.461.664.800;11.099.488.461.664.800;12772900;0.0486249809899735;14.601.187.951.133.700
8/12/2021;11.595.339.965.820.300;11.640.055.601.172.700;11.301.208.549.547.400;11.477.090.907.807.000;9950100;0.014241044415316628;1.153.747.921.939.080
9/12/2021;11.107.438.659.667.900;11.603.288.505.695.600;1.108.458.427.191.050;11.532.736.784.767.700;8398700;-0.04298825692591355;9.328.804.507.095.330
10/12/2021;1.092.162.094.116.210;1.126.046.802.367.760;10.881.873.284.934.500;11.173.023.786.475.700;7918000;-0.016870636251695374;8.647.739.461.212.150
13/12/2021;11.010.057.830.810.500;11.164.078.938.822.000;10.772.566.578.365.900;10.980.246.902.486.500;9148900;0.008064806155830717;10.072.991.808.830.200
14/12/2021;10.808.338.165.283.200;10.993.164.093.432.100;10.690.089.873.106.000;10.858.022.538.266.800;11527600;-0.018491314700030716;12.459.419.903.411.800
15/12/2021;11.267.423.248.291.000;11.294.253.237.117.500;10.620.532.430.661.400;10.839.144.150.017.900;16049400;0.04159777518932163;18.083.538.268.112.100
16/12/2021;10.964.348.602.294.900;11.375.735.965.710.500;10.877.898.266.390.100;11.348.905.975.991.200;16622800;-0.027266690671694373;18.225.817.394.622.800
17/12/2021;11.488.020.324.707.000;11.582.420.326.369.500;10.835.167.720.010.200;10.870.940.527.784.600;17272000;0.046655808406527506;19.842.108.704.833.900
20/12/2021;11.505.908.203.125;11.637.074.929.066.000;1.114.420.599.649.590;11.379.709.460.047.200;17397400;0.0015558787185788315;20.017.288.737.304.600
21/12/2021;11.584.410.095.214.800;11.591.365.878.013.300;11.366.792.270.611.100;11.532.737.916.034.500;10794500;0.006799576647806396;12.504.791.477.279.600
22/12/2021;11.578.446.197.509.700;11.642.042.893.780.800;113.220.754.035.308;11.471.128.525.712.600;11493100;-0.0005149535758024712;13.307.223.999.259.900
23/12/2021;11.747.373.962.402.300;11.845.748.814.437.400;11.491.002.400.736.500;11.569.503.805.655.400;10137500;0.014484439743631975;11.908.900.354.385.300
27/12/2021;11.444.298.553.466.700;11.682.783.700.880.300;11.422.437.307.553.000;11.663.903.396.114.200;7124600;-0.026138059993646483;8.153.604.947.402.950
28/12/2021;11.249.536.895.751.900;11.676.822.854.357.900;11.231.650.489.156.200;1.141.647.643.793.710;7311000;-0.017164700075748596;8.224.536.424.484.250
29/12/2021;11.202.832.794.189.400;11.280.340.298.799.200;11.090.546.378.296.200;11.209.788.576.446.100;8392500;-0.004160288608314826;9.401.977.422.523.490
30/12/2021;11.252.518.463.134.700;11.504.915.211.081.800;1.114.420.687.581.360;11.182.960.632.572.900;10186600;0.004425292613745199;1.146.249.045.765.680
31/12/2021;11.125.326.538.085.900;11.420.451.883.468.400;1.110.843.403.044.160;11.264.442.956.955.000;7066400;-0.01136778762690459;7.861.600.744.873.040
3/01/2022;11.471.128.845.214.800;11.483.052.610.122.500;10.965.341.508.966.100;1.118.892.119.846.610;8180600;0.03060916413298378;9.384.071.663.116.450
4/01/2022;11.065.703.582.763.600;114.910.016.930.969;10.954.410.314.645.500;11.440.323.420.510.900;12518100;-0.035982785679099585;13.852.158.401.939.300
5/01/2022;10.456.573.486.328.100;11.158.116.591.238.300;10.441.668.022.787.500;11.044.836.281.327.100;17299100;-0.056619735412622565;18.088.931.039.733.800
6/01/2022;10.453.592.681.884.700;10.650.343.149.589.900;10.181.322.506.523.700;10.479.428.770.358.300;11808500;-0.00028510576526001016;12.344.124.918.403.600
7/01/2022;10.233.987.426.757.800;10.672.203.981.434.100;10.213.120.080.076.500;104.516.052.334.847;11708400;-0.021231434829019145;11.982.361.838.745.100
10/01/2022;10.248.892.974.853.500;10.254.854.857.347.300;9.941.843.896.444.180;10.138.593.599.976.200;19260500;0.0014554154918222403;19.739.880.314.216.600
11/01/2022;10.323.419.189.453.100;1.043.868.730.125.990;1.009.983.950.601.160;10.224.050.441.256.900;11792500;0.007245324689179729;12.173.892.079.162.500
12/01/2022;9.996.495.056.152.340;10.403.906.737.051.300;9.983.577.392.923.540;10.373.102.670.362.400;11990200;-0.032180484815829496;11.985.997.502.227.700
13/01/2022;9.748.075.103.759.760;10.105.802.484.442.700;9.712.302.289.879.110;10.005.440.583.727.500;14518800;-0.025164696908351103;14.153.035.281.646.700
14/01/2022;9.985.565.185.546.870;10.005.439.389.844.300;9.516.544.577.853.290;9.629.825.647.040.560;18307300;0.02407072846232449;1.828.087.375.213.620
18/01/2022;9.392.334.747.314.450;9.834.526.178.806.760;9.361.530.674.688.870;9.817.633.671.761.980;19901000;-0.06124666452531663;18.691.685.380.630.400
19/01/2022;929.097.900.390.625;9.636.782.620.192.800;927.806.133.810.869;9.443.013.084.488.590;16458400;-0.010849974375224744;15.291.464.883.789.000
20/01/2022;9.138.943.481.445.310;9.631.812.359.333.420;9.108.139.413.490.850;9.407.238.786.246.340;15863800;-0.016499143880189058;14.497.837.160.095.200
21/01/2022;8.946.168.518.066.400;9.267.129.916.898.420;8.930.269.912.153.970;906.143.663.295.603;21247000;-0.021319443858653205;19.007.924.250.335.600
24/01/2022;9.152.855.682.373.040;9.201.546.157.913.540;8.477.147.874.751.540;8.744.450.056.580.600;24123000;0.02284058494332453;220.794.337.625.885
25/01/2022;9.080.316.925.048.820;9.252.225.211.703.620;8.832.888.927.398.320;9.012.746.138.599.770;18764500;-0.007956831385858497;17.038.760.694.007.800
26/01/2022;8.902.446.746.826.170;9.501.640.999.875.730;8.860.712.050.033.700;9.223.408.171.679.020;19190600;-0.01978294131430837;17.084.329.453.964.200
27/01/2022;8.497.022.247.314.450;9.109.133.369.121.680;8.486.091.623.878.300;9.031.625.863.391.480;15297200;-0.046610376056335584;12.998.064.872.161.800
28/01/2022;880.208.511.352.539;8.817.983.721.209.640;8.336.045.377.483.890;8.501.991.027.953.890;15047300;0.035272859862809855;1.324.476.153.287.500
31/01/2022;9.284.022.521.972.650;9.301.908.927.642.730;881.202.095.036.475;8.827.919.556.447.360;12783600;0.05330627616432535;11.868.323.031.188.900
1/02/2022;9.434.070.587.158.200;9.499.653.576.412.060;9.130.001.657.326.770;934.265.074.916.642;13146800;0.016032752742604878;12.402.783.919.525.100
2/02/2022;9.127.020.263.671.870;9.439.038.102.902.570;907.932.368.441.761;9.431.089.178.442.500;11750300;-0.033088393320890495;10.724.522.620.422.300
3/02/2022;8.887.541.198.730.460;9.150.867.778.431.960;8.860.711.211.813.790;8.968.029.643.233.680;13122200;-0.026588843021926236;11.662.409.311.798.000
4/02/2022;9.021.688.079.833.980;9.107.145.257.681.980;878.717.779.059.388;8.855.742.464.433.710;11088100;0.014981034404679454;1.000.333.795.980.070
7/02/2022;9.266.136.169.433.590;9.358.549.139.571.640;9.025.663.970.364.130;9.025.663.970.364.130;14329300;0.026735017382126545;1.327.772.450.126.640
8/02/2022;9.235.332.489.013.670;9.285.016.867.356.760;9.029.639.192.998.200;9.239.307.330.255.930;11722300;-0.003329866342094793;10.825.933.803.596.400
9/02/2022;9.664.604.187.011.710;9.683.483.732.717.530;9.321.781.567.703.780;9.348.611.552.947.690;16571600;0.045433542444770506;1.601.579.547.454.830
10/02/2022;9.376.435.852.050.780;9.853.406.182.840.680;9.252.224.907.378.760;9.429.101.171.291.960;21113000;-0.030270440908446793;19.796.469.014.434.800
11/02/2022;9.276.073.455.810.540;9.621.877.069.019.300;9.177.698.597.154.630;9.420.158.610.532.300;18381900;-0.010761379409057003;1.705.118.546.573.630
14/02/2022;912.304.458.618.164;9.349.605.212.181.980;9.088.265.675.720.770;9.276.072.550.332.820;12490900;-0.016634753692620057;11.395.503.762.153.600
15/02/2022;950.362.777.709.961;953.641.964.857.723;9.261.167.769.505.240;9.273.092.293.167.130;11219600;0.040870012406400036;10.662.690.220.794.600
16/02/2022;9.405.253.601.074.210;9.470.836.590.649.640;9.243.282.031.642.710;9.403.265.801.258.400;12218900;-0.010405170101535632;11.492.185.322.616.500
17/02/2022;9.003.803.253.173.820;9.344.638.124.579.850;8.964.055.598.216.060;9.298.928.586.721.630;12283000;-0.04362135512546361;11.059.371.535.873.400
18/02/2022;8.882.572.174.072.260;9.109.132.794.412.150;8.806.058.572.970.000;8.957.098.733.822.140;11517800;-0.013555897455549169;10.230.768.978.652.900
22/02/2022;8.812.020.874.023.430;901.075.837.613.662;8.740.475.251.962.940;8.766.311.339.512.210;12712000;-0.007974376548109166;11.201.840.935.058.500
23/02/2022;8.456.281.280.517.570;8.873.630.525.227.110;8.446.344.556.193.800;8.829.908.028.454.360;13611600;-0.041207285724704466;11.510.351.827.789.300
24/02/2022;8.843.817.901.611.320;8.860.710.405.541.210;811.941.969.262.814;811.941.969.262.814;21651200;0.04480916070425324;19.147.927.015.136.700
25/02/2022;8.923.313.903.808.590;8.923.313.903.808.590;8.642.100.164.068.520;8.849.780.484.191.220;13228400;0.00894871874285989;1.180.411.656.451.410
28/02/2022;8.926.294.708.251.950;9.076.340.970.092.270;8.784.197.369.982.980;8.824.938.161.952.570;14049000;0.0003339910174897886;1.254.055.143.562.310
1/03/2022;8.852.762.603.759.760;9.078.330.117.057.210;8.779.229.932.477.620;891.934.025.018.091;13447200;-0.008271813569704608;11.904.486.928.527.800
2/03/2022;8.875.616.455.078.120;8.960.079.738.435.450;8.750.411.621.536.130;8.864.685.832.254.110;8616100;0.0025782237509803163;7.647.319.893.859.860
3/03/2022;8.610.302.734.375;8.940.206.969.194.100;8.523.851.644.982.090;8.915.364.780.553.730;13351400;-0.030348314067987874;11.495.959.592.773.400
4/03/2022;833.703.842.163.086;8.661.973.906.208.160;8.305.240.451.402.730;8.509.939.837.363.580;14854800;-0.03225143062259897;1.238.450.383.456.420
7/03/2022;8.323.126.983.642.570;8.495.034.502.198.360;8.289.341.213.316.850;8.333.063.707.341.870;13242300;-0.0016700243824838107;11.021.734.445.549.000
8/03/2022;8.378.773.498.535.150;8.650.050.536.732.190;8.142.276.131.532.090;8.297.291.148.717.000;14786800;0.006663519622269814;12.389.524.796.813.900
9/03/2022;8.788.172.912.597.650;8.837.857.289.972.130;8.521.864.619.545.500;8.545.712.908.410.690;12568500;0.047705287092937344;11.045.415.125.198.300
10/03/2022;8.742.462.921.142.570;8.754.386.685.892.550;8.567.573.709.616.830;8.675.885.282.753.850;9797200;-0.0052148815911497535;8.565.165.773.101.800
11/03/2022;8.407.588.958.740.230;8.846.798.597.492.200;8.394.671.295.761.630;8.792.146.246.622.780;10773900;-0.03905720327204846;9.058.252.268.257.140
14/03/2022;805.582.504.272.461;8.475.161.315.600.390;7.983.285.517.053.010;8.413.552.413.771.410;17167200;-0.04273930791085765;13.829.595.967.346.100
15/03/2022;8.174.073.791.503.900;8.188.979.256.001;8.001.171.616.335.090;808.563.566.244.415;11277200;0.014571975144829595;9.218.066.496.154.780
16/03/2022;8.564.593.505.859.370;8.574.530.230.047.720;8.185.004.880.126.150;8.305.240.986.489.130;11811400;0.04666925804919872;10.115.983.973.510.700
17/03/2022;8.899.464.416.503.900;891.436.987.963.891;845.727.381.161.334;8.518.882.705.447.120;11201200;0.03835442626793478;9.968.468.082.214.350
18/03/2022;915.782.470.703.125;9.219.432.849.140.650;8.849.780.963.990.520;8.875.617.052.233.120;14491300;0.02861757607906034;13.270.878.517.700.100
21/03/2022;8.845.806.884.765.620;9.127.020.663.973.200;8.790.160.620.487.240;9.111.122.056.232.300;12897100;-0.03466512467510662;11.408.525.597.351.000
22/03/2022;9.162.792.205.810.540;9.189.622.192.447.610;8.830.900.949.806.690;886.369.206.062.933;10096600;0.03520740978752003;9.251.304.778.518.670
23/03/2022;8.929.275.512.695.310;9.250.236.135.443.210;8.929.275.512.695.310;9.078.328.630.635.080;10564200;-0.025815696198060224;9.433.065.237.121.580
24/03/2022;9.119.070.434.570.310;9.135.963.699.319.750;8.844.813.212.956.190;8.993.866.347.446.950;9739100;0.021032610857637423;8.881.153.886.932.370
25/03/2022;8.905.428.314.208.980;9.124.039.277.315.610;8.878.598.325.152.520;9.119.070.536.194.500;8676300;-0.02370685910195021;7.726.616.768.257.140
28/03/2022;8.914.370.727.539.060;9.065.411.656.425.940;8.722.589.004.206.300;8.896.484.321.700.440;10342800;0.0010036492622367225;9.219.955.356.079.100
29/03/2022;9.295.946.502.685.540;9.331.719.311.938.270;9.018.707.610.038.620;9.037.587.156.277.340;13391200;0.041913782200619316;1.244.838.788.067.620
30/03/2022;9.010.758.209.228.510;9.396.308.683.262.030;8.976.972.440.270.920;9.281.041.328.395.670;12124100;-0.031159225171060522;10.924.733.360.450.700
31/03/2022;8.931.262.969.970.700;914.589.983.369.919;893.026.982.832.034;9.048.518.125.202.360;8287400;-0.00886140515127265;740.169.487.373.352
1/04/2022;9.267.129.516.601.560;9.287.002.962.664.510;896.306.063.659.943;8.980.947.041.305.430;10971000;0.036915863719786744;10.166.967.792.663.500
4/04/2022;9.548.343.658.447.260;9.568.217.865.058.970;927.507.957.205.479;9.304.890.502.910.620;12653600;0.02989402192849594;12.082.092.131.652.800
5/04/2022;9.266.136.169.433.590;9.657.649.296.832.740;923.632.524.043.806;9.545.362.121.323.190;15294600;-0.030001218057418687;14.172.184.625.701.900
6/04/2022;927.408.447.265.625;9.376.434.151.200.380;9.070.378.257.096.320;9.134.968.088.234.100;13644000;0.0008574119869477784;12.653.560.854.492.100
7/04/2022;9.184.654.235.839.840;9.359.543.460.358.330;9.044.543.924.631.530;9.243.281.438.545.080;10320300;-0.009689820953023983;9.478.838.711.013.790
8/04/2022;8.976.972.198.486.320;9.204.526.719.036.760;8.950.142.970.494.920;911.906.953.636.286;13225600;-0.022871419722633964;11.872.584.350.830.000
11/04/2022;8.676.878.356.933.590;8.911.388.644.266.120;864.110.554.984.061;8.857.729.433.626.640;12835200;-0.03400082610855506;11.136.946.908.691.400
12/04/2022;865.998.764.038.086;8.934.245.631.989.530;856.856.856.255.246;8.764.324.384.166.480;13785100;-0.0019485323240708973;11.937.879.562.141.400
13/04/2022;8.983.929.443.359.370;903.460.696.222.154;8.683.835.380.717.450;8.691.785.063.013.910;17147300;0.036724068451058675;1.540.501.333.441.160
14/04/2022;8.721.595.001.220.700;8.958.093.115.413.780;8.702.715.453.925.760;8.928.282.186.660.960;10950700;-0.02963522963825733;9.550.757.037.986.750
18/04/2022;8.306.233.215.332.030;869.079.053.995.671;8.272.448.205.180.060;8.681.847.716.607.080;17419900;-0.04879591142851757;14.469.375.198.776.200
19/04/2022;8.406.597.900.390.620;8.531.802.764.503.740;8.229.721.608.775.650;8.312.197.870.904.650;11876000;0.012010639115957247;9.983.675.666.503.900
20/04/2022;842.547.607.421.875;8.507.952.315.445.300;8.256.548.750.946.150;8.441.374.679.373.280;9212900;0.002243120101800866;7.762.306.852.416.990
21/04/2022;8.064.767.456.054.680;8.567.573.047.441.250;804.290.621.153.817;8.490.065.550.063.300;15371100;-0.04375510452533733;1.239.643.470.437.620
22/04/2022;7.933.600.616.455.070;8.152.212.320.787.770;791.571.496.929.783;802.402.654.263.039;13859300;-0.0163978948506919;10.995.415.102.363.500
25/04/2022;810.550.765.991.211;812.836.280.246.949;7.866.029.403.486.810;7.882.921.906.437.810;13657700;0.02143680603393627;11.070.259.196.678.100
26/04/2022;7.620.590.209.960.930;8.095.572.746.686.840;76.086.656.862.074;8.016.077.437.910.150;19188100;-0.06168996655102801;14.622.464.700.775.100
27/04/2022;7.544.075.012.207.030;7.760.698.908.749.840;7.515.257.984.900.490;7.627.545.153.047.240;21570300;-0.010091333499156155;16.272.796.123.580.900
28/04/2022;7.570.906.066.894.530;7.676.236.709.893.550;7.212.184.782.649.620;765.735.640.289.431;20320900;0.0035502635073718035;15.384.762.509.475.700
29/04/2022;7.336.396.026.611.320;7.742.813.907.391.250;7.317.515.718.855.550;7.526.189.971.589.370;13947700;-0.03146503458735608;10.232.585.086.036.600
2/05/2022;7.629.531.860.351.560;7.646.424.364.477.510;7.301.615.467.876.650;730.757.734.977.444;15625900;0.03917877078785306;11.921.830.189.666.700
3/05/2022;763.648.910.522.461;7.762.687.855.814.070;7.531.158.461.522.750;7.629.533.322.303.230;10767900;0.000911468072838839;8.222.895.103.614.800
4/05/2022;7.808.397.674.560.540;784.516.363.212.386;730.459.807.027.697;7.651.394.845.139.210;19159300;0.022261823138170746;14.960.343.356.620.700
5/05/2022;7.338.381.958.007.810;7.742.812.735.891.460;7.205.228.198.319.930;771.697.740.701.445;18579200;-0.06208140285694026;13.634.126.607.421.800
6/05/2022;6.968.729.400.634.760;726.782.951.762.073;691.904.503.108.137;7.244.975.132.175.220;22560500;-0.0516854639439759;15.721.801.964.302.000
9/05/2022;63.963.661.193.847.600;6.917.058.108.997.010;63.655.612.942.072.900;685.445.607.520.602;27086300;-0.08570287742977219;17.325.389.161.949.100
10/05/2022;6.727.265.167.236.320;6.875.325.174.695.650;6.468.906.526.789.200;6.712.360.458.807.920;28347900;0.05043866135244638;1.907.038.402.342.980
11/05/2022;62.413.516.998.291.000;675.707.540.692.482;62.125.346.696.188.700;6.636.839.303.158.760;28143200;-0.07497191913069406;17.565.160.915.863.000
12/05/2022;6.450.025.939.941.400;6.568.274.237.165.760;6.139.001.266.589.410;6.166.824.774.409.790;25991000;0.03288737501065709;1.676.426.242.050.170
13/05/2022;681.669.692.993.164;6.903.148.025.902.070;655.734.440.014.383;6.605.041.739.536.630;18755300;0.05529088091368362;1.278.491.959.299.460
16/05/2022;6.802.783.966.064.450;700.649.018.980.649;6.692.484.602.123.410;6.783.903.662.541.270;14149900;-0.0020430982374607196;962.587.128.414.154
17/05/2022;710.089.111.328.125;7.105.859.854.261.000;6.877.311.415.414.240;6.955.812.822.529.020;14807400;0.042888349912378276;10.514.573.507.080.000
18/05/2022;6.744.157.409.667.960;6.996.554.128.421.300;6.679.567.569.832.240;6.912.090.083.492.750;15242500;-0.05154372395927536;10.279.781.931.686.400
19/05/2022;689.619.140.625;6.963.762.186.620.250;670.142.874.709.418;6.737.201.557.768.040;14974700;0.02229272797767605;10.326.839.745.117.100
20/05/2022;6.988.604.736.328.120;704.425.099.664.988;6.653.731.758.323.980;6.990.591.777.858.140;13521900;0.013311638681596601;9.449.921.438.415.520
23/05/2022;696.972.427.368.164;7.111.821.620.774.380;6.919.045.997.384.990;7.079.029.750.339.880;11879700;-0.0027052628072575264;8.279.823.345.405.570
24/05/2022;6.697.454.071.044.920;6.903.147.358.423.240;6.651.744.535.863.450;686.936.158.834.443;12688300;-0.039848200190901975;8.497.930.648.963.920
25/05/2022;6.730.245.971.679.680;6.802.784.736.792.710;6.565.293.477.863.790;66.825.486.366.837;12392800;0.004884226743195181;8.340.659.227.783.200
26/05/2022;6.803.777.313.232.420;6.897.184.165.448.000;6.704.408.579.598.230;6.747.137.165.385.860;12254800;0.010866253666626979;8.337.893.021.820.060
27/05/2022;7.064.124.298.095.700;7.066.112.097.707.970;6.668.637.085.076.380;67.749.616.206.304;15010900;0.03755111394381709;10.603.886.342.628.400
31/05/2022;6.834.583.282.470.700;7.092.941.910.284.840;6.733.227.479.495.950;7.034.314.705.003.760;10648300;-0.0330335590055159;7.277.669.316.673.270
1/06/2022;6.710.371.398.925.780;6.971.711.690.110.120;6.592.122.346.773.970;6.880.291.866.215.230;12979200;-0.018341200619211424;870.952.524.609.375
2/06/2022;6.833.589.935.302.730;6.862.406.969.391.910;6.599.080.337.087.140;6.687.518.481.167.520;9380400;0.01819584876364298;6.410.180.702.911.370
3/06/2022;70.760.498.046.875;7.107.847.779.791.730;6.858.431.962.432.010;6.894.204.779.189.720;15058100;0.03486566653079464;10.655.186.556.396.400
6/06/2022;6.874.330.139.160.150;7.230.070.445.273.250;6.828.620.605.242.440;7.172.436.388.459.160;12268600;-0.02892161030809674;8.433.840.674.530.020
7/06/2022;721.417.236.328.125;7.223.115.946.573.550;6.801.791.826.851.310;6.808.747.610.245.970;10797200;0.04825327058051736;7.789.286.184.082.030
8/06/2022;7.274.787.139.892.570;7.419.865.444.725.240;7.156.538.067.833.520;7.156.538.067.833.520;11029300;0.008367078426059759;8.023.580.980.201.720
9/06/2022;6.981.647.491.455.070;7.259.879.492.910.530;6.978.666.550.722.700;72.370.251.085.468;10305900;-0.04112963429026735;7.195.216.088.218.680
10/06/2022;6.660.685.729.980.460;6.880.290.528.328.800;6.612.989.164.993.230;6.858.429.286.824.970;12884600;-0.04706247750637991;8.582.027.135.650.630
13/06/2022;629.202.880.859.375;6.505.671.758.760.350;6.223.464.512.035.510;6.455.987.387.006.410;16753000;-0.05693887791924522;10.541.035.863.037.100
14/06/2022;6.301.966.094.970.700;6.371.524.676.521.570;6.173.780.692.467.450;6.337.738.906.482.940;13769400;0.0015780994855662002;867.742.919.480.896
15/06/2022;6.526.538.848.876.950;6.594.109.622.146.690;6.308.921.445.561;6.363.574.176.542.260;14007800;0.03501510103360038;9.142.245.088.729.850
16/06/2022;6.356.618.881.225.580;6.385.435.908.895.380;6.176.761.312.287.750;6.322.833.492.006.920;10351500;-0.026380150769571994;6.580.054.034.900.660
17/06/2022;6.718.321.228.027.340;6.848.494.047.537.960;6.400.341.532.229.100;6.403.322.473.420.430;26512800;0.05534169252578674;17.812.150.705.444.300
21/06/2022;6.958.793.640.136.710;7.131.695.057.805.030;6.822.658.933.943.900;6.822.658.933.943.900;16491200;0.03516782568911297;11.475.885.767.822.200
22/06/2022;7.133.682.250.976.560;726.087.412.250.037;6.821.664.454.231.170;6.852.468.522.393.650;15564600;0.024821414094957483;1.110.329.107.635.490
23/06/2022;7.574.880.981.445.310;758.581.084.767.715;7.151.569.847.487.270;7.175.418.137.842.750;16820600;0.06001009339981318;12.741.404.303.649.900
24/06/2022;7.657.357.025.146.480;7.715.984.992.534.100;738.210.587.115.717;7.673.256.391.937.540;18564200;0.010829249080687511;14.215.270.728.622.400
27/06/2022;7.631.520.080.566.400;7.716.977.263.722.690;7.473.523.378.452.480;7.653.380.568.104.870;13735100;-0.0033798386888340016;10.481.969.145.858.700
28/06/2022;7.359.248.352.050.780;7.679.215.803.552.690;7.295.652.421.604.550;7.638.475.015.980.870;13455500;-0.03632924819792569;9.902.236.620.101.920
29/06/2022;7.432.782.745.361.320;7.487.435.102.561.640;7.232.057.447.375.510;7.349.312.601.787.240;9562100;0.009942515478367928;7.107.301.188.941.950
30/06/2022;7.380.116.271.972.650;7.478.491.874.230.400;720.920.266.937.873;7.311.552.354.241.820;11339100;-0.007110923425755419;8.368.387.641.952.510
1/07/2022;7.605.684.661.865.230;7.621.583.268.573.130;7.323.477.001.096.370;7.390.054.643.673.330;13420300;0.030106556019550878;10.207.056.986.763
5/07/2022;8.047.875.213.623.040;8.052.843.954.596.760;747.153.689.247.283;7.523.208.311.231.730;15288200;0.05651215845398138;12.303.752.584.091.100
6/07/2022;804.986.343.383.789;826.449.956.051.946;7.971.362.022.716.980;804.986.343.383.789;17502100;0.00024701857428496274;14.088.951.480.537.400
7/07/2022;8.293.315.124.511.710;8.376.785.262.098.040;8.033.962.646.986.460;808.364.701.803.539;13858600;0.02979465705706269;1.149.337.369.845.580
8/07/2022;8.389.704.132.080.070;8.409.577.580.108.100;8.157.180.847.910.280;8.207.859.125.942.220;12031900;0.01155547190152423;10.094.408.114.677.400
11/07/2022;801.806.411.743.164;8.371.816.600.007.560;7.998.189.913.952.270;8.317.163.488.093.480;9835900;-0.045308244629768686;7.886.487.685.264.580
12/07/2022;8.135.320.281.982.420;819.494.138.363.042;7.759.705.749.540.810;8.020.052.161.755.970;15157600;0.014518099885701222;12.331.193.070.617.600
13/07/2022;8.271.455.383.300.780;8.350.950.694.676.790;7.917.702.839.736.810;7.945.525.971.281.370;13154100;0.016595366262340917;1.088.035.512.574.760
14/07/2022;8.080.667.114.257.810;8.239.656.970.396.680;8.012.102.430.810.270;818.102.976.893.312;11131000;-0.0233360442522122;8.994.590.564.880.370
15/07/2022;8.185.002.899.169.920;8.208.851.183.074.820;79.236.626.433.382;8.185.002.899.169.920;9674500;0.012829132257696815;7.918.581.054.801.940
18/07/2022;7.923.664.093.017.570;8.408.584.089.250.240;7.878.948.457.749.490;827.841.050.826.441;11163300;-0.03244982817864257;8.845.423.936.958.310
19/07/2022;8.281.392.669.677.730;8.293.317.194.630.390;7.955.463.235.540.340;8.050.857.160.791.020;12016900;0.04415741422501454;9.951.666.757.225.030
20/07/2022;8.398.645.782.470.700;8.586.453.403.267.940;8.243.630.786.771.180;8.292.321.258.321.330;14969100;0.01405932540532501;1.257.201.685.823.820
21/07/2022;8.366.849.517.822.260;84.612.502.972.809;8.281.392.321.232.690;8.389.704.666.822.330;7802900;-0.003793064529365994;6.528.569.010.261.530
22/07/2022;8.017.070.770.263.670;8.436.407.016.037.150;8.004.153.105.704.300;8.413.551.869.991.540;10633300;-0.04270429740428867;852.479.186.214.447
25/07/2022;8.042.906.951.904.290;8.070.730.080.896.190;7.890.872.884.110.430;802.899.538.740.835;8097500;0.003217464479186464;6.512.743.904.304.500
26/07/2022;8.078.679.656.982.420;8.247.606.228.288.360;791.472.106.828.936;8.047.874.829.039.600;9194200;0.0044378713655207035;7.427.699.650.222.770
27/07/2022;8.287.354.278.564.450;831.517.740.853.021;802.203.988.594.658;8.137.307.246.965.200;10237800;0.02550232168605701;8.484.427.563.308.710
28/07/2022;8.197.921.752.929.680;8.340.019.093.638.730;7.990.241.432.421.360;8.297.290.501.450.040;11298400;-0.010850094694102695;9.262.339.913.330.070
29/07/2022;8.061.785.888.671.870;8.178.047.894.761.400;7.949.499.481.421.200;8.160.161.490.603.270;9467700;-0.01674557113149327;7.632.657.025.817.870
1/08/2022;7.896.834.564.208.980;81.313.448.713.074;7.849.137.231.357.020;7.983.284.890.200.790;11546100;-0.020673115150242866;9.117.764.156.181.330
2/08/2022;8.046.881.103.515.620;8.136.312.365.292.410;7.822.307.533.127.140;7.842.180.978.383.460;9963500;0.018822584697675244;8.017.509.987.487.790
3/08/2022;8.352.937.316.894.530;8.496.028.566.937.180;8.227.733.231.230.640;8.246.612.779.188.790;14260700;0.037328675684093315;11.911.873.319.503.700
4/08/2022;8.815.001.678.466.790;8.830.901.042.288.360;8.496.028.083.499.680;855.763.698.112.317;15934500;0.05384175477710009;14.046.264.424.552.900
5/08/2022;9.171.736.907.958.980;9.172.730.049.716.220;8.558.631.078.794.260;867.489.310.488.696;19812500;0.03967167406323662;18.171.503.748.893.700
8/08/2022;9.329.731.750.488.280;9.449.967.845.384.990;9.133.975.194.339.860;9.277.066.435.001.320;19237400;0.017079582835144234;17.947.978.157.684.300
9/08/2022;9.017.713.165.283.200;9.271.103.755.821.480;8.857.729.433.050.900;914.689.283.067.984;14747800;-0.03401549057572272;13.299.143.021.896.300
10/08/2022;93.158.203.125;9.327.744.835.424.420;908.230.390.162.468;9.220.426.403.474.800;8989600;0.03252329120049146;8.374.549.828.125
11/08/2022;9.020.695.495.605.460;9.457.918.171.072.220;8.957.099.552.787.400;9.319.795.661.690.170;12314800;-0.03219262673828683;11.108.806.088.928.200
12/08/2022;9.318.800.354.003.900;9.351.592.220.287.580;9.077.334.284.491.640;9.104.164.268.950.400;9744000;0.03251246598617321;9.080.239.064.941.400
15/08/2022;9.430.094.909.667.960;9.453.943.198.362.110;9.203.534.271.764.990;9.241.294.125.374.340;7253200;0.011872258215524796;6.839.836.439.880.370
16/08/2022;918.067.855.834.961;9.412.207.922.919.290;9.117.082.620.339.880;9.396.308.559.355.170;9355200;-0.026805042314458558;8.588.708.404.907.220
17/08/2022;8.900.458.526.611.320;9.145.899.449.916.560;8.853.755.094.808.510;903.261.914.041.005;10681100;-0.030998323677255718;9.506.668.756.858.820
18/08/2022;8.830.900.573.730.460;8.910.395.114.250.230;8.675.884.817.188.720;8.892.508.709.961.690;8030600;-0.007845795609792167;709.174.301.473.999
19/08/2022;8.671.910.095.214.840;8.804.070.708.816.670;86.192.447.813.449;8.713.645.544.541.930;7734600;-0.018167922250830585;6.707.375.582.244.870
22/08/2022;853.875.732.421.875;8.723.583.272.994.330;8.469.199.497.528.340;8.578.504.978.666.170;9359600;-0.015473592568378443;7.991.935.305.175.780
23/08/2022;8.722.589.111.328.120;8.798.109.576.699.030;8.491.059.732.385.750;85.914.223.862.752;9315800;0.021300625460677135;8.125.789.564.331.050
24/08/2022;8.906.421.661.376.950;8.975.980.248.059.700;8.636.139.271.744.120;8.729.545.390.363.230;8727500;0.020856441256408127;7.773.079.504.966.730
25/08/2022;8.880.585.479.736.320;9.047.525.010.424.290;878.519.157.050.369;8.992.871.894.556.080;6417600;-0.002905064309673184;5.699.204.537.475.580
26/08/2022;8.450.318.908.691.400;8.879.591.894.506.350;8.417.527.038.008.870;8.878.597.994.694.430;12074700;-0.04966330590291269;10.203.506.572.677.600
29/08/2022;8.343.000.793.457.030;8.530.807.684.588.670;8.295.304.214.379.110;8.320.146.403.768.200;13047200;-0.012781222306004923;10.885.279.995.239.200
30/08/2022;82.575.439.453.125;846.323.725.169.827;8.145.257.517.520.480;8.423.489.595.395.170;10608200;-0.010295758889323877;8.759.767.768.066.400
31/08/2022;8.317.164.611.816.400;8.431.438.833.361.350;8.264.499.292.196.380;8.351.944.283.073.500;9687600;0.007194204766257442;8.057.336.389.343.260
1/09/2022;8.498.014.831.542.960;8.510.933.253.732.860;8.155.192.960.801.960;8.252.574.665.538.720;11499700;0.021511182087774375;9.772.462.115.829.460
2/09/2022;8.320.145.416.259.760;862.222.573.622.889;8.272.448.084.719.530;862.222.573.622.889;11508800;-0.021152854392945813;9.575.488.956.665.030
6/09/2022;8.082.653.045.654.290;8.361.879.723.962.090;806.476.740.003.593;8.335.049.739.287.880;11303800;-0.028959566722926884;9.136.469.349.746.700
7/09/2022;842.547.607.421.875;8.442.368.579.108.990;8.057.811.258.712.540;8.072.716.722.254.740;11022100;0.0415398160943238;9.286.643.983.764.640
8/09/2022;8.686.814.880.371.090;8.693.770.661.695.240;8.352.935.860.565.450;8.352.935.860.565.450;13108600;0.030546363122373504;11.387.198.154.083.200
9/09/2022;874.544.448.852.539;8.826.926.838.685.910;8.664.955.280.082.870;8.730.539.023.397.260;9010600;0.006726589821926969;7.880.170.210.830.680
12/09/2022;8.812.020.874.023.430;8.819.970.556.057.580;8.638.125.559.674.400;8.763.330.398.280.260;9544400;0.007583862843287773;841.054.520.300.293
13/09/2022;836.088.638.305.664;8.631.169.498.495.690;8.311.202.009.133.970;8.561.611.678.253.310;14698700;-0.05255234959760741;12.289.416.067.863.400
14/09/2022;8.455.286.407.470.700;8.494.040.916.682.770;826.052.375.227.222;8.362.874.199.584.880;8738900;0.011227407950474371;7.388.990.238.624.570
15/09/2022;856.558.609.008.789;8.643.094.353.208.570;8.385.728.892.177.630;8.414.545.921.134.660;9008200;0.012960701825185095;7.716.051.261.672.970
16/09/2022;8.274.435.424.804.680;8.463.236.200.194.460;8.177.054.474.990.730;8.436.406.971.444.240;15649800;-0.0345818656073745;1.294.932.595.111.080
19/09/2022;8.171.092.987.060.540;8.228.726.288.291.840;7.984.279.244.065.680;8.185.997.693.683.810;15561800;-0.012568011855821284;12.715.691.484.603.800
20/09/2022;814.724.349.975.586;82.297.197.431.884;8.043.899.910.055.450;8.088.616.301.878.060;8090500;-0.0029230313157239275;6.591.527.353.477.470
21/09/2022;7.863.047.790.527.340;8.226.737.727.435.910;7.851.124.027.430.850;8.190.964.921.899.880;12765100;-0.0355053582634716;1.003.725.913.508.600
22/09/2022;7.759.705.352.783.200;7.830.257.832.697.120;7.645.431.896.352.160;7.792.497.222.356.140;11197400;-0.013229927418779215;8.688.852.471.725.460
23/09/2022;761.661.376.953.125;7.703.064.084.692.140;7.458.617.084.994.390;767.623.485.953.404;11898900;-0.018612479743406792;9.062.932.558.227.530
26/09/2022;74.586.181.640.625;7.793.491.125.908.460;7.449.675.340.423.760;7.580.842.060.655.630;11763200;-0.02096171937009984;877.372.171.875
27/09/2022;7.673.255.920.410.150;7.751.757.333.339.090;7.552.025.909.510.360;7.595.748.407.375.460;14256100;0.02837086165101915;10.939.070.372.695.900
28/09/2022;8.068.742.370.605.460;8.123.395.487.532.420;7.840.194.695.555.050;7.855.100.160.000.900;19367800;0.05025660405426307;1.562.737.884.854.120
29/09/2022;7.836.221.313.476.560;8.011.110.562.081.040;770.505.456.655.409;798.129.962.763.903;10324100;-0.029240887210850136;8.090.193.246.246.330
30/09/2022;7.881.929.016.113.280;8.163.142.753.300.160;7.815.352.137.282.330;7.830.257.601.022.060;13485500;0.005815930057539599;10.629.175.374.679.500
3/10/2022;7.947.512.817.382.810;809.755.908.136.832;7.827.275.964.870.280;8.023.032.520.192.320;10681600;0.008286353647537494;8.489.215.291.015.620
4/10/2022;8.247.605.895.996.090;825.356.777.814.071;8.079.672.473.104.640;8.095.571.836.321.440;11933100;0.03706393724923705;9.841.950.591.751.090
5/10/2022;8.214.814.758.300.780;8.271.454.918.080.380;7.979.311.295.170.350;8.142.275.992.014.250;8983400;-0.003983761774912431;7.379.696.689.971.920
6/10/2022;8.214.814.758.300.780;8.298.284.906.363.240;8.114.452.862.034.580;8.167.118.180.656.600;8021700;0.0;6.589.677.954.666.130
7/10/2022;7.860.069.274.902.340;8.127.371.499.263.660;7.845.163.808.309.500;8.115.446.974.364.690;9281500;-0.044143782029328664;729.532.329.750.061
10/10/2022;7.715.983.581.542.960;7.856.093.124.681.130;765.934.342.442.356;7.845.162.501.541.990;10523300;-0.01850145280751338;8.119.761.002.365.110
11/10/2022;7.777.591.705.322.260;7.970.367.322.336.710;7.577.861.064.277.250;7.695.116.219.246.340;11871200;0.00795277362997328;9.232.934.665.222.160
12/10/2022;7.820.320.129.394.530;786.006.778.004.154;763.450.105.666.409;7.800.446.683.132.710;7620200;0.0054787501564978166;5.959.240.345.001.220
13/10/2022;795.645.523.071.289;7.988.253.198.184.030;7.584.816.343.745.740;761.263.947.051.758;12423600;0.01725808691385424;9.884.781.720.428.460
14/10/2022;7.732.875.061.035.150;8.144.261.570.395.960;772.293.833.898.806;8.053.836.414.207.100;9679500;-0.02850284899654702;748.503.641.532.898
17/10/2022;8.019.058.227.539.060;8.058.805.881.175.090;7.818.333.675.956.090;7.893.854.142.052.200;9481800;0.03634025809622126;7.603.510.630.187.980
18/10/2022;8.056.819.152.832.030;8.243.632.146.622.660;7.984.279.625.267.270;8.200.903.549.974.590;11298500;0.004697845579104418;910.299.711.982.727
19/10/2022;7.662.323.760.986.320;7.999.183.735.923.810;7.605.683.608.336.390;7.964.404.827.827.070;13573300;-0.05020353177439532;10.400.301.910.499.500
20/10/2022;7.623.571.014.404.290;7.846.156.813.607.230;7.592.766.942.915.390;7.656.362.885.544.800;9272300;-0.005070403816844176;7.068.803.751.686.090
21/10/2022;7.834.233.093.261.710;784.913.855.968.315;7.558.981.946.923.120;7.674.250.078.583.780;9275400;0.027258091871904665;7.266.564.563.323.970
24/10/2022;779.845.962.524.414;7.897.828.372.589.570;7.617.608.535.400.380;7.872.986.185.753.210;7864200;-0.004576758605373295;6.132.864.618.484.490
25/10/2022;8.007.134.246.826.170;8.081.660.811.093.450;7.827.276.289.537.210;7.828.270.189.335.330;10365000;0.026406694882841725;8.299.394.646.835.320
26/10/2022;8.140.287.017.822.260;8.370.822.464.834.620;80.091.203.110.415;803.595.029.545.309;12482000;0.016492514434741597;10.160.706.255.645.700
27/10/2022;8.039.925.384.521.480;8.279.403.661.656.870;8.007.133.517.281.980;8.231.706.331.297.300;8451900;-0.012405636951892177;6.795.264.535.743.710
28/10/2022;8.323.126.983.642.570;833.902.558.993.677;7.996.203.694.508.730;8.082.654.024.628.390;10388600;0.034618220987649564;8.646.563.698.226.920
31/10/2022;8.163.143.157.958.980;8.335.050.674.991.830;8.133.332.229.001.760;828.337.925.733.919;10764700;-0.019408737867924436;8.787.378.715.248.100
1/11/2022;8.229.720.306.396.480;8.362.874.833.091.170;8.194.941.393.569.920;8.247.606.712.724.920;9908500;0.008122743734122967;8.154.418.365.592.950
2/11/2022;8.066.755.676.269.530;8.454.293.977.921.120;8.059.799.893.645.260;8.223.758.493.358.260;12934500;-0.020000650787561844;10.433.945.129.470.800
3/11/2022;8.012.101.745.605.460;8.181.029.069.281.430;7.895.840.494.320.790;796.341.127.216.651;10138700;-0.006798261807049173;8.123.229.596.817.010
4/11/2022;7.945.525.360.107.420;8.148.237.706.212.390;7.754.737.537.228.650;8.123.395.518.083.690;13883800;-0.008344194452159356;11.031.408.499.465.900
7/11/2022;7.862.055.969.238.280;8.010.115.198.160.730;7.830.257.998.769.220;7.958.443.022.321.390;9308100;-0.010560776491615798;7.318.080.316.726.680
8/11/2022;7.935.588.073.730.460;8.075.697.610.616.300;7.838.206.369.597.470;792.366.355.134.989;10745500;0.009309316672341314;8.527.186.164.627.070
9/11/2022;7.671.267.700.195.310;7.920.683.491.338.350;7.662.324.876.007.640;7.884.910.678.340.800;11783600;-0.03387558054321354;9.039.515.007.202.140
10/11/2022;8.259.530.639.648.430;8.299.277.532.508.360;7.957.449.553.548.010;8.026.013.474.417.750;21049000;0.07388588057102193;17.385.486.043.395.900
11/11/2022;842.249.526.977.539;8.512.920.435.984.520;8.196.927.787.881.710;8.252.574.802.133.790;14700300;0.019538372049500378;12.381.320.721.427.900
14/11/2022;83.539.306.640.625;8.549.687.220.094.520;8.333.063.317.832.340;8.398.646.297.680.920;11365900;-0.008173968369399882;9.494.994.053.466.790
15/11/2022;833.207.015.991.211;8.595.397.518.758.890;8.224.751.719.924.790;8.537.763.457.492.730;13946800;-0.002620222411356947;1.162.057.161.062.620
16/11/2022;8.097.559.356.689.450;8.360.886.700.089.250;8.081.660.750.655.500;8.313.190.123.864.000;10411700;-0.02854924161475616;8.430.935.875.404.350
17/11/2022;800.315.933.227.539;806.774.917.233.868;7.891.866.057.733.670;7.986.266.826.479.520;10604700;-0.011726322030006507;8.487.110.377.098.080
18/11/2022;804.986.343.383.789;815.320.703.487.845;7.992.229.371.274.670;8.121.409.062.106.230;7246400;0.005818746290685051;5.833.253.038.696.280
21/11/2022;7.936.582.946.777.340;8.048.869.370.002.310;790.379.107.480.178;8.022.040.139.009.960;5159800;-0.014172303265993304;4.095.118.068.878.170
22/11/2022;8.045.887.756.347.650;8.058.805.420.839.020;7.816.346.187.943.550;8.001.171.364.265.120;7885500;0.013678299907701948;6.344.584.790.267.940
23/11/2022;8.048.869.323.730.460;8.160.162.604.587.970;7.987.260.421.414.500;8.048.869.323.730.460;7289500;0.00037050169842081486;5.867.223.293.533.320
25/11/2022;8.054.830.169.677.730;8.086.628.137.526.110;7.952.480.484.357.120;8.047.874.387.902.250;2701200;0.0007403076817156514;21.757.707.254.333.400
28/11/2022;7.914.722.442.626.950;8.133.333.426.762.410;7.876.961.825.970.500;8.021.046.992.984.650;7277000;-0.01754730711095689;5.759.543.521.499.630
29/11/2022;7.947.512.817.382.810;8.029.988.302.243.810;7.885.903.920.552.900;793.459.439.491.334;6806700;0.004134401101264128;5.409.633.549.407.950
30/11/2022;8.309.214.782.714.840;8.325.113.387.791.890;7.980.303.719.147.340;8.049.862.295.964.120;12840800;0.044506087196714304;10.669.696.518.188.400
1/12/2022;8.256.549.072.265.620;8.353.930.780.824.170;8.183.016.409.552.060;8.301.265.464.632.430;9124800;-0.0063584013808828475;7.533.935.897.460.930
2/12/2022;8.511.927.032.470.700;8.529.812.678.713.170;8.140.287.381.550.000;814.823.706.307.334;10969100;0.030461647875505652;9.336.817.881.187.430
5/12/2022;8.235.682.678.222.650;8.496.029.106.214.740;814.724.454.115.872;8.485.098.481.802.480;9022600;-0.03299210045377968;7.430.727.053.253.170
6/12/2022;8.008.126.831.054.680;8.185.996.976.365.850;796.738.603.964.872;8.156.186.807.608.070;9204500;-0.02801937986435303;7.371.080.341.644.280
7/12/2022;8.057.811.737.060.540;8.126.376.418.550.920;7.988.253.913.898.860;8.053.837.654.128.510;7224400;0.006185143082748153;5.821.285.511.322.020
8/12/2022;8.106.503.295.898.430;8.179.042.063.224.550;7.968.380.785.717.360;8.125.382.844.013.250;6416700;0.006024592568642779;52.016.999.698.791.500
9/12/2022;790.279.769.897.461;8.084.642.719.489.590;790.279.769.897.461;8.061.787.570.139.280;7940800;-0.0254497796914503;6.275.453.596.801.750
12/12/2022;8.101.534.271.240.230;8.114.452.694.266.150;783.522.598.417.536;7.885.904.260.232.510;7911800;0.02483662405267538;6.409.771.884.719.840
13/12/2022;8.229.720.306.396.480;8.346.975.468.299.920;8.071.724.348.931.480;830.921.561.410.586;9379400;0.015698569525597655;7.718.983.864.181.510
14/12/2022;8.256.549.072.265.620;8.364.861.403.972.270;8.144.262.657.708.200;8.225.745.002.370.090;9443900;0.0032546829044133824;7.797.402.378.356.930
15/12/2022;801.806.411.743.164;8.202.890.040.111.340;7.992.228.031.970.130;8.151.217.869.188.340;7662000;-0.029309701499165678;6.143.440.726.776.120
16/12/2022;8.044.894.409.179.680;807.868.018.050.433;7.881.929.709.697.970;7.962.418.159.602.480;9165000;0.0033406444591825317;7.373.145.726.013.180
19/12/2022;7.879.943.084.716.790;8.173.080.627.688.440;7.831.251.845.766.760;81.512.193.788.739;9267100;-0.02071697424190706;7.302.422.056.037.900
20/12/2022;8.027.006.530.761.710;8.061.785.437.421.550;782.628.201.366.546;7.842.180.617.514.250;6843600;0.018490991656397875;549.336.218.939.209
21/12/2022;8.205.873.107.910.150;8.287.355.467.985.880;798.924.916.164.196;8.071.725.421.680.090;10908300;0.022038457821539077;8.951.212.562.301.630
22/12/2022;8.229.720.306.396.480;8.233.695.147.594.290;8.028.001.853.878.980;8.130.351.550.821.480;6886300;0.002901898899539981;5.667.232.294.593.810
23/12/2022;8.036.944.580.078.120;8.249.593.653.768.320;7.977.323.479.084.090;8.217.795.682.696.610;6954700;-0.023703045860791465;5.589.453.847.106.930
27/12/2022;7.804.420.471.191.400;8.046.880.425.119.200;7.795.476.890.893.710;8.013.094.661.283.770;8818800;-0.029358683366487316;6.882.562.325.134.270
28/12/2022;783.323.974.609.375;7.935.589.450.381.560;7.761.694.115.645.390;7.811.378.496.998.580;10239900;0.0036858848612270063;8.021.159.167.602.530
29/12/2022;8.175.068.664.550.780;826.847.555.426.638;7.847.152.166.783.460;788.789.296.970.557;12613900;0.04271293097801876;1.031.194.986.277.770
30/12/2022;8.247.605.895.996.090;8.260.523.560.017.210;803.694.388.211.371;8.104.514.659.538.370;10351500;0.00883384772585198;8.537.509.243.240.350
3/01/2023;8.101.534.271.240.230;835.591.803.507.889;8.050.855.995.183.070;8.340.019.428.900.680;9332300;-0.01786950386341654;7.560.594.827.949.520
4/01/2023;8.271.455.383.300.780;8.305.241.155.978.800;8.133.332.867.330.640;8.166.124.740.132.510;9338000;0.020757017078887604;772.388.503.692.627
5/01/2023;8.199.909.210.205.070;8.247.606.545.488.230;8.124.389.503.348.260;8.232.701.080.829.530;6577500;-0.00868739474009163;539.349.028.301.239
6/01/2023;8.263.505.554.199.210;8.345.981.039.929.580;8.063.774.155.867.630;8.223.757.902.861.690;9968000;0.0077258164522242085;8.237.062.336.425.780
9/01/2023;8.075.698.852.539.060;8.328.095.595.817.650;805.980.024.504.335;8.319.152.771.249.470;12849200;-0.02298948816495158;10.376.626.969.604.400
10/01/2023;8.305.239.868.164.060;8.305.239.868.164.060;8.058.805.047.609.500;8.063.773.788.096.350;8036900;0.028027214457973328;6.674.838.229.644.770
11/01/2023;8.384.735.107.421.870;8.399.640.572.000.480;8.171.092.894.914.390;8.352.937.136.778.440;8987700;0.009526178504544916;7.535.948.372.497.550
12/01/2023;873.650.131.225.586;8.741.470.053.570.650;8.281.392.203.515.260;841.852.157.931.943;13978900;0.041096998468292005;12.212.667.819.389.300
13/01/2023;8.732.524.871.826.170;8.906.420.172.273.520;8.579.496.916.457.690;8.646.074.550.517;18809400;-0.0004552561151908753;1.642.535.533.241.270
17/01/2023;8.631.169.891.357.420;8.737.494.426.066.520;8.574.529.732.832.440;8.723.582.861.384.840;12748100;-0.011674488986229414;11.003.101.689.201.300
18/01/2023;85.238.525.390.625;8.833.883.358.738.300;8.514.909.714.113.180;8.692.779.894.410.090;14982700;-0.012511642312574374;12.771.032.543.701.100
19/01/2023;8.435.414.123.535.150;8.528.821.002.171.110;8.362.875.352.013.450;8.493.048.187.294.510;8904000;-0.010429603939231348;7.510.892.735.595.700
20/01/2023;8.644.087.982.177.730;8.659.987.347.239.330;8.445.350.467.648.420;8.522.857.977.015.100;9741900;0.02443680635547608;8.420.984.071.357.720
23/01/2023;8.660.978.698.730.460;8.739.479.326.723.330;8.564.590.911.244.580;864.706.637.933.332;9306200;0.0019521128959553553;8.060.079.996.612.540
24/01/2023;8.825.933.074.951.170;8.873.630.412.472.040;8.571.549.296.502.410;865.899.353.081.331;10480200;0.018866598203908506;9.249.754.381.210.320
25/01/2023;8.833.882.904.052.730;8.834.876.803.926.000;864.309.506.705.229;8.749.419.609.788.070;7401600;0.0009003298389995495;6.538.486.770.263.670
26/01/2023;8.803.076.934.814.450;8.943.187.232.015.240;8.712.651.769.248.230;8.903.439.581.581.610;6976000;-0.0034933458881825207;6.141.026.469.726.560
27/01/2023;8.882.572.174.072.260;8.944.181.069.723.240;8.783.203.427.739.090;8.800.095.932.666.120;7826500;0.008989862249594995;6.951.945.112.037.650
30/01/2023;8.655.017.852.783.200;8.843.818.626.777.280;8.599.371.596.158.020;881.500.159.870.399;7239000;-0.025951922964013868;6.265.367.423.629.760
31/01/2023;8.833.882.904.052.730;8.854.750.252.650.580;8.684.829.764.247.980;8.684.829.764.247.980;6684700;0.02045540660260121;5.905.185.704.872.130
1/02/2023;8.917.351.531.982.420;900.976.450.104.325;87.066.902.643.641;8.835.869.186.217.640;10961500;0.009404331107606313;9.774.754.881.782.530
2/02/2023;9.138.943.481.445.310;9.201.545.517.065.990;8.939.212.094.288.820;8.995.852.247.885.640;13400100;0.02454579689550437;12.246.275.654.571.500
3/02/2023;8.981.941.223.144.530;9.139.937.929.363.750;8.937.225.589.036.790;9.010.758.251.527.240;7437100;-0.017328755150292446;6.679.959.507.064.810
6/02/2023;8.913.375.854.492.180;90.206.942.778.059;8.846.798.979.299.230;8.922.319.435.496.660;6568400;-0.0076629772889444765;5.854.661.796.264.640
7/02/2023;8.974.984.741.210.930;8.991.877.245.390.220;876.034.865.285.627;8.911.388.807.022.640;7517500;0.0068881807234960025;6.746.944.779.205.320
8/02/2023;8.663.961.791.992.180;8.960.080.250.539.640;8.655.018.210.023.480;895.511.226.777.785;9722300;-0.03526913451350458;8.423.363.573.028.560
9/02/2023;8.554.653.930.664.060;878.519.012.092.479;8.522.855.966.166.590;8.730.537.014.074.480;8771200;-0.012696645479237836;7.503.458.055.664.060
10/02/2023;8.507.952.117.919.920;856.359.837.185.394;8.410.570.415.412.030;8.508.945.259.509.200;7801700;-0.005474184803427429;6.637.649.003.837.580
13/02/2023;8.501.990.509.033.200;8.579.498.017.306.540;8.369.830.639.909.310;8.484.104.102.652.930;6890900;-0.0007009558187891438;585.863.663.986.969
14/02/2023;8.533.788.299.560.540;86.242.142.293.769;8.390.697.809.677.180;8.466.217.516.682.160;8631800;0.0037330641365822003;7.366.195.384.414.670
15/02/2023;8.551.675.415.039.060;8.557.638.056.282.970;8.423.489.621.085.460;8.473.174.002.084.990;5765300;0.00209384097643709;4.930.297.427.032.470
16/02/2023;8.423.487.854.003.900;855.167.362.106.666;839.963.956.840.161;8.497.021.268.306.250;10302400;-0.015103241802225966;8.678.214.126.708.980
17/02/2023;8.625.206.756.591.790;86.470.672.421.154;836.883.523.075.253;8.424.481.481.400.440;8704300;0.023664957483760615;7.507.638.717.140.190
21/02/2023;8.224.751.281.738.280;8.554.655.508.545.610;8.222.764.240.269.610;8.528.820.178.835.910;9188000;-0.04754087751698199;7.556.901.477.661.130
22/02/2023;8.310.208.129.882.810;8.343.993.898.457.730;821.978.296.334.463;8.236.675.468.570.400;6949700;0.010336597375772666;5.775.345.344.024.650
23/02/2023;829.430.923.461.914;8.379.766.415.641.050;8.176.060.185.923.460;836.287.391.100.549;8283100;-0.001915009003085236;687.025.928.212.738
24/02/2023;8.095.572.662.353.510;8.208.852.983.399.980;8.086.629.080.100.660;8.188.979.535.474.560;8666500;-0.02425231791278163;7.016.028.047.828.670
27/02/2023;816.115.493.774.414;8.256.548.844.117.950;8.134.325.709.564.120;8.207.858.370.245.800;8233500;0.008068368097136534;6.719.486.917.991.630
28/02/2023;823.270.034.790.039;8.278.409.879.493.860;8.140.287.384.991.770;8.149.230.966.240.140;7071500;0.008728375739600634;5.821.754.051.017.760
1/03/2023;82.575.439.453.125;8.322.133.792.039.590;8.194.941.898.368.470;8.229.720.813.337.370;7193700;0.003013128946606568;5.940.229.387.939.450
2/03/2023;8.189.972.686.767.570;8.230.714.240.622.830;8.123.395.802.203.730;8.176.061.121.578.810;6494500;-0.008216637224728143;53.189.777.614.212.000
3/03/2023;8.306.233.215.332.030;8.375.791.793.252.610;8.155.193.053.148.070;8.217.795.090.965.560;6070800;0.014095659839452587;50.425.480.603.637.600
6/03/2023;8.165.130.615.234.370;8.353.931.405.956.660;8.105.509.512.407.190;8.347.969.523.110.980;7358600;-0.01713349948852226;6.008.393.014.526.360
7/03/2023;8.155.193.328.857.420;8.266.486.602.418.910;8.119.420.518.002.770;8.158.174.270.074.740;6256700;-0.001217780681200841;5.102.459.810.066.220
8/03/2023;8.071.723.937.988.280;815.519.332.452.248;8.010.115.039.743.940;8.142.275.659.879.820;7125500;-0.010287860065554528;575.150.689.201.355
9/03/2023;7.823.301.696.777.340;8.127.369.816.573.410;7.767.654.683.560.150;810.252.763.010.319;11851600;-0.03126040519959698;9.271.864.238.952.630
10/03/2023;7.518.240.356.445.310;7.808.396.938.680.650;7.340.370.194.274.920;7.793.491.473.827.280;24423500;-0.03977456188791913;1.836.217.433.456.420
13/03/2023;773.685.073.852.539;7.821.314.022.248.700;7.451.662.160.367.180;7.451.662.160.367.180;20813600;0.028662608048437035;16.103.171.653.137.200
14/03/2023;785.311.279.296.875;794.254.482.644.643;7.740.826.369.788.880;7.885.904.664.931.140;9655200;0.014915263856081074;7.582.337.463.867.180
15/03/2023;7.755.731.964.111.320;7.820.321.051.136.700;7.655.369.304.976.140;7.736.851.657.250.910;9601300;-0.012477809069308163;744.651.093.070.221
16/03/2023;7.773.616.790.771.480;7.848.143.345.071.590;7.554.011.210.285.290;7.712.007.899.625.660;9459100;0.002303359252178268;7.353.141.858.558.650
17/03/2023;7.601.709.747.314.450;7.705.053.343.350.790;7.526.189.281.341.080;7.667.293.489.425.820;11341500;-0.022362348771488554;8.621.479.109.916.680
20/03/2023;7.629.531.860.351.560;7.661.329.827.345.310;752.221.343.745.141;7.641.456.382.270.460;7987800;0.003653299540243778;6.094.317.459.411.620
21/03/2023;7.554.012.298.583.980;7.690.147.763.642.810;7.536.125.892.650.140;7.683.191.981.230.950;7662100;-0.00994763590530853;5.787.959.763.298.030
22/03/2023;7.266.836.547.851.560;7.563.949.661.649.550;7.259.880.765.548.920;7.555.006.079.761.350;10854300;-0.038757793379517756;7.887.642.394.134.520
23/03/2023;7.325.465.393.066.400;7.450.670.247.804.710;7.215.166.004.531.810;7.357.263.367.176.690;12002600;0.008035628776107659;8.792.463.092.681.880
24/03/2023;7.372.168.731.689.450;7.403.966.705.361.120;7.198.273.397.332.970;7.296.648.259.922.910;8176200;0.00635523995475302;6.027.632.598.403.930
27/03/2023;7.447.686.767.578.120;7.512.276.600.270.670;7.375.148.011.850.940;7.421.851.440.999.760;6279700;0.010191555450587919;4.676.923.859.436.030
28/03/2023;7.398.003.387.451.170;7.508.302.764.376.090;7.391.047.605.038.040;745.365.040.487.963;5125800;-0.0066933318822454905;37.920.685.763.397.200
29/03/2023;758.382.339.477.539;7.588.792.135.803.260;7.405.953.231.330.320;7.474.517.915.273.100;6896900;0.02480732683012411;5.230.487.157.142.630
30/03/2023;7.419.863.891.601.560;7.623.570.118.927.230;736.322.373.815.893;7.615.620.437.501.480;8545600;-0.02185676456658506;6.340.718.887.207.030
31/03/2023;7.572.891.998.291.010;7.604.689.966.503.870;7.442.719.184.376.400;747.252.935.313.157;7645200;0.020414315052127166;5.789.627.390.533.440
3/04/2023;7.657.357.025.146.480;7.706.048.267.351.450;7.555.007.315.330.510;7.562.956.998.726.040;7563900;0.011091859719015435;5.791.948.280.250.540
4/04/2023;7.509.296.417.236.320;7.686.172.671.173.570;7.427.814.072.452.090;7.669.280.165.600.550;8889500;-0.019525113065368867;6.675.389.050.102.230
5/04/2023;7.490.415.954.589.840;757.587.313.855.707;7.441.725.480.323.100;7.467.561.567.088.940;8013100;-0.002517444621569385;6.002.145.208.572.380
6/04/2023;7.638.477.325.439.450;7.654.375.933.796.230;7.443.714.634.796.870;7.479.486.693.130.510;8640300;0.019573949716678994;6.599.873.563.499.450
10/04/2023;756.693.115.234.375;7.625.558.356.276.710;7.508.303.190.287.310;7.625.558.356.276.710;7567000;-0.00941069109939647;5.725.896.802.978.510
11/04/2023;7.639.469.909.667.960;76.861.733.476.407;7.576.867.864.498.850;75.788.549.061.021;7462700;0.009540627957357625;5.701.107.209.487.910
12/04/2023;7.556.993.865.966.790;7.739.832.005.097.140;7.543.082.301.386.150;7.723.933.399.057.870;7329200;-0.010854742883870143;5.538.671.944.244.380
13/04/2023;7.892.859.649.658.200;7.949.499.805.447.070;7.561.961.538.306.850;7.583.822.784.071.570;14018600;0.04348503461015656;11.064.684.228.469.800
14/04/2023;7.769.642.639.160.150;7.893.853.574.007.330;7.683.191.555.582.100;7.891.865.774.500.680;7304100;-0.015734338010459106;567.502.468.006.897
17/04/2023;8.131.344.604.492.180;8.161.154.773.188.530;7.865.036.336.938.680;7.894.846.505.635.020;12173000;0.045502126955256184;989.828.578.704.834
18/04/2023;8.081.661.987.304.680;8.197.923.262.532.770;8.005.147.612.305.200;818.599.873.759.008;11116300;-0.006128755011536638;898.381.791.494.751
19/04/2023;8.183.016.967.773.430;8.227.733.363.190.660;8.005.146.802.193.610;801.508.428.436.863;6871700;0.012463362203046256;5.623.123.769.744.870
20/04/2023;8.011.109.161.376.950;8.111.471.056.328.590;7.988.254.014.551.040;8.104.515.273.924.780;7835400;-0.021231681506648593;6.277.024.472.305.290
21/04/2023;8.175.068.664.550.780;8.193.948.974.120.590;8.007.135.952.812.970;8.016.078.778.531.150;8059200;0.020259892505561206;6.588.451.338.134.760
24/04/2023;807.072.982.788.086;8.178.048.257.590.960;7.983.284.844.506.670;8.167.117.634.669.190;5920100;-0.01284520072884993;47.779.527.654.037.400
25/04/2023;7.950.493.621.826.170;8.148.237.215.138.520;7.900.809.248.563.130;8.075.697.696.600.200;5793900;-0.015009897818190012;4.606.436.499.549.860
26/04/2023;788.490.982.055.664;7.993.222.147.605.960;7.810.383.261.273.260;7.924.657.470.465.780;6016500;-0.008283234019753023;4.743.955.993.537.900
27/04/2023;7.830.257.415.771.480;7.899.815.234.080.070;7.770.635.562.223.130;7.887.890.711.745.730;6321900;-0.006955398474900358;4.950.210.435.676.570
28/04/2023;7.969.374.084.472.650;804.191.361.135.168;7.747.782.178.789.620;7.822.308.747.253.350;6369800;0.017610570735188895;50.763.319.043.273.900
1/05/2023;8.155.193.328.857.420;821.481.442.757.403;7.942.544.263.290.030;7.979.310.973.924.920;9141700;0.023048986805165744;7.455.233.085.441.580
2/05/2023;7.922.671.508.789.060;8.155.194.041.541.020;78.968.354.191.088;8.114.453.244.471.630;10490100;-0.02892648191481468;8.310.961.639.434.810
3/05/2023;8.268.473.815.917.960;8.391.690.856.912.810;803.893.223.992.688;8.056.818.645.726.400;14800700;0.04272148671080213;12.237.920.040.725.700
4/05/2023;8.344.989.013.671.870;8.391.691.695.253.060;815.320.727.159.904;8.260.524.958.993.950;8997200;0.009211293220559184;7.508.153.515.380.850
5/05/2023;8.484.104.919.433.590;8.552.669.610.179.370;8.402.622.562.106.460;8.438.395.378.310.910;8658100;0.016533162770636715;73.456.228.802.948
8/05/2023;8.446.343.994.140.620;8.505.965.094.239.280;8.359.892.906.217.340;8.505.965.094.239.280;6058400;-0.004460719039366483;5.117.133.045.410.150
9/05/2023;853.676.986.694.336;8.606.327.690.246.550;8.341.013.303.774.250;8.383.741.897.552.900;7112100;0.010649016202438199;6.071.436.097.068.780
10/05/2023;8.672.904.968.261.710;8.741.469.653.022.050;8.581.485.893.996.900;8.702.715.898.537.540;9594900;0.015821093918509263;8.321.565.587.997.430
11/05/2023;8.546.705.627.441.400;8.686.815.158.056.070;8.507.951.879.093.300;8.645.080.468.777.090;7088600;-0.01465789248193961;6.058.417.751.068.110
12/05/2023;848.907.241.821.289;8.596.390.851.115.550;8.415.539.754.834.420;8.583.472.428.301.850;5848900;-0.0067661634178650875;49.651.735.666.885.300
15/05/2023;8.699.734.497.070.310;8.797.115.448.991.150;8.502.984.035.526.100;8.517.889.499.875.770;8743200;0.024512769067649758;7.606.351.865.478.510
16/05/2023;8.449.324.798.583.980;8.535.775.885.107.120;8.383.741.816.974.640;8.521.864.320.580.190;13491000;-0.029205974933293414;11.398.984.085.769.600
17/05/2023;8.519.876.861.572.260;8.523.851.702.756.470;8.314.183.568.560.800;8.469.199.342.251.300;7569600;0.008315355186226874;6.449.205.989.135.740
18/05/2023;8.419.515.228.271.480;8.494.041.797.031.340;8.267.480.391.177.660;8.487.086.014.272.020;11373100;-0.011849635112368593;9.575.598.864.265.440
19/05/2023;8.483.110.809.326.170;8.562.605.357.721.660;8.442.369.256.251.280;8.484.103.951.018.170;7618300;0.007524970499323787;6.462.688.307.868.950
22/05/2023;8.691.785.430.908.200;8.734.514.027.405.900;8.530.807.769.146.830;85.347.826.104.633;6478600;0.024301153019254302;5.631.060.109.268.180
23/05/2023;8.693.771.362.304.680;892.629.462.182.219;8.681.847.598.001.410;8.700.727.144.189.380;9984100;0.00022845761326397633;8.679.948.265.838.620
24/05/2023;8.524.845.123.291.010;8.635.144.496.050.350;8.451.312.460.825.920;8.620.239.031.978.440;7244700;-0.01962197824048974;6.175.994.546.470.640
25/05/2023;830.225.830.078.125;8.512.919.538.559.800;8.208.851.445.163.480;8.506.957.656.924.050;9143200;-0.026457293422887503;7.590.920.809.570.310
26/05/2023;8.377.779.388.427.730;8.393.678.752.931.460;8.254.562.346.017.510;8.315.177.346.471.990;4570000;0.00905532770454782;38.286.451.805.114.700
30/05/2023;8.261.518.096.923.820;8.504.971.239.501.440;8.212.827.620.032.980;8.407.590.285.719.760;6058600;-0.013974530310728445;50.053.233.542.022.700
31/05/2023;833.902.587.890.625;8.496.028.696.415.360;8.241.644.921.905.820;826.648.711.107.663;6271500;0.009338048838907717;52.298.200.799.560.500
1/06/2023;8.454.293.823.242.180;8.496.028.518.224.190;8.259.531.155.202.730;8.376.786.315.954.620;7106300;0.013728048611142223;6.007.874.819.610.590
2/06/2023;8.588.441.467.285.150;8.588.441.467.285.150;8.419.514.888.169.230;853.279.520.745.844;5284200;0.015742826759038396;4.538.304.240.142.820
5/06/2023;8.616.265.869.140.620;8.672.906.037.146.500;8.538.758.350.619.260;8.545.714.134.124.420;5653700;0.003234513156172133;4.871.378.234.436.030
6/06/2023;8.756.375.122.070.310;8.772.273.728.933.990;8.573.536.215.335.580;8.643.094.799.969.090;5971200;0.016130223474657455;5.228.606.712.890.620
7/06/2023;8.765.316.772.460.930;8.832.887.548.360.480;864.607.458.351.979;8.759.354.890.450.880;6099700;0.0010206378722624236;5.346.580.271.697.990
8/06/2023;8.756.375.122.070.310;8.811.027.483.435.800;8.673.898.871.977.340;8.755.381.222.227.750;4840700;-0.0010206378722624051;4.238.698.505.340.570
9/06/2023;8.710.664.367.675.780;8.826.925.614.934.690;8.665.947.978.490.800;8.808.045.311.181.700;7334300;-0.00523395607738566;6.388.662.567.184.440
12/06/2023;8.805.065.155.029.290;8.961.074.064.983.960;8.718.614.068.064.570;878.817.264.917.794;7391100;0.010779077314851247;6.507.911.706.733.700
13/06/2023;8.966.043.090.820.310;9.033.613.874.496.980;8.835.869.506.339.350;8.840.838.247.335.170;8260600;0.018117310049742104;7.406.489.555.603.020
14/06/2023;883.288.803.100.586;9.027.650.687.917.710;8.727.557.399.748.270;899.386.567.718.354;7813000;-0.014962420277599128;6.901.135.418.624.870
15/06/2023;886.269.760.131.836;8.897.476.506.488.760;8.735.505.743.481.850;8.781.215.270.009.140;6896000;0.003369156481144876;6.111.716.265.869.140
16/06/2023;871.165.771.484.375;895.212.989.641.918;8.694.765.210.099.440;8.928.281.609.831.730;7856700;-0.017189092021214304;6.844.488.116.821.280
20/06/2023;8.708.975.982.666.010;8.761.643.105.804.810;8.583.766.849.633.600;8.679.164.031.608.490;7364800;-0.00030787998249467145;6.413.986.631.713.860
21/06/2023;8.661.276.245.117.180;8.724.874.355.231.320;8.534.079.266.739.630;8.670.219.373.969.510;6781700;-0.0054921318150778385;5.873.817.711.151.120
22/06/2023;8.604.634.094.238.280;8.694.069.180.760.570;8.574.822.904.163.740;8.647.364.149.012.850;4725300;-0.00656117783131364;4.065.947.748.550.410
23/06/2023;845.855.941.772.461;8.552.962.676.348.630;8.442.659.506.548.200;8.547.000.588.732.230;7666600;-0.01712202877442247;6.484.839.163.192.740
26/06/2023;8.264.781.188.964.840;8.434.707.467.402.270;8.245.900.996.793.550;8.415.827.275.230.980;7183300;-0.02317562101762269;5.936.840.271.469.110
27/06/2023;8.239.938.354.492.180;8.284.656.276.113.590;8.151.497.203.163.440;826.975.030.223.979;7836500;-0.0030103938656695422;6.457.227.691.497.800
28/06/2023;8.345.274.353.027.340;834.626.752.876.246;818.429.118.045.679;8.239.939.347.599.950;5504300;0.012702570267346294;4.593.489.362.136.840
29/06/2023;8.210.126.495.361.320;8.342.290.865.619.450;8.196.214.456.386.780;8.316.454.655.037.740;6458100;-0.016327102090176657;53.021.817.919.692.900
30/06/2023;826.776.351.928.711;8.340.305.530.642.790;8.217.084.262.877.060;8.270.745.320.972.480;5054100;0.006995708666225858;4.178.610.360.282.890
3/07/2023;8.241.926.574.707.030;8.299.561.846.989.730;8.198.202.584.979.340;82.627.946.357.636;3696400;-0.0031299152831255417;3.046.545.739.074.700
5/07/2023;8.248.883.056.640.620;8.296.581.267.967.720;8.184.291.002.242.000;823.596.419.087.126;4866300;0.0008436799043513536;40.141.539.618.530.200
6/07/2023;8.120.691.680.908.200;8.191.245.811.752.590;8.032.250.533.923.730;8.174.352.729.328.430;6326400;-0.015662471183437394;51.374.743.850.097.600
7/07/2023;8.126.654.815.673.820;8.232.982.992.520.340;8.103.799.644.303.210;8.135.598.703.972.740;4560600;0.0007340441757223259;3.706.242.195.236.200
10/07/2023;83.701.171.875;8.388.004.206.235.140;810.181.190.647.278;8.123.673.902.499.000;7450600;0.029518508200075955;623.623.951.171.875
11/07/2023;8.330.366.516.113.280;8.361.171.636.306.290;8.263.787.365.564.200;8.338.316.469.114.460;6084700;-0.004760430555222363;5.068.778.114.059.440
12/07/2023;8.424.771.118.164.060;8.475.451.129.126.330;8.359.185.890.579.970;8.465.514.065.328.670;5869700;0.011268854141694928;494.508.790.322.876
13/07/2023;841.483.383.178.711;8.487.375.836.075.070;8.399.927.857.410.200;8.446.632.889.988.140;4414600;-0.001180228106299371;37.148.125.433.807.300
14/07/2023;8.388.997.650.146.480;8.453.589.706.430.080;828.068.235.856.198;8.453.589.706.430.080;5012000;-0.0030750370267629804;4.204.565.622.253.410
17/07/2023;852.215.576.171.875;8.628.483.931.461.540;8.425.764.655.305.780;846.253.262.359.043;8746300;0.015748288759202506;745.373.309.387.207
18/07/2023;8.504.269.409.179.680;8.615.565.740.211.920;8.490.357.367.800.650;8.527.124.580.809.780;5447000;-0.002101011684966383;4.632.275.547.180.170
19/07/2023;852.215.576.171.875;8.623.515.020.721.960;8.510.230.830.833.350;8.546.998.799.117.990;5443900;0.002101011684966256;46.393.763.751.220.700
20/07/2023;8.380.054.473.876.950;8.517.187.782.383.350;8.359.186.411.157.460;8.490.357.632.643.840;6492500;-0.01681491757653499;5.440.750.367.164.610
21/07/2023;8.443.651.580.810.540;8.514.205.715.279.840;8.363.160.383.119.390;8.436.695.560.740.310;5811200;0.00756045186037894;4.906.774.806.640.620
24/07/2023;8.289.624.786.376.950;8.481.413.071.184.850;8.251.863.641.329.820;8.454.582.923.573.610;6626300;-0.01841015966491599;549.295.407.219.696
25/07/2023;8.263.787.841.796.870;8.341.297.992.652.080;8.249.875.044.168.400;8.285.649.076.586.080;4973500;-0.003121648223421855;4.109.994.883.117.670
26/07/2023;82.528.564.453.125;8.281.673.698.444.530;8.210.126.395.226.350;82.528.564.453.125;4680900;-0.001323682691285444;3.863.079.573.486.320
27/07/2023;8.125.659.942.626.950;8.303.536.172.707.480;8.089.886.668.014.280;8.303.536.172.707.480;7208500;-0.015532427590995915;5.857.381.969.642.630
28/07/2023;832.837.905.883.789;8.352.228.919.015.680;8.183.295.821.094.760;819.820.179.416.856;8988400;0.024641897842479398;748.588.023.324.585
31/07/2023;8.376.079.559.326.170;839.098.553.513.748;8.299.562.570.631.180;8.343.286.564.171.170;4838100;0.00571112554226681;4.052.431.051.597.590
1/08/2023;827.770.004.272.461;8.320.430.095.715.280;8.213.107.996.369.030;831.148.620.836.178;6814700;-0.011814814816604832;564.100.424.811.554
2/08/2023;8.154.478.454.589.840;8.257.825.582.432.070;8.103.799.203.533.520;8.212.114.484.027.700;5613800;-0.014997877231815872;45.777.611.148.376.400
3/08/2023;8.075.975.799.560.540;8.186.278.967.235.910;8.072.001.579.992.500;8.115.724.818.586.260;5236300;-0.009673576102842965;4.228.823.207.923.880
4/08/2023;807.100.601.196.289;8.177.334.180.393.440;8.062.062.124.371.880;8.124.667.063.060.920;5883800;-0.0006155686322803289;47.488.185.173.187.200
7/08/2023;781.959.457.397.461;8.059.081.056.577.650;7.804.688.600.134.740;8.049.143.993.400.850;9728800;-0.031645426773515624;7.607.527.169.128.410
8/08/2023;7.883.192.443.847.650;7.912.010.456.872.060;7.780.839.255.813.980;781.959.433.170.733;8215600;0.008100245840811001;647.651.558.416.748
9/08/2023;7.876.237.487.792.960;7.975.609.646.202.140;7.825.557.474.722.450;7.915.986.502.786.510;6415400;-0.0008826406204260331;5.052.921.397.918.700
10/08/2023;7.943.809.509.277.340;8.046.162.697.263.790;7.873.255.377.346.380;7.889.154.526.299.480;7304100;0.008542633587332598;5.802.237.903.671.260
11/08/2023;7.936.853.790.283.200;8.001.445.080.424.270;7.890.148.759.086.300;7.919.959.948.809.260;4316300;-0.0008759986038034276;3.425.784.201.499.930
14/08/2023;7.952.753.448.486.320;797.461.544.390.436;7.778.852.177.123.920;7.873.256.179.324.570;6561500;0.002001265767089182;5.218.199.175.224.300
15/08/2023;7.931.884.002.685.540;797.858.902.871.901;7.856.360.965.734.640;7.943.808.932.145.970;5217600;-0.0026276278413735646;4.138.539.797.241.210
16/08/2023;7.758.977.508.544.920;792.194.777.083.875;7.734.134.471.510.500;789.511.686.627.796;7103600;-0.02204002543191001;5.511.667.262.969.970
17/08/2023;7.646.686.553.955.070;7.777.857.760.166.120;7.642.712.335.170.820;7.777.857.760.166.120;6465300;-0.014578137342159434;49.438.122.577.285.700
18/08/2023;7.704.322.814.941.400;775.500.282.468.853;7.543.340.414.090.720;7.569.176.627.715.310;6872600;0.007509152060397046;5.294.872.897.796.630
21/08/2023;778.978.271.484.375;7.847.418.743.333.420;7.634.762.404.705.350;769.836.051.953.902;5762600;0.011031390793379265;44.889.401.872.558.500
22/08/2023;7.787.796.783.447.260;7.858.350.929.070.890;7.720.223.681.446.550;7.811.645.890.580.030;5176000;-0.0002549730408964924;40.309.636.151.123.000
23/08/2023;783.648.910.522.461;793.486.733.770.724;7.827.545.216.008.290;7.846.426.170.237.590;4803700;0.006232922229255448;37.644.142.714.767.400
24/08/2023;7.733.140.563.964.840;7.844.437.643.190.110;7.708.297.526.846.200;7.834.499.821.823.190;5394700;-0.01327585323069089;4.171.797.340.042.110
25/08/2023;781.959.457.397.461;7.868.286.714.245.470;7.680.473.415.051.390;7.756.989.635.477.030;6600700;0.011117645832995102;51.614.797.904.434.200
28/08/2023;7.843.444.061.279.290;7.930.891.282.926.020;7.796.739.028.097.170;786.729.316.570.125;4429300;0.00304532297873127;3.474.096.678.062.430
29/08/2023;7.879.218.292.236.320;7.919.960.481.710.540;7.783.821.114.035.180;7.836.488.235.090.560;5864100;0.004550666024457596;4.620.452.398.750.300
30/08/2023;7.917.972.564.697.260;793.585.958.117.016;785.139.340.932.844;7.884.185.641.070.990;5459800;0.004906486293436095;4.323.054.660.873.410
31/08/2023;7.870.274.353.027.340;7.964.678.354.930.510;7.864.312.266.350.070;7.935.860.339.074.760;5015900;-0.006042261314498271;39.476.509.127.349.800
1/09/2023;8.062.062.072.753.900;8.071.005.960.287.640;7.923.934.848.055.100;7.923.934.848.055.100;7991900;0.02407644165395787;6.443.119.387.924.190
5/09/2023;791.499.252.319.336;8.077.962.801.390.920;7.901.080.481.748.400;8.034.238.809.335.680;6794900;-0.018410615394113573;5.378.158.269.584.650
6/09/2023;793.884.048.461.914;797.362.058.321.891;7.838.474.407.388.980;7.925.922.378.896.160;5194800;0.0030084812172892924;4.124.068.854.949.950
7/09/2023;782.655.029.296.875;7.894.123.381.380.890;7.787.795.217.365.380;7.872.261.388.343.240;5004600;-0.014245392602084388;39.168.753.596.191.400
8/09/2023;7.815.619.659.423.820;7.873.255.687.718.130;7.772.889.605.088.300;7.824.562.788.909.490;4977800;-0.0013975855469380023;3.890.459.154.067.990
11/09/2023;7.833.507.537.841.790;7.871.268.685.626.470;779.276.458.841.805;7.850.400.623.049.460;5223000;0.0022861193449529487;40.914.409.870.147.700
12/09/2023;786.331.787.109.375;7.935.859.873.390.940;7.811.644.687.241.130;7.826.550.661.208.970;6200100;0.0037982672692577395;4.875.335.713.256.830
13/09/2023;7.779.845.428.466.790;7.981.570.764.246.850;7.774.876.517.889.730;788.120.468.415.481;6953400;-0.010672168190793615;5.409.637.720.230.100
14/09/2023;7.771.896.362.304.680;7.831.519.505.291.470;7.727.179.194.601.940;7.809.657.509.294.790;5145600;-0.0010222735126796058;39.991.069.921.875
15/09/2023;7.662.586.212.158.200;778.282.641.742.361;762.482.506.974.281;7.762.952.291.552.200;8027900;-0.014164644296008456;6.151.447.585.258.480
18/09/2023;7.547.315.216.064.450;769.538.027.969.099;7.511.541.177.967.380;7.650.662.352.994.940;7252800;-0.015157652879109617;5.473.916.779.907.220
19/09/2023;7.551.287.841.796.870;7.573.149.831.397.850;7.502.595.711.053.260;7.555.262.817.919.700;7411300;0.0005262242882829193;5.596.485.958.190.910
20/09/2023;7.387.324.523.925.780;7.574.144.632.347.310;7.381.362.438.133.350;7.572.156.764.983.660;9377400;-0.021952494443479766;6.927.389.699.066.160
21/09/2023;7.323.728.942.871.090;7.354.534.832.446.690;7.236.281.702.418.280;7.314.785.811.095.590;10706000;-0.008646012654897627;7.840.784.206.237.790
22/09/2023;725.019.302.368.164;73.754.021.631.081;7.235.287.047.391.670;7.348.571.254.156.270;10313000;-0.010091524220455613;7.477.124.065.322.870
25/09/2023;7.142.870.330.810.540;7.209.450.251.808.040;7.114.052.314.469.710;7.204.481.340.727.090;7223200;-0.014913389783655626;5.159.438.097.351.070
26/09/2023;7.275.035.095.214.840;7.403.225.261.185.090;721.143.697.912.641;721.739.906.558.803;12772500;0.018333934445830057;9.292.038.575.363.150
27/09/2023;7.352.545.166.015.620;7.429.062.146.077.140;7.265.097.946.951.790;7.333.664.973.057.690;9762600;0.010597897243411997;7.177.995.743.774.410
28/09/2023;7.330.683.135.986.320;7.354.532.997.736.960;7.213.423.969.235.040;7.354.532.997.736.960;10428800;-0.0029778255482607666;7.645.022.828.857.420
29/09/2023;7.256.156.158.447.260;7.421.114.339.077.410;7.235.288.091.888.550;7.393.290.250.332.460;10415700;-0.010218474958874698;7.557.794.569.953.910
2/10/2023;702.064.208.984.375;7.252.179.366.152.560;6.990.830.143.534.290;7.252.179.366.152.560;11773900;-0.032995554222024034;8.266.033.790.161.130
3/10/2023;701.070.556.640.625;7.041.510.690.652.820;6.925.245.455.771.220;6.986.855.704.264.370;11448800;-0.0014163322500426124;8.026.416.588.867.180
4/10/2023;6.944.124.603.271.480;7.015.672.662.624.410;6.865.620.524.711.970;6.995.798.538.648.250;12868500;-0.00954242617807678;893.604.674.571.991
5/10/2023;7.169.700.622.558.590;7.192.555.792.011.790;6.910.339.255.889.680;6.919.282.385.288.930;13608900;0.03196797834730269;9.757.173.880.233.760
6/10/2023;717.765.121.459.961;7.222.368.381.870.880;7.074.304.080.616.630;7.114.052.336.791.370;9677800;0.001108301092087982;694.638.729.246.521
9/10/2023;7.121.009.063.720.700;7.139.889.257.821.370;700.076.808.777.491;7.117.034.086.502.300;9387400;-0.007922762841066418;6.684.776.048.477.170
10/10/2023;7.164.732.360.839.840;7.203.487.441.378.780;7.051.448.162.626.110;706.933.518.119.404;9503300;0.006121269081581292;6.808.860.104.476.920
11/10/2023;7.087.220.764.160.150;7.250.191.007.812.160;7.022.628.723.629.350;7.179.636.881.682.870;9061100;-0.010877436973566775;6.421.801.606.613.150
12/10/2023;6.828.853.607.177.730;7.088.214.954.181.980;6.805.004.505.771.950;7.077.283.958.089.900;12711400;-0.03713645710772601;8.680.428.974.227.900
13/10/2023;6.916.300.201.416.010;6.931.206.172.772.240;6.788.110.060.791.140;6.851.708.164.305.140;12892000;0.012724160861966849;8.916.494.219.665.520
16/10/2023;697.691.879.272.461;7.043.497.953.484.620;6.827.860.562.763.720;6.917.295.652.370.120;9651200;0.008726411929515942;6.733.563.865.234.370
17/10/2023;698.586.196.899.414;7.102.127.194.561.910;6.915.307.080.163.140;6.926.238.076.565.170;9660100;0.001281002351194241;674.841.252.066.803
18/10/2023;6.805.998.992.919.920;6.953.070.122.588.280;6.781.155.953.041.100;6.950.089.079.106.720;9369300;-0.026083959848605037;6.376.744.636.436.460
19/10/2023;6.666.876.983.642.570;6.821.898.048.627.910;6.648.990.724.991.630;6.809.973.118.044.630;12490800;-0.02065289617459824;8.327.462.702.728.270
20/10/2023;6.649.984.741.210.930;6.747.369.791.244.720;661.619.857.084.476;6.671.846.737.635.830;9210200;-0.0025369718242706065;6.124.768.946.350.090
23/10/2023;6.504.900.360.107.420;6.612.222.456.013.320;6.496.950.406.747.880;658.042.340.072.446;10621800;-0.022058765694831572;6.909.375.064.498.900
24/10/2023;6.666.876.983.642.570;6.690.726.844.809.130;6.563.530.617.851.440;6.563.530.617.851.440;8836600;0.024595737519102205;58.912.525.153.656
25/10/2023;6.508.875.274.658.200;6.615.203.435.841.910;6.504.900.298.016.370;658.837.329.119.618;7727800;-0.023984859510144854;5.029.928.634.750.360
26/10/2023;6.576.448.059.082.030;6.622.159.151.138.690;6.480.056.964.857.430;6.517.818.103.995.740;10562700;0.010328118513426047;6.946.504.791.366.570
27/10/2023;63.717.430.114.746.000;6.598.311.409.257.930;6.364.786.990.775.970;6.598.311.409.257.930;14361300;-0.03162173060824726;9.150.651.291.069.030
30/10/2023;6.478.070.068.359.370;6.533.718.224.316.120;6.419.440.111.348.420;6.432.358.974.802.140;9575600;0.016549576717756507;6.203.140.774.658.200
31/10/2023;6.581.417.846.679.680;6.596.323.062.702.320;6.339.943.112.096.820;640.453.478.233.451;16209700;0.015827563296481308;10.668.280.886.932.300
1/11/2023;6.717.556.762.695.310;672.252.567.314.018;6.569.492.480.859.590;6.605.266.513.244.620;13408500;0.02047431110113299;900.723.598.526.001
2/11/2023;6.783.142.852.783.200;6.832.828.925.450.220;6.750.349.862.867.130;6.794.073.849.421.890;12267900;0.009716030710384847;8.321.491.820.365.900
3/11/2023;7.101.133.728.027.340;7.162.744.733.787.620;6.891.458.431.465.780;690.238.942.858.695;21082600;0.04581390914818213;14.971.036.193.450.900
6/11/2023;6.944.124.603.271.480;7.152.806.695.767.270;6.927.231.522.076.820;7.131.937.879.998.300;11110600;-0.022358530087058112;7.715.339.081.710.810
7/11/2023;7.107.095.336.914.060;711.703.315.773.788;6.917.294.937.937.840;696.797.494.317.203;12723200;0.02319770704701919;90.424.995.390.625
8/11/2023;6.899.409.484.863.280;7.122.996.857.363.760;6.870.591.465.874.170;7.103.122.727.512.390;11677800;-0.029657802226585945;8.056.992.408.233.640
9/11/2023;6.617.190.551.757.810;6.963.999.872.151.290;6.597.316.426.677.920;6.960.024.895.505.450;12529200;-0.04176493411812975;8.290.810.386.108.390
10/11/2023;6.652.965.545.654.290;667.582.147.513.622;6.508.876.222.611.950;665.694.052.287.504;10564700;0.005391810059138333;7.028.658.510.017.390
13/11/2023;6.685.758.209.228.510;6.685.758.209.228.510;6.458.195.892.077.590;6.594.336.012.110.490;11836700;0.00491692162509894;7.913.731.419.517.510
14/11/2023;7.046.479.034.423.820;7.052.441.120.404.840;691.928.205.435.102;6.925.244.898.481.310;18577900;0.052548440724193596;13.090.878.285.362.200
15/11/2023;706.535.873.413.086;7.285.964.997.859.330;7.016.666.599.661.260;7.041.509.633.718.090;15130200;0.0026757267594475975;10.690.029.071.914.600
16/11/2023;696.896.743.774.414;7.104.113.599.729.620;688.847.625.235.176;7.086.226.585.403.630;11621000;-0.013736721084369304;8.098.637.059.402.460
17/11/2023;7.220.381.164.550.780;7.242.242.401.860.830;7.001.761.968.105.880;7.030.579.984.107.000;13854700;0.03544067438292859;10.003.621.492.050.100
20/11/2023;7.302.859.497.070.310;7.404.219.520.266.960;7.198.519.188.661.260;7.234.293.225.301.330;10967900;0.011358238997387634;8.009.703.267.791.740
21/11/2023;7.154.793.548.583.980;7.296.895.728.555.440;715.280.643.951.725;7.238.265.776.072.510;9993900;-0.020483424936765436;7.150.429.124.519.340
22/11/2023;7.234.293.365.478.510;7.293.916.508.317.470;7.160.757.423.099.380;7.245.224.363.449.750;7312600;0.011050127963453133;52.901.493.664.398.100
24/11/2023;7.319.752.502.441.400;7.406.205.782.641.560;7.232.304.530.368.590;7.232.304.530.368.590;4723000;0.011743829850341432;3.457.119.106.903.070
27/11/2023;7.277.023.315.429.680;7.303.853.463.956.450;7.153.801.296.156.600;7.295.903.509.522.820;7398700;-0.005854622910671263;5.384.051.240.386.960
28/11/2023;7.257.147.979.736.320;7.271.060.020.058.570;7.164.731.850.081.750;7.249.198.025.795.230;8702600;-0.002734981951002132;6.315.605.600.845.330
29/11/2023;733.863.296.508.789;7.490.672.229.952.960;7.298.883.954.328.880;731.776.490.502.301;10526700;0.011165669344269102;772.515.876.335.907
30/11/2023;7.504.584.503.173.820;7.670.536.571.387.830;7.472.785.445.208.440;7.514.522.324.784.350;13445600;0.02236152014215691;10.090.364.139.587.400
1/12/2023;7.734.134.674.072.260;7.735.127.849.712.140;737.341.328.166.945;7.506.572.357.899.090;12766900;0.030129505398599325;9.874.092.397.041.320
4/12/2023;7.869.280.242.919.920;7.888.160.434.539.150;7.672.523.066.290.690;771.525.311.808.572;12907000;0.017322996172274046;10.156.880.009.536.700
5/12/2023;7.830.525.207.519.530;7.894.123.318.678.830;7.741.090.126.780.100;7.791.770.132.223.990;10916000;-0.0049370183905936196;854.780.131.652.832
6/12/2023;7.904.061.889.648.430;8.014.365.050.583.570;7.809.657.880.462.360;788.319.382.651.874;11062900;0.00934720651822399;874.418.462.789.917
7/12/2023;8.001.445.007.324.210;8.029.269.845.553.830;7.906.047.836.413.490;7.946.790.780.923.440;10164700;0.012245360701484142;8.133.228.806.594.840
8/12/2023;7.882.198.333.740.230;806.206.166.953.589;7.872.261.271.093.650;797.063.948.014.854;9324800;-0.015015309958374742;7.349.992.302.246.090
11/12/2023;783.648.910.522.461;7.875.244.189.479.870;7.702.336.832.175.660;7.869.282.102.101.970;9709000;-0.00581592547544277;7.608.447.272.262.570
12/12/2023;7.957.722.473.144.530;797.362.162.394.419;7.729.166.209.973.010;7.841.457.232.014.830;8504800;0.015351921600831979;6.767.883.808.959.960
13/12/2023;8.342.292.022.705.070;8.350.241.976.978.700;7.947.785.208.280.970;7.959.709.381.542.040;15700900;0.04719516402860418;13.098.149.281.929.000
14/12/2023;8.494.332.122.802.730;8.528.118.291.510.750;8.354.217.020.673.950;8.473.463.303.130.860;17650000;0.018061130518100172;14.992.496.196.746.800
15/12/2023;8.518.180.847.167.960;8.624.509.017.689.800;841.383.978.606.692;853.209.288.756.153;10971400;0.0028036704547261745;9.345.636.934.661.860
18/12/2023;8.384.403.228.759.760;851.559.585.113.023;8.340.672.101.878.570;8.478.821.880.046.210;8192600;-0.01582958099738518;6.869.006.189.193.720
19/12/2023;8.597.095.489.501.950;8.617.966.959.813.160;8.449.007.004.947.260;8.464.908.752.591.090;9867400;0.025051190980195995;8.483.098.003.311.150
20/12/2023;821.544.418.334.961;8.577.217.840.356.970;8.207.492.930.646.030;8.557.339.708.598.040;12235300;-0.045408592615195545;10.051.842.421.653.700
21/12/2023;8.415.214.538.574.210;8.464.908.732.034.470;8.323.777.404.592.910;835.955.728.454.616;9554800;0.024025502277317874;8.040.569.187.316.890
22/12/2023;8.708.409.881.591.790;8.769.036.852.334.150;8.547.400.437.579.980;8.567.277.809.706.950;13208600;0.03424788971102392;1.150.259.027.619.930
26/12/2023;8.891.284.942.626.950;893.302.788.286.495;8.760.092.303.112.380;8.825.689.002.006.270;10117500;0.020782365250622523;899.575.754.070.282
27/12/2023;9.027.447.509.765.620;9.044.343.353.825.650;8.901.223.831.733.070;8.980.734.845.845.220;10041600;0.015198082611288948;906.500.169.140.625
28/12/2023;9.030.428.314.208.980;9.145.718.441.303.750;8.947.935.776.396.390;904.434.262.681.916;10621300;0.00033013899303422067;9.591.488.825.370.780
29/12/2023;8.874.388.885.498.040;9.018.501.738.780.010;8.871.407.355.306.070;9.016.514.304.743.100;9038400;-0.01743032364520477;8.021.027.650.268.550
2/01/2024;8.967.814.636.230.460;9.116.897.219.117.370;873.822.694.295.884;8.788.915.233.456.890;11785600;0.01047254107180666;10.569.107.617.675.700
3/01/2024;8.766.053.771.972.650;8.922.093.479.716.470;8.707.414.998.705.450;8.902.216.109.385.610;11249900;-0.022755279961043175;9.861.722.832.931.510
4/01/2024;8.890.290.832.519.530;8.954.893.435.133.240;8.758.104.855.306.300;8.802.829.325.737.910;9405400;0.014073027430456698;836.167.413.961.792
5/01/2024;8.875.382.995.605.460;8.898.241.899.295.300;8.642.813.782.714.680;8.793.884.551.046.330;11413500;-0.0016782746950567626;10.129.918.382.034.300
8/01/2024;9.284.862.518.310.540;929.281.377.090.223;8.698.470.909.454.590;879.090.213.558.166;21270500;0.045103898970881906;19.749.366.819.572.400
9/01/2024;9.302.752.685.546.870;937.431.244.407.983;9.143.731.421.180.970;9.191.438.179.627.340;12928500;0.001924956221052539;12.027.063.809.509.200
10/01/2024;9.196.407.318.115.230;9.370.336.995.182.320;9.098.013.027.405.200;9.316.667.175.265.980;13334500;-0.011497445170687483;1.226.294.933.834.070
11/01/2024;8.991.667.175.292.960;9.111.927.028.318.120;887.438.885.244.868;9.094.037.088.959.730;16280100;-0.022514619843522703;14.638.524.078.048.700
12/01/2024;8.986.697.387.695.310;920.634.562.261.488;8.963.838.484.292.160;9.057.263.048.466.220;10300800;-0.000552863160253777;9.257.017.245.117.180
16/01/2024;8.851.528.930.664.060;8.909.174.373.378.570;8.770.030.488.929.910;8.904.204.651.040.950;10901000;-0.0151552112567736;9.649.051.687.316.890
17/01/2024;8.779.969.787.597.650;8.793.884.859.458.730;8.658.716.591.799.660;874.717.219.601.098;9087000;-0.008117238032467637;797.835.854.598.999
18/01/2024;8.652.751.922.607.420;8.823.700.053.628.320;8.558.333.267.072.290;8.823.700.053.628.320;11942200;-0.01459555490354131;10.333.289.401.016.200
19/01/2024;86.517.578.125;8.703.439.430.666.610;854.739.972.188.864;8.677.598.242.446.760;13253000;-0.00011489607318932284;1.146.617.462.890.620
22/01/2024;884.655.990.600.586;8.866.437.278.673.870;8.679.587.397.465.760;8.715.367.274.886.720;10794700;0.022266156650011925;9.549.596.021.736.140
23/01/2024;8.868.424.987.792.960;8.979.739.481.907.010;8.721.329.859.933.960;8.935.015.016.703.780;9311300;0.0024685420869913527;8.257.656.558.883.660
24/01/2024;8.718.348.693.847.650;8.985.703.674.982.170;8.714.373.067.710.080;8.970.795.266.534.580;11295900;-0.017067364336742486;9.848.159.501.083.370
25/01/2024;8.795.870.971.679.680;8.898.240.874.094.180;8.752.139.845.105.290;8.809.785.283.176.420;10104700;0.008852553591548889;8.887.963.740.753.170
26/01/2024;8.770.030.212.402.340;89.181.194.407.347;8.742.201.588.044.700;8.839.602.531.569.570;8264800;-0.0029421522581623673;7.248.254.569.946.280
29/01/2024;902.446.517.944.336;9.038.379.491.938.540;8.673.623.562.177.230;8.763.073.255.555.660;11009000;0.028598991217616228;9.935.033.716.049.190
30/01/2024;8.822.705.841.064.450;8.984.709.379.922.040;8.765.061.159.029.080;8.982.721.187.760.710;10848600;-0.022610634896454034;9.571.400.658.737.180
31/01/2024;86.895.263.671.875;89.638.385.169.365;86.895.263.671.875;8.803.823.159.439.010;15669600;-0.015210173079651586;13.616.140.236.328.100
1/02/2024;8.842.584.991.455.070;8.909.175.029.352.470;8.670.642.746.773.750;8.754.129.386.899.250;11745700;0.01746081915963156;10.386.235.053.413.300
2/02/2024;8.743.196.105.957.030;8.783.944.948.368.620;8.619.954.724.310.290;8.757.110.418.807.150;15486500;-0.011303443750439098;13.540.150.649.490.300
5/02/2024;878.692.626.953.125;8.822.705.385.583.630;8.586.161.334.896.820;8.664.678.239.207.010;11164600;0.004989155619937236;9.810.251.702.880.850
6/02/2024;8.921.102.142.333.980;8.933.028.263.897.420;8.675.612.696.510.000;8.737.233.771.589.650;9819300;0.015154531896250628;8.759.897.826.622.000
7/02/2024;875.313.491.821.289;8.910.168.746.374.210;874.617.776.168.793;89.002.300.596.633;10885800;-0.01900758494575125;9.528.487.609.268.180
8/02/2024;8.867.432.403.564.450;8.920.108.129.691.830;8.747.172.540.942.450;8.778.976.795.865.020;8545600;0.012973372123824115;7.577.753.034.790.030
9/02/2024;9.048.318.481.445.310;9.076.147.107.368.160;8.885.321.593.948.750;894.097.884.579.445;8492000;0.020193652598193293;7.683.832.054.443.350
12/02/2024;9.253.059.387.207.030;9.264.986.267.539.470;9.015.521.184.733.770;9.062.233.851.527.580;9732500;0.022375304110254502;9.005.540.048.599.240
13/02/2024;8.817.737.579.345.700;8.985.704.191.515.860;8.735.245.038.363.760;8.959.862.999.272.790;17368600;-0.04818891456728392;15.315.175.692.062.300
14/02/2024;9.058.258.056.640.620;9.088.074.877.781.730;8.884.328.369.288.420;8.953.899.940.920.000;9983900;0.02691150725412053;9.043.674.261.169.430
15/02/2024;9.269.954.681.396.480;9.310.704.284.738.970;9.109.940.073.183.800;9.151.683.014.456.670;10686000;0.023101656737403456;9.905.873.572.540.280
16/02/2024;9.258.027.648.925.780;936.139.165.400.511;9.151.682.113.802.270;9.197.400.677.117.010;11007300;-0.0012874617328043258;10.190.588.774.002.000
20/02/2024;9.181.498.718.261.710;9.326.605.669.130.920;910.795.152.579.885;9.218.272.693.629.750;8947500;-0.00830057871777482;8.215.145.978.164.670
21/02/2024;919.044.418.334.961;9.232.187.123.523.120;9.075.153.291.510.510;9.139.755.894.125.640;6704900;0.0009738181576906665;616.210.092.049.408
22/02/2024;9.357.416.534.423.820;9.439.909.075.386.540;9.164.602.826.215.360;9.220.260.078.781.430;10809600;0.01800497257718932;10.114.992.977.050.700
23/02/2024;9.417.049.407.958.980;9.491.590.696.148.630;9.342.508.119.769.330;9.384.251.059.169.970;8854700;0.006352572079468863;8.338.514.739.265.440
26/02/2024;9.674.464.416.503.900;9.693.348.451.100.050;9.388.226.158.890.820;9.407.110.193.486.970;12172200;0.02696806672492741;11.775.951.577.056.800
27/02/2024;10.226.070.404.052.700;10.258.868.751.587.400;9.827.522.786.123.400;9.922.935.540.364.620;23103300;0.0554505015264386;23.625.597.236.595.100
28/02/2024;10.090.901.947.021.400;1.028.868.460.790.510;10.051.146.443.969.800;10.163.455.796.961.200;16741400;-0.0133061608818193;16.893.582.585.586.500
29/02/2024;9.781.804.656.982.420;1.025.290.614.722.590;9.776.835.692.702.810;1.020.619.348.501.300;20721700;-0.031110228283025367;20.269.562.156.059.200
1/03/2024;10.090.901.947.021.400;10.219.113.046.269.600;985.038.225.305.515;9.883.180.599.943.230;16319200;0.031110228283025346;164.675.447.053.833
4/03/2024;10.011.392.974.853.500;10.282.722.858.078.200;993.983.321.189.698;10.281.728.761.850.100;13935200;-0.007910478588355164;1.395.107.633.831.780
5/03/2024;9.885.167.694.091.790;10.087.920.070.240.100;9.811.620.508.851.840;9.958.714.879.331.750;13539400;-0.012688320992906689;13.383.923.947.738.600
6/03/2024;9.950.765.991.210.930;10.032.264.441.592.600;9.872.249.071.238.880;10.000.460.186.767.400;9390300;0.006614111269057238;9.344.067.788.726.800
7/03/2024;9.818.578.338.623.040;9.994.495.440.940.990;9.814.602.712.354.370;9.968.655.007.604.390;7479800;-0.01337319239710337;7.344.100.225.723.260
8/03/2024;9.834.480.285.644.530;10.084.939.437.757.600;9.732.110.371.529.910;994.579.554.861.407;11121000;0.0016182672423485343;10.936.925.525.665.200
11/03/2024;9.623.777.770.996.090;990.305.889.801.839;9.588.991.986.926.750;9.808.640.232.933.990;9126400;-0.02165771981491073;8.783.044.544.921.870
12/03/2024;9.561.161.041.259.760;9.633.714.886.142.490;9.482.644.895.003.610;9.605.886.263.427.940;10485600;-0.006527719759378331;1.002.545.102.142.330
13/03/2024;9.650.611.114.501.950;9.689.372.520.305.610;9.529.357.175.004.090;9.567.125.243.008.870;6543900;0.009312073753791004;6.315.263.407.218.930
14/03/2024;9.387.232.208.251.950;9.641.666.977.235.000;9.238.149.637.925.410;9.595.948.413.327.640;16208200;-0.027670751007963484;1.521.501.370.777.890
15/03/2024;9.413.072.967.529.290;95.194.184.991.519;9.320.641.747.836.890;9.342.507.311.805.240;12508200;0.002748974052138498;11.774.059.929.244.900
18/03/2024;9.238.150.787.353.510;9.466.744.393.605.520;9.227.218.003.507.430;939.916.025.631.762;11472200;-0.018757729931737542;105.981.913.462.677
19/03/2024;932.760.009.765.625;940.412.958.134.061;9.158.640.140.722.290;9.207.340.238.711.190;10926800;0.00963602312577099;10.192.082.074.707.000
20/03/2024;9.457.798.767.089.840;9.501.529.139.414.610;9.195.412.741.775.350;9.292.813.689.487.180;13234500;0.013861910007682858;12.516.923.778.305.000
21/03/2024;9.461.772.918.701.170;9.689.372.386.567.930;9.457.798.051.014.280;9.590.978.108.445.430;9802000;0.00042011010986717863;9.274.429.814.910.880
22/03/2024;929.877.700.805.664;94.796.638.374.551;9.292.813.947.636.060;946.376.209.024.249;10423100;-0.017376890627492755;9.692.208.263.267.510
25/03/2024;9.210.321.044.921.870;938.922.043.324.715;9.193.425.202.211.470;9.279.893.366.280.880;8751000;-0.009558179044309948;8.059.951.946.411.130
26/03/2024;9.212.310.028.076.170;938.822.714.313.817;9.209.328.497.726.960;9.330.581.695.476.160;10801400;0.00021592824110129336;9.950.584.553.726.190
27/03/2024;9.432.952.880.859.370;943.394.621.884.708;9.188.456.763.241.250;929.778.460.375.069;12279400;0.023668548318343276;1.158.310.016.052.240
28/03/2024;9.430.963.897.705.070;9.530.352.283.819.170;9.348.471.355.244.800;9.461.774.054.753.020;10295300;-0.0002108770076772021;9.709.460.261.604.300
1/04/2024;932.760.009.765.625;9.396.178.328.284.760;9.184.481.334.017.170;9.376.300.195.645.150;11690600;-0.011020549997514655;10.904.524.170.166.000
2/04/2024;901.253.890.991.211;9.161.621.489.525.820;8.981.728.752.772.700;9.153.670.236.627.520;14841800;-0.03436093758261047;13.376.229.999.313.300
3/04/2024;9.048.318.481.445.310;9.085.092.456.142.320;8.907.187.159.537.610;89.558.872.549.026;9102300;0.003962117364048386;8.236.050.931.365.960
4/04/2024;8.894.266.510.009.760;9.193.425.766.176.990;8.874.389.135.986.770;9.120.871.910.273.980;10070300;-0.01717208050737769;8.956.793.203.575.130
5/04/2024;896.284.408.569.336;9.057.262.742.825.370;8.739.220.232.016.650;8.841.590.141.487.170;10380300;0.0076807401122591925;9.303.701.046.272.270
8/04/2024;8.984.709.930.419.920;9.005.581.399.753.910;8.900.229.956.942.360;8.991.667.086.864.580;7237000;0.0024366390568251774;6.502.234.576.644.890
9/04/2024;9.107.952.117.919.920;9.120.872.335.810.330;898.073.509.838.174;9.011.545.257.036.790;8593500;0.01362365508751652;7.826.918.652.534.480
10/04/2024;8.939.984.893.798.820;8.949.924.338.879.980;8.806.804.822.371.130;8.843.578.797.661.100;17369900;-0.0186139915899786;15.528.664.360.679.600
11/04/2024;9.072.171.020.507.810;9.104.969.367.226.100;8.933.027.139.683.980;9.058.256.708.252.740;9971700;0.014677698822299752;9.046.496.776.519.770
12/04/2024;8.761.087.036.132.810;9.047.325.336.351.220;8.678.594.487.566.200;9.047.325.336.351.220;14306200;-0.034891610142215576;12.533.786.335.632.300
15/04/2024;8.582.186.126.708.980;8.793.883.853.149.290;8.518.577.626.651.050;8.765.061.133.080.370;12332200;-0.020631313764114104;10.583.723.575.180.000
16/04/2024;8.508.638.763.427.730;8.596.100.259.616.960;8.460.932.010.241.620;8.515.595.919.280.590;11287900;-0.0086067018715782;9.604.466.349.769.590
17/04/2024;8.413.227.081.298.820;8.577.218.070.920.540;8.403.288.394.288.790;856.628.528.772.755;11923600;-0.011276852577242038;10.031.595.442.657.400
18/04/2024;8.296.942.901.611.320;8.442.049.856.009.500;8.287.003.456.267.340;8.388.380.035.899.510;11417300;-0.013917998072339736;9.472.868.619.056.700
19/04/2024;8.232.340.240.478.510;8.386.391.784.677.500;8.076.300.503.915.390;8.253.211.710.662.640;13784300;-0.007816792721675217;113.477.047.576.828
22/04/2024;832.377.700.805.664;8.426.146.920.384.250;8.197.554.096.320.930;8.298.929.912.510.200;10695400;0.011045790010175627;89.026.124.611.969
23/04/2024;8.417.202.758.789.060;8.578.211.460.838.030;8.369.495.999.269.190;8.386.391.843.115.990;12939300;0.011161440002796275;10.891.271.165.679.900
24/04/2024;834.266.128.540.039;8.489.755.670.670.590;8.318.807.527.026.950;8.474.847.261.255.490;8788900;-0.00889529470014788;7.332.281.577.125.540
25/04/2024;8.171.711.730.957.030;8.223.393.348.630.540;8.064.372.111.627.730;8.194.570.630.943.610;14389600;-0.02070386331837404;1.175.876.631.237.790
26/04/2024;8.297.936.248.779.290;833.570.432.127.282;8.113.073.787.618.710;8.207.493.210.579.300;10452800;0.015328438040036273;8.673.666.802.124.020
29/04/2024;849.969.482.421.875;8.587.157.093.177.280;8.383.410.589.287.870;8.394.343.372.907.690;10494600;0.024023420658711735;8.920.089.730.224.600
30/04/2024;8.410.244.750.976.560;8.526.528.970.305.800;8.370.489.248.445.080;8.419.189.340.952.740;7508600;-0.010579683881927968;6.314.916.373.718.260
1/05/2024;8.679.586.791.992.180;8.904.203.968.909.870;8.418.194.885.830.370;8.430.121.763.563.070;17126900;0.031523346993203145;148.654.415.027.771
2/05/2024;8.779.969.787.597.650;8.843.579.053.207.700;8.637.845.121.417.880;8.788.915.136.774.540;10230200;0.011499043663073515;8.982.084.692.108.150
3/05/2024;8.942.967.987.060.540;9.113.915.387.051.240;8.923.089.853.382.600;9.042.356.380.630.450;11242700;0.018394557100154266;10.054.310.618.812.500
6/05/2024;900.260.009.765.625;9.044.343.037.381.670;8.907.187.339.023.900;9.003.593.435.549.800;8622200;0.0066459116591526595;7.762.221.856.201.170
7/05/2024;8.987.691.497.802.730;9.045.336.941.882.000;8.900.229.993.811.320;9.044.342.845.736.300;7631900;-0.001657405405268352;6.859.316.274.208.060
8/05/2024;8.856.499.481.201.170;8.935.016.400.184.370;8.777.982.562.217.960;8.911.163.398.934.170;12044900;-0.014704435814840539;10.667.565.060.112
9/05/2024;8.843.578.338.623.040;8.905.198.648.597.820;8.774.006.018.032.170;8.863.455.711.207.200;7548500;-0.0014600099507935695;6.675.575.108.909.600
10/05/2024;8.760.092.163.085.930;8.993.654.715.377.370;8.714.373.597.136.080;8.956.881.498.348.790;8808400;-0.009485158388229336;7.716.239.580.932.610
13/05/2024;8.933.027.648.925.780;9.020.489.911.827.160;8.845.566.144.297.590;8.851.529.204.668.790;11000300;0.019548954066230972;9.826.598.404.647.820
14/05/2024;9.022.476.959.228.510;917.255.362.441.605;8.968.807.143.367.940;9.032.415.645.512.360;10806600;0.009963523970671132;9.750.229.950.759.880
15/05/2024;9.204.357.147.216.790;9.327.598.515.586.300;9.171.558.802.629.340;9.214.295.832.714.270;12054000;0.019958071068779178;11.094.932.105.255.100
16/05/2024;9.202.369.689.941.400;922.324.191.690.773;9.085.092.130.124.520;9.205.351.978.274.560;7735900;-0.00021594901697591723;7.118.861.168.441.770
17/05/2024;9.062.232.208.251.950;9.248.088.745.462.700;9.029.433.861.990.090;9.195.412.268.917.980;7394300;-0.01534555557194941;6.700.886.361.747.740
20/05/2024;9.170.565.795.898.430;918.746.239.735.157;9.034.404.196.035.930;9.082.110.195.399.680;5595900;0.011883514807310811;51.317.569.137.268.000
21/05/2024;9.100.994.110.107.420;9.212.309.370.934.300;9.032.415.883.874.740;9.129.816.831.882.410;6266200;-0.007615334692059488;5.702.864.929.275.510
22/05/2024;9.160.626.983.642.570;9.259.022.027.743.690;9.074.159.576.628.670;9.086.085.697.169.520;7861700;0.006530973914312207;7.201.810.115.730.280
23/05/2024;8.877.371.215.820.310;918.348.764.767.318;8.811.775.270.865.130;916.261.617.617.502;9692200;-0.031409145416676575;8.604.125.729.797.360
24/05/2024;8.828.670.501.708.980;896.185.057.484.726;881.177.465.809.112;8.892.279.008.024.750;6723000;-0.0055010417010306414;593.551.517.829.895
28/05/2024;8.858.485.412.597.650;9.038.378.883.355.110;8.766.054.195.375.830;9.012.537.694.058.390;9057800;0.003371366122748051;8.023.838.917.022.700
29/05/2024;8.694.495.391.845.700;8.741.207.291.217.220;8.644.801.204.270.220;872.232.401.556.427;9561900;-0.018685691512661397;8.313.589.548.728.940
30/05/2024;8.841.590.881.347.650;8.859.480.821.469.740;8.707.416.709.568.620;874.717.221.631.473;9141600;0.016776712579461263;8.082.628.720.092.770
31/05/2024;8.858.485.412.597.650;8.990.672.130.674.480;8.795.871.010.585.360;8.871.406.386.382.570;9718900;0.0019089789332001094;8.609.473.387.649.530
3/06/2024;9.086.085.510.253.900;9.241.131.898.554.050;8.870.412.907.814.170;8.934.021.410.300.790;13040200;0.025368375158372307;118.484.372.270.813
4/06/2024;9.061.238.861.083.980;9.173.548.221.213.410;9.004.587.512.073.570;9.088.074.149.615.500;7963300;-0.0027383281620391993;7.215.736.342.247.000
5/06/2024;9.354.434.967.041.010;9.375.306.436.670.340;9.026.452.996.812.830;9.094.037.128.205.840;10287800;0.031844708527524315;9.623.655.605.392.450
6/06/2024;922.522.964.477.539;9.401.146.748.378.650;9.217.278.392.179.950;9.401.146.748.378.650;7032800;-0.013908475509058046;6.487.919.504.577.630
7/06/2024;9.083.104.705.810.540;9.192.431.780.801.260;9.036.392.042.192.900;9.093.043.392.941.840;8582700;-0.01552602123747164;7.795.756.275.856.010
10/06/2024;9.142.736.053.466.790;9.148.699.871.363.910;8.883.332.343.998.610;8.985.703.003.273.880;8423600;0.0065436279427199505;7.701.475.141.998.290
11/06/2024;9.189.448.547.363.280;922.324.098.727.464;9.027.445.778.155.560;9.065.213.085.564.170;5864300;0.00509623877498684;5.388.968.311.630.240
12/06/2024;9.324.617.767.333.980;9.481.651.589.484.860;9.262.003.361.005.890;9.441.896.085.889.640;11437900;0.014602045751958176;10.665.404.556.098.900
13/06/2024;9.324.617.767.333.980;9.402.140.582.294.420;9.251.070.578.560.380;9.305.733.732.514.790;5595200;0.0;5.217.310.133.178.710
14/06/2024;911.888.427.734.375;9.256.039.974.967.400;9.069.190.085.096.640;9.208.333.975.043.170;9218500;-0.022310515999748478;8.406.243.471.069.330
17/06/2024;9.003.592.681.884.760;9.095.030.564.742.470;8.952.905.155.721.030;9.068.195.278.398.710;6692400;-0.012723774033360951;602.556.436.642.456
18/06/2024;8.915.137.481.689.450;901.949.558.515.757;8.873.394.543.611.470;9.007.568.706.446.780;6722900;-0.009873011972494085;5.993.557.777.565.000
20/06/2024;8.934.022.521.972.650;9.006.576.381.982.040;8.814.756.754.538.140;88.843.283.258.294;6797300;0.002116071269036034;6.072.723.128.860.470
21/06/2024;9.181.498.718.261.710;9.208.334.006.800.690;9.007.569.044.797.000;903.241.614.100.625;12826400;0.02732370652202894;1.177.655.751.599.120
24/06/2024;9.328.279.876.708.980;940.987.990.686.103;9.258.621.592.146.880;9.284.494.994.649.240;9090200;0.015860182716390288;8.479.592.973.526.000
25/06/2024;9.262.600.708.007.810;9.370.074.123.652.280;9.254.639.545.541.200;9.324.297.819.078.410;5509600;-0.007065769870870399;51.033.224.860.839.800
26/06/2024;9.174.034.881.591.790;9.246.678.401.393.330;9.121.293.508.777.960;9.246.678.401.393.330;7102100;-0.00960766483197802;651.549.131.325.531
27/06/2024;9.240.707.397.460.930;9.262.600.213.466.100;9.095.419.606.684.540;9.193.936.519.489.570;6570900;0.007241242499400682;6.071.976.423.797.600
28/06/2024;9.225.782.012.939.450;928.847.446.667.887;9.137.216.157.674.320;928.847.446.667.887;7872600;-0.0016164835058583204;7.263.089.147.506.710
1/07/2024;9.258.621.978.759.760;9.397.939.312.919.810;9.198.914.766.753.570;921.881.691.768.284;7437200;0.003553265811258323;6.885.822.338.043.210
2/07/2024;9.091.439.819.335.930;9.224.785.878.690.960;9.059.595.927.608.000;9.196.922.568.331.300;6498600;-0.018221931582713288;5.908.163.080.993.650
3/07/2024;9.042.679.595.947.260;9.173.040.417.294.130;9.009.840.367.003.630;912.029.903.947.344;4682000;-0.0053777456500327045;423.378.258.682.251
5/07/2024;9.126.268.768.310.540;9.147.166.250.647.570;8.983.966.214.018.950;9.041.683.503.836.410;5557900;0.009201386942896649;5.072.288.918.739.310
8/07/2024;9.277.528.381.347.650;9.322.308.594.889.560;9.198.913.604.439.030;924.070.857.164.059;9007600;0.016438240201455328;8.356.826.464.782.710
9/07/2024;9.390.972.137.451.170;9.407.889.039.236.900;9.239.713.078.893.980;9.293.449.789.758.900;7651400;0.012153643769507252;718.540.842.124.939
10/07/2024;9.501.431.274.414.060;9.501.431.274.414.060;9.381.020.767.196.020;9.430.776.899.057.970;5002800;0.011693630846538006;4.753.376.037.963.860
11/07/2024;9.748.220.825.195.310;9.829.820.847.413.010;961.786.000.852.537;9.635.772.245.559.410;14609800;0.025642341168219358;14.241.955.661.193.800
12/07/2024;9.847.732.543.945.310;9.950.230.043.874.020;9.782.054.851.237.440;9.839.771.381.429.730;9005900;0.010156441208799523;8.868.769.451.751.700
15/07/2024;994.127.426.147.461;9.992.025.723.264.040;981.787.927.990.214;9.861.664.155.107.580;9186400;0.00945397767153785;9.132.452.187.561.030
16/07/2024;10.135.324.096.679.600;10.188.065.475.957.900;1.000.197.802.523.780;10.019.890.263.409.500;8840000;0.01933154958657242;8.959.626.501.464.840
17/07/2024;9.931.322.479.248.040;10.151.244.452.350.100;9.854.697.624.474.820;9.997.995.502.021.910;9853200;-0.020333107982619496;9.785.530.665.252.680
18/07/2024;9.706.425.476.074.210;10.034.815.463.134.900;9.653.684.102.223.800;9.923.362.223.064.130;12775900;-0.022905562955748724;1.240.083.212.397.760
19/07/2024;9.703.440.856.933.590;9.764.143.397.345.500;9.658.659.883.609.980;9.724.338.340.797.280;5348400;-0.00030753629241361683;5.189.788.307.922.360
22/07/2024;9.840.766.906.738.280;9.853.703.226.662.420;9.679.556.779.164.360;9.773.098.542.484.590;5848300;0.014053095576501072;5.755.175.710.067.740
23/07/2024;992.734.375;9.976.104.547.175.630;9.778.075.352.785.400;9.807.928.576.697.320;6722200;0.008759299087037747;6.673.359.015.625
24/07/2024;9.855.694.580.078.120;9.968.143.163.509.710;9.829.821.179.218.190;9.849.724.087.271.330;6088100;-0.007243526702445317;6.000.245.417.297.360
25/07/2024;10.048.748.779.296.800;10.204.983.003.820.400;9.883.558.056.196.100;9.922.367.778.521.060;12543100;0.019398709093493106;12.604.246.081.359.800
26/07/2024;10.104.475.402.832.000;10.257.724.380.879.900;10.046.758.107.355.800;1.015.025.095.327.980;8299100;0.005530307712698029;8.385.805.181.564.330
29/07/2024;9.978.093.719.482.420;10.140.299.185.009.700;9.905.450.196.713.230;10.100.494.130.190.000;7364400;-0.01258637288789369;7.348.267.338.775.630
30/07/2024;985.071.792.602.539;10.057.703.598.977.200;9.783.049.562.145.670;10.000.981.643.902.900;6956000;-0.012847723587871234;6.852.159.389.343.260
31/07/2024;9.857.685.089.111.320;10.073.627.289.078.800;977.011.456.602.156;9.888.534.408.660.030;9550400;0.0007070246504312406;9.414.483.567.504.880
1/08/2024;9.818.875.122.070.310;9.988.046.430.112.520;9.773.099.570.732.300;9.904.455.731.725.210;8222800;-0.003944796951566787;8.073.864.635.375.970
2/08/2024;9.599.947.357.177.730;9.638.757.075.873.500;9.415.849.837.350.910;9.561.137.638.481.960;15611200;-0.022548951286280997;14.986.669.818.237.300
5/08/2024;9.297.429.656.982.420;941.385.880.863.645;905.561.485.627.578;905.561.485.627.578;15788200;-0.03201963384211677;14.678.967.891.036.900
6/08/2024;9.397.938.537.597.650;9.569.099.754.654.900;9.250.660.051.528.890;93.750.503.826.207;9591600;0.010752379725000694;9.014.126.727.722.160
7/08/2024;9.190.951.538.085.930;9.560.141.897.185.060;9.167.068.810.492.030;9.560.141.897.185.060;10704300;-0.022270889109735487;983.827.025.491.333
8/08/2024;945.366.439.819.336;9.465.606.142.330.700;920.189.850.990.587;9.250.659.303.168.060;7419000;0.028182961743460026;7.013.673.617.019.650
9/08/2024;9.507.401.275.634.760;9.559.147.316.039.200;943.376.241.686.827;9.492.474.285.004.430;4384400;0.00566814357764414;41.684.250.152.893.000
12/08/2024;9.534.269.714.355.460;9.589.997.098.133.480;9.404.904.227.453.550;9.517.352.811.788.170;4766600;0.0028220691941037717;4.544.605.002.044.670
13/08/2024;9.647.713.470.458.980;9.671.596.959.909.930;9.538.250.134.406.190;9.566.113.446.213.990;7230600;0.011828295088521514;6.975.875.701.950.070
14/08/2024;9.562.133.026.123.040;9.673.587.034.454.790;9.514.367.564.851.090;9.672.591.699.239.610;4798600;-0.008910119145196004;4.588.485.153.915.400
15/08/2024;9.723.342.895.507.810;9.776.084.272.169.260;9.623.830.634.873.130;9.684.533.174.597.750;6346800;0.016718656573474114;6.171.211.268.920.890
16/08/2024;9.729.313.659.667.960;97.621.528.888.061;9.628.806.820.259.730;972.234.783.159.791;4717900;0.0006138764986391885;4.590.192.891.494.750
19/08/2024;10.035.810.852.050.700;10.038.796.098.251.700;9.698.464.365.408.940;9.720.357.183.173.960;6426300;0.03101642624542246;6.449.313.127.853.390
20/08/2024;10.033.821.105.957.000;10.061.684.416.582.100;9.915.401.276.581.950;10.011.928.287.832.000;5546100;-0.00019828426394982048;5.564.857.523.574.820
21/08/2024;1.013.233.871.459.960;10.186.075.428.395.600;1.002.984.120.390.680;10.060.689.762.871.500;6482400;0.009770664645513436;6.568.187.248.352.050
22/08/2024;9.965.158.081.054.680;10.162.192.698.321.700;9.945.255.931.892.420;10.158.212.116.645.600;7016500;-0.0166373445951177;6.992.053.167.572.020
23/08/2024;101.014.892.578.125;10.151.245.385.510.400;9.961.176.613.279.600;10.013.917.987.164.400;7626600;0.013588047078809066;7.704.001.797.363.280
26/08/2024;10.120.396.423.339.800;10.174.133.134.235.500;10.078.601.456.827.000;10.154.230.986.148.900;5653000;0.0018699711129808387;5.721.060.098.114.010
27/08/2024;10.057.704.162.597.600;10.139.304.186.035.500;9.938.289.753.397.270;10.091.538.726.042.600;5293600;-0.0062139111856904655;53.241.462.755.126.900
28/08/2024;10.004.962.921.142.500;1.007.362.662.493.110;9.950.230.873.308.440;10.012.924.084.321.700;5093000;-0.005257662177095268;5.095.527.615.737.910
29/08/2024;10.041.783.142.089.800;10.190.056.206.079.100;10.005.958.665.536.700;10.050.738.881.618.900;5732700;0.0036734402916020984;5.756.653.021.865.840
30/08/2024;10.076.611.328.125;10.136.318.530.313.800;9.936.298.681.723.960;10.077.605.904.055.000;5282100;0.0034623260697272495;5.322.566.869.628.900
3/09/2024;9.817.879.486.083.980;10.223.888.911.271.100;9.799.967.249.736.140;10.060.688.873.087.900;9086700;-0.02601186758973918;8.921.212.552.619.930
4/09/2024;9.803.947.448.730.460;990.943.095.981.979;9.717.372.269.069.630;9.781.060.054.261.760;6944700;-0.001420055302804147;6.808.547.384.719.840
5/09/2024;9.760.163.116.455.070;984.076.780.801.517;9.696.475.327.703.190;9.819.870.323.507.670;5735500;-0.004475992428000011;559.794.155.544.281
6/09/2024;9.604.924.011.230.460;9.842.759.036.122.830;9.496.456.000.848.380;9.789.022.318.965.500;8019300;-0.01603322822398229;770.247.671.232.605
9/09/2024;9.741.255.950.927.730;9.815.890.152.672.020;963.477.785.347.461;9.655.675.338.856.800;5876800;0.014094172262345729;5.724.741.297.241.210
10/09/2024;9.762.152.862.548.820;9.777.079.853.864.030;961.985.029.588.467;9.740.260.043.182.290;4635900;0.0021428992047006225;4.525.636.445.549.010
11/09/2024;9.841.761.779.785.150;986.464.917.236.235;9.648.707.769.816.040;9.739.264.282.687.980;5267400;0.008121781419077405;5.184.049.599.884.030
12/09/2024;9.857.685.089.111.320;9.921.372.880.307.220;9.748.221.745.444.520;9.839.772.850.386.330;5702200;0.001616625370253056;5.621.049.191.513.060
13/09/2024;10.071.635.437.011.700;10.090.543.008.786.200;9.878.581.415.536.540;989.151.849.484.257;6389100;0.021471737327821108;6.434.868.597.061.150
16/09/2024;10.078.601.837.158.200;1.014.527.487.090.430;10.001.977.728.993.200;101.064.651.492.182;7126900;0.0006914459943324243;718.291.874.332.428
17/09/2024;10.045.763.397.216.700;1.019.503.180.287.650;998.904.143.343.481;10.092.534.285.798.400;9199300;-0.003263553280334928;9.241.399.122.001.640
18/09/2024;10.031.831.359.863.200;10.246.778.220.291.200;9.984.065.897.024.850;10.051.734.268.727.900;11433200;-0.0013878195827958175;11.469.593.430.358.800
19/09/2024;10.193.040.466.308.500;10.301.508.461.496.900;10.135.323.175.311.200;10.218.913.865.586.400;13107200;0.015942006659761157;1336022200.0
20/09/2024;10.111.441.040.039.000;10.186.075.236.815.700;10.049.743.164.051.700;10.171.148.245.616.700;7655300;-0.008037621206261423;7.740.611.459.381.100
23/09/2024;9.872.078.704.833.980;10.164.687.430.124.900;9.860.135.197.122.570;10.126.867.461.367.600;9997200;-0.023957119318749526;9.869.314.522.796.630
24/09/2024;9.824.304.962.158.200;9.897.954.691.187.130;973.074.938.789.824;9.881.035.292.238.520;7906800;-0.0048510261751172545;7.767.881.447.479.240
25/09/2024;9.728.759.002.685.540;987.307.277.111.601;9.719.801.941.995.390;9.843.215.142.818.500;8469500;-0.009773068827713085;8.239.772.437.324.520
26/09/2024;9.772.550.964.355.460;9.864.115.571.439.540;9.695.914.791.544.630;9.815.347.581.042.850;6764900;0.004491189089732229;6.611.033.001.876.830
27/09/2024;9.796.436.309.814.450;988.800.090.840.508;9.778.521.431.018.000;9.833.261.549.376.670;6116200;0.0024411439371664935;5.991.696.375.808.710
30/09/2024;983.326.416.015.625;9.917.861.926.083.270;973.075.075.134.582;9.763.594.831.081.280;6828900;0.003752262405415036;6.715.037.762.329.100
1/10/2024;9.750.655.364.990.230;9.832.267.433.215.240;9.619.279.822.010.210;9.814.352.551.930.220;11106900;-0.00843644041966538;10.829.955.407.341.000
2/10/2024;9.762.598.419.189.450;9.779.518.578.227.970;9.607.336.616.069.330;9.689.944.168.993.140;8488100;0.0012240967931452624;82.865.911.641.922
3/10/2024;9.618.284.606.933.590;9.762.598.383.997.540;9.606.341.099.301.870;9.705.868.051.575.050;5961100;-0.014892662976034367;5.733.555.637.039.180
4/10/2024;970.487.289.428.711;9.756.626.573.046.800;9.621.269.863.268.710;971.482.543.720.278;5972400;0.008962186114476113;5.796.138.287.384.030
7/10/2024;9.587.431.335.449.210;97.466.743.045.749;9.546.624.921.216.500;9.740.702.930.523.420;5678800;-0.012175114819474935;5.444.510.506.774.900
8/10/2024;9.664.066.314.697.260;972.975.446.360.355;9.564.539.368.594.650;9.624.255.384.390.150;5414700;0.007961498417999922;52.328.019.874.191.200
9/10/2024;9.585.440.063.476.560;9.669.043.094.164.990;9.552.596.747.917.510;9.660.085.274.045.000;6049400;-0.008169216076808908;5.798.616.111.999.510
10/10/2024;9.576.483.154.296.870;9.577.478.636.399.370;946.302.249.318.302;9.506.813.834.398.480;6752900;-0.0009348654339373452;6.466.903.309.265.130
11/10/2024;9.821.319.580.078.120;9.832.267.605.462.450;9.536.672.438.746.400;9.576.483.371.113.920;7486100;0.02524506843641506;7.352.338.050.842.280
14/10/2024;9.860.135.650.634.760;9.875.064.846.128.090;9.753.641.836.466.960;9.781.509.263.078.280;5538500;0.003944436062121455;5.461.036.130.104.060
15/10/2024;9.884.022.521.972.650;9.947.719.717.993.640;9.780.514.388.605.920;9.856.155.093.629.780;7379400;0.002419640562357058;7.293.815.579.864.500
16/10/2024;9.977.577.209.472.650;10.008.430.322.446.300;985.814.516.755.527;989.795.534.197.413;6478800;0.009420729516249626;6.464.272.722.473.140
17/10/2024;9.883.027.648.925.780;10.006.440.869.425.400;9.880.041.202.222.570;9.975.587.754.133.130;8155300;-0.009521389254461752;8.059.905.538.528.440
18/10/2024;993.577.651.977.539;9.969.615.321.426.820;9.867.102.674.937.500;990.492.264.607.683;4477200;0.005323125952177236;4.448.445.863.433.830
21/10/2024;9.768.571.472.167.960;9.923.833.289.902.250;971.880.799.116.796;9.894.970.379.802.590;6895300;-0.016971793348317808;673.572.308.720.398
22/10/2024;9.780.513.763.427.730;979.345.275.385.305;9.699.897.170.970.280;9.722.788.705.263.240;5222200;0.0012217750960107992;51.075.798.975.372.300
23/10/2024;9.621.270.751.953.120;9.780.513.731.303.630;9.565.535.899.013.050;9.740.703.555.963.820;8293600;-0.016415663963304097;7.979.497.110.839.840
24/10/2024;9.678.995.513.916.010;9.777.526.978.000.450;9.642.170.270.478.440;966.804.748.909.215;4408300;0.005981775929047527;4.266.791.592.399.590
25/10/2024;9.669.043.731.689.450;9.838.239.249.734.950;9.666.058.044.562.710;9.716.816.244.378.120;6256100;-0.0010287123132071674;6.049.050.448.982.230
28/10/2024;9.802.410.125.732.420;9.903.928.050.654.000;9.740.703.896.202.090;9.761.604.466.784.660;6178200;0.013698872270264348;6.056.125.023.880.000
29/10/2024;9.809.375.762.939.450;9.824.304.957.022.330;9.717.811.152.915.630;9.793.451.846.093.300;6183700;0.000710352187146734;606.582.369.052.887
30/10/2024;9.795.443.725.585.930;989.895.186.043.795;9.751.652.377.274.670;9.778.524.323.753.610;4733100;-0.0014212872204167255;463.628.146.975.708
31/10/2024;9.657.099.914.550.780;9.765.584.685.773.670;9.638.189.550.913.210;974.667.432.213.611;8177800;-0.014223964338718626;7.897.383.168.121.330
1/11/2024;9.880.039.978.027.340;988.302.642.436.051;9.688.948.416.544.510;9.712.834.671.897.270;6877500;0.022823170845028797;6.794.997.494.888.300
4/11/2024;9.875.064.849.853.510;9.959.662.611.907.060;9.742.693.814.069.360;9.837.244.120.012.080;6426700;-0.0005036802712366536;6.346.407.927.055.350
5/11/2024;1.001.440.200.805.660;10.015.396.730.841.300;9.773.546.211.347.500;9.824.305.168.590.260;7170600;0.01401137986580339;7.180.927.103.897.090
6/11/2024;10.195.541.381.835.900;1.028.212.934.559.890;1.002.734.058.706.710;1.027.914.365.848.020;17003400;0.01792624759262967;17.335.886.833.190.900
7/11/2024;10.252.271.270.751.900;10.339.854.712.868.800;10.205.493.483.039.000;10.251.275.788.645.400;8157100;0.005548763130162673;8.362.880.198.265.070
8/11/2024;10.368.717.956.542.900;10.373.694.607.907.100;10.207.484.019.905.100;10.239.332.614.377.100;9431100;0.011294116136192125;9.778.841.591.995.230
11/11/2024;10.304.025.268.554.600;10.497.107.799.347.700;10.286.110.386.735.400;10.429.429.441.289.400;10158900;-0.006258762899808082;10.467.756.230.072.000
12/11/2024;10.003.453.826.904.200;10.268.195.115.606.500;9.991.510.319.700.820;10.195.540.868.277.200;9782700;-0.029604205610772108;9.786.078.775.245.660
13/11/2024;9.953.691.864.013.670;10.194.546.934.213.000;9.952.696.381.762.960;10.099.001.140.067.700;8092400;-0.004986892092603597;8.054.925.604.034.420
14/11/2024;965.013.427.734.375;9.969.615.738.645.370;9.641.177.215.118.970;9.929.804.801.430.830;15029400;-0.03097169395626729;14.503.572.810.791.000
15/11/2024;913.956.069.946.289;9.645.157.826.355.310;9.120.650.334.531.460;9.645.157.826.355.310;30310200;-0.054359509209857264;2.770.219.127.128.600
18/11/2024;9.152.498.626.708.980;9.230.129.529.573.510;9.064.915.180.280.090;9.170.413.508.856.980;12508300;0.001414595171913535;114.482.198.572.464
19/11/2024;9.272.925.567.626.950;9.276.906.736.668.610;9.024.108.197.500.670;9.080.838.527.516.250;12751900;0.013072009034544092;11.824.741.954.582.200
20/11/2024;935.652.847.290.039;937.245.238.952.235;9.196.290.027.949.470;929.382.601.050.113;10534700;0.008975407044196675;9.856.822.050.346.370
21/11/2024;9.385.391.998.291.010;9.498.852.664.286.860;9.230.129.434.825.330;9.366.481.634.181.570;11717000;0.003080105718529074;10.996.863.804.397.500
22/11/2024;9.578.474.426.269.530;96.152.996.748.611;9.371.458.926.377.340;9.433.165.155.660.500;9684700;0.020363895845652718;9.276.465.127.609.250
25/11/2024;9.716.815.948.486.320;985.615.383.169.096;9.706.863.405.256.790;9.716.815.948.486.320;13456000;0.014339653881245279;13.074.947.540.283.200
26/11/2024;9.838.240.051.269.530;9.845.206.908.242.990;9.648.143.948.519.050;973.373.719.666.758;8258500;0.012418850998159757;8.124.910.546.340.940
27/11/2024;995.269.546.508.789;9.972.600.552.285.900;9.823.310.120.309.580;986.113.084.904.838;7695300;0.011566577008188573;7.658.897.741.249.080
29/11/2024;9.914.875.030.517.570;9.976.581.253.534.680;9.877.054.303.553.160;993.079.894.766.283;4062400;-0.003807257687925683;4.027.818.832.397.460
2/12/2024;9.884.022.521.972.650;9.916.866.602.232.670;9.807.387.094.029.750;9.882.032.316.804.080;13563200;-0.0031165910562461208;13.405.897.427.001.900
3/12/2024;972.278.823.852.539;9.886.012.379.976.570;9.710.844.730.859.300;9.857.149.472.614.660;6550000;-0.01644713360067977;6.368.426.296.234.130
4/12/2024;9.832.267.761.230.460;9.911.888.867.896.510;968.496.753.693.617;9.722.788.264.983.150;7246400;0.011197172388789544;7.124.854.510.498.040
5/12/2024;9.686.959.075.927.730;9.824.306.005.623.230;9.654.114.997.305.840;9.761.604.294.979.060;8467600;-0.014889049744328321;8.202.529.467.132.560
6/12/2024;986.710.205.078.125;9.925.823.347.850.130;971.681.613.927.418;9.735.726.503.312.860;6493000;0.018425642659802517;6.406.709.361.572.260
9/12/2024;9.777.528.381.347.650;9.943.738.982.379.280;9.757.623.292.991.150;987.506.513.668.759;6341100;-0.009119468093106342;6.200.028.521.896.360
10/12/2024;9.695.915.985.107.420;9.814.353.307.123.560;9.664.067.389.186.740;9.794.448.219.422.050;5465700;-0.008381965976480586;52.994.967.999.801.600
11/12/2024;9.651.128.387.451.170;975.065.533.667.215;959.539.353.887.314;9.720.796.948.173.710;5788300;-0.004629924530082347;5.586.362.644.508.360
12/12/2024;9.375.438.690.185.540;9.625.251.555.396.070;9.370.462.798.122.460;9.572.502.391.679;9518000;-0.02898147547556952;8.923.542.545.318.600
13/12/2024;9.295.818.328.857.420;9.402.312.146.978.640;9.220.177.625.725.470;9.352.548.666.373.760;12305400;-0.008528707399913547;11.438.876.286.392.200
16/12/2024;9.431.173.706.054.680;950.681.363.902.253;9.250.034.692.970.060;9.295.816.997.449.650;8476200;0.014455897035806707;7.994.051.456.726.070
17/12/2024;9.414.253.997.802.730;9.484.918.801.727.810;9.350.556.809.454.540;9.353.543.255.843.370;5638800;-0.0017956305438118294;5.308.509.544.281.000
18/12/2024;8.950.458.526.611.320;9.425.201.737.786.250;8.858.893.916.050.220;9.409.277.820.846.660;16072700;-0.0505201604754995;1.438.580.347.606.650
19/12/2024;8.938.514.709.472.650;9.003.207.375.748.000;8.821.072.883.710.270;8.960.410.758.919.420;11752200;-0.0013353274954127784;10.504.721.256.866.400
20/12/2024;9.084.819.793.701.170;9.153.493.631.576.060;8.891.737.269.432.840;8.894.723.715.743.790;10338000;0.01623543056275671;9.391.886.702.728.270
23/12/2024;9.145.831.298.828.120;915.180.286.867.125;899.355.019.298.628;9.085.117.807.572.120;7620200;0.006693313650256545;6.969.306.366.333.000
24/12/2024;9.154.789.733.886.710;9.166.732.873.991.650;9.047.296.916.810.480;915.080.843.406.664;3540600;0.0009790307944342004;32.413.448.531.799.300
26/12/2024;9.221.475.219.726.560;9.241.380.960.383.470;9.059.240.471.886.970;908.810.432.738.822;5601100;0.00725781639897041;5.165.040.485.321.040
27/12/2024;9.092.086.029.052.730;9.241.381.368.640.970;9.013.457.059.080.280;9.151.804.013.016.950;8741800;-0.014130658903180465;7.948.119.764.877.310
30/12/2024;8.946.772.003.173.820;9.018.433.887.781.420;8.896.011.375.017.550;9.000.518.416.629.520;6641000;-0.01611157081264589;5.941.551.287.307.730
31/12/2024;8.963.691.711.425.780;9.064.217.450.071.960;8.895.016.373.373.140;8.996.536.867.521.360;6817100;0.001889366300589749;6.110.638.276.596.060
2/01/2025;9.110.001.373.291.010;9.206.545.813.043.570;9.017.438.233.661.330;9.052.273.660.542.320;8207900;0.01619069852347265;7.477.398.027.183.530
3/01/2025;9.197.589.111.328.120;9.237.400.596.677.200;9.120.950.407.384.790;912.592.722.273.113;5857000;0.009568534579266996;5.387.027.942.504.880
6/01/2025;9.177.682.495.117.180;9.279.203.755.818.350;9.157.776.752.690.290;92.164.992.243.984;5169300;-0.0021666753477057364;4.744.219.412.200.920
7/01/2025;924.337.158.203.125;9.395.652.693.464.890;9.198.582.528.497.330;921.152.194.277.294;9850200;0.007131987678847403;9.104.905.875.732.420
8/01/2025;9.187.635.803.222.650;9.271.241.595.973.100;9.114.979.156.489.670;9.256.311.908.765.290;7529900;-0.006048063194851578;6.918.197.883.468.620
10/01/2025;8.901.983.642.578.120;9.016.442.794.815.680;8.842.264.899.586.780;8.999.522.838.667.300;12953300;-0.03158451264053354;11.531.006.471.740.700
13/01/2025;887.112.808.227.539;8.877.100.411.734.030;8.630.265.136.273.640;8.808.424.318.124.440;13193300;-0.0034721653450204915;1.170.394.541.278.830
14/01/2025;8.625.289.154.052.730;8.949.757.121.671.540;8.599.411.084.460.170;8.949.757.121.671.540;13113500;-0.028103480284271988;11.310.772.932.167.000
15/01/2025;8.813.402.557.373.040;8.918.904.362.813.510;8.717.852.864.143.250;882.833.148.504.449;13214800;0.021575093288937718;11.646.735.211.517.300
16/01/2025;8.747.711.944.580.070;8.842.265.360.317.510;8.691.975.258.196.350;883.131.773.351.106;6917100;-0.007481406625445573;6.050.879.829.185.480
17/01/2025;8.755.673.217.773.430;8.844.255.049.211.960;8.743.729.318.492.680;8.823.353.794.987.110;7383900;0.0009096838889765575;6.465.101.547.271.720
21/01/2025;9.008.480.834.960.930;9.022.415.005.646.910;8.826.340.341.823.100;8.826.340.341.823.100;8509700;0.02846459061631681;7.665.946.936.126.700
22/01/2025;907.815.170.288.086;9.116.968.429.761.650;8.985.588.563.544.650;900.947.560.485.083;8844900;0.0077041663094081225;8.029.534.399.681.090
23/01/2025;9.254.319.763.183.590;9.279.202.317.036.750;8.949.756.787.659.320;9.044.310.947.914.500;9747100;0.01921982899713264;9.020.278.016.372.680
24/01/2025;92.025.634.765.625;931.503.234.478.539;913.189.711.588.915;924.138.019.919.497;9262800;-0.005608359939139916;8.524.150.497.070.310
27/01/2025;9.217.493.438.720.700;9.398.638.402.924.930;9.157.775.460.510.950;9.159.765.730.730.650;10946600;0.0016210552981793063;10.090.021.367.630.000
28/01/2025;9.274.226.379.394.530;9.318.019.921.310.420;9.161.757.498.712.300;9.232.423.867.214.090;9152700;0.006136056487656891;8.488.421.178.268.430
29/01/2025;9.214.508.056.640.620;9.335.935.047.944.800;9.144.836.446.219.940;9.225.456.441.715.940;9893700;-0.006459991151717701;9.116.557.835.998.530
30/01/2025;931.005.630.493.164;9.390.675.535.245.470;9.213.511.875.893.690;9.274.225.367.157.650;8348000;0.010315934428074169;7.772.035.003.356.930
31/01/2025;9.223.466.491.699.210;9.434.470.858.611.590;9.192.612.362.523.710;934.290.322.667.724;7842300;-0.009344196915361805;7.233.319.126.785.270
3/02/2025;9.099.053.192.138.670;9.210.527.320.016.660;9.003.504.265.109.830;9.015.448.165.746.700;9024300;-0.013580578856209608;8.211.258.572.181.700
4/02/2025;9.213.512.420.654.290;9.275.221.430.325.950;9.064.217.090.887.170;9.077.155.746.099.070;8870600;0.01250078459496873;81.729.383.278.656
5/02/2025;94.255.126.953.125;9.445.419.197.386.260;9.244.367.702.896.010;9.251.334.788.782.970;8222900;0.022748981350418043;7.750.504.834.228.510
6/02/2025;9.293.138.122.558.590;9.423.522.484.710.400;928.418.000.672.958;9.414.564.368.881.390;6611300;-0.01414383769519759;6.143.972.406.967.160
7/02/2025;908.113.784.790.039;9.316.029.248.223.860;9.053.269.505.379.870;9.249.344.177.284.710;11884700;-0.023076793132509214;10.792.659.898.094.100
10/02/2025;8.991.560.363.769.530;9.140.855.704.619.540;8.968.668.836.744.870;9.140.855.704.619.540;8979600;-0.00991309838097953;8.074.061.544.250.480
11/02/2025;8.863.166.046.142.570;8.923.879.538.703.060;8.813.400.938.099.900;8.900.987.254.887.100;8781400;-0.014382357689756459;7.783.100.631.759.640
12/02/2025;895.473.403.930.664;8.959.710.094.707.010;874.870.651.371.924;8.764.630.954.097.880;10824600;0.010278293048262232;9.693.141.408.187.860
13/02/2025;9.034.358.215.332.030;9.047.297.630.606.980;8.877.101.036.486.070;8.986.584.132.432.490;7275300;0.008852552968713694;6.572.766.632.400.510
14/02/2025;9.098.058.319.091.790;9.218.489.801.375.420;9.024.405.405.148.790;908.113.760.356.927;10421300;0.0070261308737266485;9.481.359.516.075.130
18/02/2025;9.090.095.520.019.530;9.268.254.711.707.330;9.054.264.578.710.510;9.140.855.387.411.180;9041200;-0.00087560284033732;8.218.537.161.560.050
19/02/2025;9.209.532.165.527.340;9.228.443.152.436.930;906.023.681.882.318;9.067.203.904.628.490;8159900;0.013053636230206526;7.514.886.151.748.650
20/02/2025;92.284.423.828.125;9.245.362.338.449.260;9.105.025.119.115.860;9.207.541.127.139.660;6885800;0.002051225731548236;6.354.520.855.957.030
21/02/2025;9.126.920.318.603.510;9.341.905.945.299.780;9.110.995.879.230.790;9.306.075.007.517.070;8783400;-0.011061955146618348;8.016.539.192.642.210
24/02/2025;8.968.667.602.539.060;9.120.948.707.753.340;8.931.841.150.162.590;9.101.042.968.788.110;8647800;-0.01749119745793898;775.592.436.932.373
25/02/2025;8.827.335.357.666.010;8.971.653.871.335.940;8.726.809.623.952.610;8.955.729.431.175.920;10912700;-0.01588392816941232;9.633.006.255.760.190
26/02/2025;878.354.263.305.664;894.080.057.575.779;8.742.734.875.030.040;8.852.218.733.464.620;7271500;-0.004973382349074616;6.386.953.025.627.130
27/02/2025;8.669.082.641.601.560;8.931.842.380.793.060;8.663.111.070.960.280;8.789.514.125.451.380;8172700;-0.01311683838196243;7.084.981.170.501.700
28/02/2025;8.829.326.629.638.670;8.849.233.131.291.270;8.581.496.569.068.060;8.609.364.912.026.310;7942700;0.018315775480007186;7.012.869.262.123.100
3/03/2025;8.519.786.071.777.340;8.895.015.399.623.230;847.300.675.022.075;8.832.310.879.513.220;9620900;-0.03568752074423674;8.196.800.981.796.260
4/03/2025;8.572.537.994.384.760;8.659.129.563.386.550;8.367.505.974.153.460;8.438.172.342.686.040;14202800;0.006172605889655215;12.175.404.262.664.700
5/03/2025;8.740.744.018.554.680;8.747.711.103.682.920;8.541.683.575.627.580;8.594.434.471.506.410;10911900;0.019431476556025007;953.781.246.560.669
6/03/2025;8.665.100.860.595.700;8.785.532.337.763.240;85.864.718.943.084;8.605.382.879.430.310;9153000;-0.008691750926019442;7.931.166.817.703.240
7/03/2025;8.688.988.494.873.040;8.802.452.884.730.450;8.565.570.475.548.410;8.637.232.355.322.630;9490700;0.0027529706543249093;8.246.458.310.829.160
10/03/2025;858.348.617.553.711;8.708.894.468.503.040;8.508.838.508.664.220;8.582.491.420.047.970;10803100;-0.012216388611866698;9.272.825.950.294.490
11/03/2025;8.576.519.012.451.170;8.655.147.978.632.530;837.944.959.893.538;8.541.683.586.764.570;10649500;-0.0008120234688098763;9.133.563.922.309.870
12/03/2025;8.674.059.295.654.290;8.731.787.008.632.730;8.594.434.811.590.560;8.637.232.838.887.630;7704900;0.011308759738770111;6.683.275.946.708.670
13/03/2025;8.556.613.159.179.680;8.779.560.639.992.900;8.503.862.263.926.830;8.664.105.979.330.010;6373000;-0.013632428526097003;5.453.129.566.345.210
14/03/2025;8.672.067.260.742.180;8.720.837.612.272.120;8.608.367.984.616.620;8.628.274.483.002.900;6390100;0.013402747863455614;5.541.537.700.286.860
17/03/2025;8.787.523.651.123.040;8.844.255.848.964.940;8.598.416.071.864.940;8.636.237.283.974.420;6338900;0.013225747834757157;5.570.323.367.210.380
18/03/2025;8.576.519.012.451.170;868.998.340.431.913;853.571.201.646.268;8.686.002.104.332.750;7291700;-0.024304826910885986;6.253.740.368.309.020
19/03/2025;8.704.914.093.017.570;8.733.777.951.729.990;8.548.651.657.474.800;8.558.604.528.910.530;5806300;0.014859582804346355;50.543.342.698.287.900
20/03/2025;8.618.321.990.966.790;8.771.598.631.661.030;861.334.593.523.029;862.429.432.094.812;6743300;-0.009997303372360296;581.159.306.816.864
21/03/2025;8.671.073.150.634.760;8.709.889.876.182.640;853.471.647.412.342;8.578.510.014.477.050;6513900;0.006102159494212417;564.825.033.959.198
24/03/2025;884.078.140.258.789;8.855.711.944.187.820;8.726.314.929.520.220;8.737.263.942.733.580;5032300;0.019382706101766428;4.448.946.425.224.300
25/03/2025;866.759.033.203.125;8.850.736.107.570.100;8.593.933.185.461.100;8.841.778.236.970.460;7040000;-0.019784446253634406;610.198.359.375
26/03/2025;8.468.517.303.466.790;866.758.916.809.329;8.435.670.263.547.680;8.657.635.726.741.740;8225500;-0.02323537982624714;6.965.778.907.966.610
27/03/2025;851.330.795.288.086;8.578.006.459.119.920;8.469.511.900.768.460;849.439.588.321.435;6493600;0.00527514005167838;5.528.201.652.282.710
28/03/2025;8.400.833.129.882.810;8.511.318.079.326.470;8.358.032.647.130.770;8.500.369.065.641.140;7003100;-0.013299697612787266;5.883.187.449.188.230
31/03/2025;8.072.364.044.189.450;8.128.104.683.266.260;7.896.185.776.265.260;8.113.174.141.381.420;16660900;-0.03988450139856346;13.449.285.010.383.600
1/04/2025;7.779.728.698.730.460;8.066.391.905.420.440;7.750.863.187.734.080;8.048.475.407.539.890;17353200;-0.03692491570759211;13.500.318.805.480.900
2/04/2025;8.021.600.341.796.870;8.049.471.040.465.810;769.810.856.495.729;7.734.937.132.934.930;14091000;0.03061647988334467;11.303.237.041.625.900
3/04/2025;7.777.737.426.757.810;7.893.199.468.841.720;7.716.024.877.430.320;778.370.933.948.668;10860200;-0.030872469125740477;844.677.840.020.752
4/04/2025;7.331.816.864.013.670;7.675.215.513.869.140;7.291.006.768.782.740;760.753.105.205.603;23865800;-0.05904212467632037;1.749.796.749.131.770
7/04/2025;7.265.127.563.476.560;7.550.795.965.609.730;6.891.867.813.368.240;7.067.051.268.717.440;23621800;-0.009137496532909057;17.161.539.027.893.000
8/04/2025;6.947.608.184.814.450;7.511.976.722.982.520;6.856.034.552.505.540;7.480.125.255.909.510;21546100;-0.044688401227182026;1.496.938.607.108.300
9/04/2025;7.453.250.885.009.760;7.560.749.882.050.030;6.635.066.099.267.150;6.773.420.994.580.490;36123800;0.07025284334296;26.923.974.431.991.500
10/04/2025;7.127.767.944.335.930;7.291.006.807.324.810;6.832.146.113.374.710;7.243.229.227.216.390;23889300;-0.04465216348780944;1.702.773.867.526.240
11/04/2025;7.398.506.927.490.230;7.403.483.269.069.480;7.074.019.536.203.000;7.125.777.893.141.330;16114000;0.03728007916700072;11.921.954.062.957.700
14/04/2025;7.618.480.682.373.040;7.658.295.208.913.110;7.401.492.310.098.540;7.564.731.185.453.790;13241500;0.029298751006131662;1.008.801.119.556.420
15/04/2025;7.618.480.682.373.040;772.000.700.362.124;7.523.921.086.915.510;7.605.541.283.992.060;8744300;0.0;6.661.828.063.087.460
16/04/2025;7.478.134.155.273.430;7.588.619.098.439.950;7.359.686.914.841.810;757.368.855.704.469;9355000;-0.01859364791549673;6.995.794.502.258.300
17/04/2025;7.557.763.671.875;7.580.657.271.354.190;742.239.473.778.661;7.454.246.207.019.230;10436500;0.010592019444535881;7.887.660.056.152.340
21/04/2025;7.515.959.167.480.460;7.696.118.978.879.840;7.432.348.581.597.460;748.311.212.447.647;11913700;-0.005546687041929181;8.954.288.273.361.200
22/04/2025;7.727.970.123.291.010;7.745.886.622.408.950;7.603.550.201.471.670;7.615.494.787.349.940;14041800;0.02781758207859017;10.851.461.087.722.700
23/04/2025;7.873.292.541.503.900;8.079.331.902.724.710;7.865.329.484.210.600;7.932.019.139.793.330;14631300;0.01863011020735434;1.151.965.051.625.060
24/04/2025;805.146.255.493.164;8.055.444.083.871.700;7.828.502.250.081.200;7.903.154.209.059.600;11296500;0.02237741769407458;9.095.334.675.178.520
25/04/2025;7.987.759.399.414.060;8.033.545.841.915.220;7.890.213.841.460.120;7.974.820.000.250.350;8244700;-0.007943463924079073;6.585.667.992.034.910
28/04/2025;8.099.238.586.425.780;8.172.894.959.165.260;7.996.715.944.568.180;8.034.540.082.530.800;6974300;0.013859760737806865;5.648.651.967.330.930
29/04/2025;815.000.228.881.836;8.197.779.872.952.140;8.003.685.098.593.810;8.061.415.365.198.510;9301500;0.006248152505211184;7.580.724.628.944.390
30/04/2025;8.256.505.584.716.790;8.286.366.669.266.510;8.050.466.227.640.720;8.072.364.255.057.320;9587200;0.012983237233782908;7.915.677.034.179.680
1/05/2025;8.211.714.935.302.730;8.311.250.873.912.460;8.055.443.542.061.410;8.256.505.803.917.530;9292300;-0.005439659956637475;763.057.186.933.136
2/05/2025;8.311.251.068.115.230;8.384.907.451.775.800;8.286.367.082.881.350;8.311.251.068.115.230;9684600;0.012048361882424733;804.911.420.942.688
5/05/2025;8.226.644.897.460.930;8.299.305.702.255.320;8.166.923.490.389.120;8.280.394.391.645.230;6374300;-0.01023188305907136;52.439.102.569.885.200
6/05/2025;7.681.187.438.964.840;815.497.867.242.081;7.672.229.569.889.280;8.147.015.615.865.510;32491300;-0.06860411453329304;24.957.176.543.563.800
7/05/2025;7.699.105.072.021.480;7.752.854.572.598.700;7.620.471.585.588.080;7.723.989.057.877.660;12918800;0.0023299480357172283;9.946.319.860.443.110
8/05/2025;7.767.784.881.591.790;7.891.209.235.082.270;7.532.880.001.446.040;767.023.932.584.356;16479300;0.008880940018325158;1.280.076.573.992.150
9/05/2025;760.354.995.727.539;7.918.083.874.044.570;7.594.592.087.703.570;7.778.733.414.202.510;11445300;-0.021369799833882985;8.702.491.032.600.400
12/05/2025;79.081.298.828.125;7.969.842.437.073.070;7.749.868.107.655.640;7.768.780.178.673.980;19550400;0.03927609152699853;1.546.071.024.609.370
13/05/2025;7.719.011.688.232.420;7.907.134.535.496.670;7.684.173.505.154.760;789.120.842.215.845;15782000;-0.024204993221248045;12.182.144.246.368.400
14/05/2025;7.601.559.448.242.180;7.809.589.182.924.820;7.554.777.438.402.840;772.597.936.402.814;13920500;-0.015332919380691446;10.581.750.829.925.500
15/05/2025;7.721.997.833.251.950;7.729.960.890.115.570;7.535.865.365.909.040;7.600.563.873.977.880;11089500;0.015719700446087972;8.563.309.497.184.750
16/05/2025;786.532.974.243.164;7.881.255.857.541.100;7.697.114.518.131.990;7.750.864.017.527.980;10103000;0.01839134367682727;7.946.342.638.778.680
19/05/2025;7.935.004.425.048.820;7.949.934.966.360.760;7.778.733.046.034.840;777.972.861.796.201;7045500;0.008819450715645267;5.590.607.367.668.150
20/05/2025;8.102.224.731.445.310;8.132.085.054.354.750;7.896.185.389.834.770;7.930.027.241.011.910;13967400;0.02085477052953373;11.316.701.371.398.900
21/05/2025;7.896.185.302.734.370;8.098.243.113.848.370;7.843.431.382.717.280;8.011.646.583.628.570;13135900;-0.025758912389226327;10.372.350.051.818.800
22/05/2025;788.822.250.366.211;79.399.808.534.623;7.809.589.027.324.230;7.861.348.136.523.310;7778900;-0.0010089450102181965;6.136.169.403.373.710
23/05/2025;786.731.948.852.539;7.891.207.897.545.730;7.763.802.036.905.450;7.768.779.136.842.490;6078200;-0.0026534190205942565;4.781.914.131.515.500
27/05/2025;789.320.068.359.375;7.987.759.526.881.340;786.732.112.545.438;7.958.894.011.918.010;15176400;0.003284310168710882;11.979.037.085.449.200
28/05/2025;7.840.444.946.289.060;7.960.884.091.001.790;7.833.477.461.498.960;7.918.083.610.320.100;8407900;-0.006706129813428241;6.592.167.706.390.380
29/05/2025;8.008.662.414.550.780;8.020.607.001.887.710;7.791.674.014.023.440;789.320.110.788.984;8963700;0.0212281715865287;7.178.724.728.530.880
30/05/2025;78.822.509.765.625;7.941.972.385.992.630;7.769.774.883.413.490;792.604.627.179.851;15780500;-0.015910237689839332;12.438.586.153.564.400
2/06/2025;8.086.299.133.300.780;8.135.072.288.136.770;7.912.111.247.340.880;7.982.781.669.945.310;13023100;0.025557644509868062;1.053.086.822.428.890
3/06/2025;819.578.857.421.875;8.244.561.729.438.460;8.012.642.817.194.360;8.109.192.796.246.990;12771400;0.013449269316885747;10.467.169.419.677.700
4/06/2025;8.209.724.426.269.530;8.303.287.690.753.690;8.183.844.869.991.430;8.201.761.369.045.660;8291000;0.0016989234536384777;6.806.682.521.820.060
5/06/2025;8.217.686.462.402.340;8.294.329.556.793.220;8.104.215.558.471.990;819.578.843.543.352;8085900;0.0009693599082943269;6.644.739.096.633.910
6/06/2025;8.386.898.040.771.480;8.405.809.351.906.290;8.283.380.577.921.970;8.283.380.577.921.970;10003500;0.02038201392038405;8.389.833.455.085.750
9/06/2025;838.789.291.381.836;8.497.383.049.909.330;8.302.292.708.309.190;8.464.536.009.082.040;11540800;0.00011861525436993832;9.680.299.453.979.490
10/06/2025;8.488.424.682.617.180;8.556.109.150.924.690;8.394.860.657.762.970;842.969.884.362.925;12066900;0.011914086990912894;10.242.897.180.267.300
11/06/2025;8.397.847.747.802.730;8.554.119.147.257.730;8.391.875.074.857.380;8.539.188.603.992.810;12058300;-0.010727980836632265;10.126.376.749.732.900
12/06/2025;8.396.851.348.876.950;8.436.665.873.863.060;831.025.481.398.708;8.352.060.482.891.890;8451100;-0.00011865635951135437;7.096.263.043.449.400
13/06/2025;8.321.205.139.160.150;8.380.926.556.354.800;8.239.585.691.801.030;8.253.520.663.833.150;11206500;-0.009049703359659933;9.325.158.539.199.820
16/06/2025;8.298.310.852.050.780;8.353.055.158.535.310;820.076.530.540.365;8.332.152.704.124.970;9199000;-0.0027551105102371284;7.633.616.152.801.510
17/06/2025;8.171.900.177.001.950;831.622.773.954.604;8.162.942.307.291.760;8.244.561.744.268.820;11632800;-0.015350520656282481;9.506.208.037.902.830
18/06/2025;8.227.641.296.386.710;8.303.288.065.228.280;8.114.169.624.326.430;819.280.310.931.085;9008100;0.006797913726111011;741.154.155.619.812
20/06/2025;819.977.035.522.461;8.290.348.423.936.550;8.131.091.073.925.430;8.272.431.924.597.870;8489200;-0.0033932269422995895;6.960.949.049.957.270
23/06/2025;8.189.517.211.914.060;8.246.257.487.859.380;8.053.141.873.999.290;8.212.412.757.401.650;11661300;-0.0012512007744273313;9.550.041.706.329.340
24/06/2025;834.381.103.515.625;8.378.651.420.998.430;8.198.476.311.740.670;8.260.194.109.135.000;9675700;0.01866512300546786;8.073.221.243.286.130
25/06/2025;8.289.061.737.060.540;8.346.797.670.518.400;8.210.422.330.496.290;8.340.825.249.630.860;7246400;-0.0065832879960185265;6.006.585.697.143.550
26/06/2025;8.329.875.183.105.460;8.353.765.625.769.440;8.243.271.284.186.270;8.307.975.294.220.370;9316800;0.00491168939288188;7.760.778.110.595.700
27/06/2025;8.263.179.779.052.730;8.374.669.006.456.840;8.215.398.139.119.970;8.321.910.602.851.190;11032700;-0.008038997446782454;911.651.835.483.551
30/06/2025;8.255.216.217.041.010;833.684.258.571.063;8.231.325.776.310.820;8.288.066.047.709.660;8503400;-0.0009642053175832746;7.019.740.557.998.650
1/07/2025;8.270.148.468.017.570;8.448.333.025.107.520;8.166.622.206.718.550;8.208.430.670.090.230;11537600;0.001807192195165843;9.541.766.496.459.960
2/07/2025;8.440.369.415.283.200;8.488.150.299.991.800;823.331.688.964.333;8.262.184.855.575.530;10887400;0.020373615756985767;9.189.367.797.195.430
3/07/2025;8.485.164.642.333.980;8.507.064.532.361.710;8.403.538.262.798.320;8.462.269.855.096.640;4956000;0.005293225193190357;42.052.475.967.407.200
7/07/2025;8.319.920.349.121.090;8.474.213.698.882.340;82.641.749.739.466;8.448.332.704.138.450;8494300;-0.019666621062167596;7.067.189.942.153.930
8/07/2025;8.432.405.853.271.480;8.497.109.863.786.120;8.306.979.699.293.020;8.331.865.798.763;9617300;0.013429441780062383;8.109.697.681.266.780
9/07/2025;8.746.966.552.734.370;8.750.948.419.802.310;8.515.027.922.405.400;852.498.221.034.351;14875400;0.036624837430319274;13.011.462.625.854.400
10/07/2025;8.797.733.306.884.760;8.820.628.851.769.060;8.664.344.182.882.410;8.746.966.212.535.870;9903200;0.005787148967230841;8.712.571.248.474.120
11/07/2025;8.662.353.515.625;8.750.948.731.986.130;8.630.499.337.408.590;871.809.889.710.135;7716800;-0.015507655342075911;66.845.649.609.375
14/07/2025;8.786.782.836.914.060;8.814.655.903.637.560;8.634.480.044.054.700;8.643.439.433.938.820;6410900;0.014262187875507572;5.633.118.608.917.230
15/07/2025;8.551.859.283.447.260;8.832.574.445.145.450;8.529.959.395.175.350;8.829.587.475.365.540;12109600;-0.027099922715419725;10.355.959.517.883.300
16/07/2025;8.741.989.135.742.180;8.748.957.213.330.260;8.604.618.137.807.130;860.760.434.827.867;13045500;0.021989034314672654;1.140.436.192.703.240
17/07/2025;877.185.287.475.586;8.833.569.917.215.280;8.730.043.649.213.990;875.194.353.891.128;8903900;0.0034103045966895115;781.037.008.115.387
18/07/2025;85.876.953.125;88.654.242.880.009;8.568.782.392.365.510;8.786.784.118.496.610;14199700;-0.021217657167819082;12.194.269.712.890.600
21/07/2025;8.547.877.502.441.400;8.714.116.460.411.090;8.526.973.270.552.710;8.608.599.644.364.320;9134900;-0.00464739430130744;78.084.006.197.052
22/07/2025;863.348.617.553.711;864.443.536.086.794;8.511.046.228.956.590;8.528.964.251.396.100;8446500;0.00996537680863391;729.227.409.816.742
23/07/2025;8.781.806.945.800.780;8.830.583.488.352.770;8.644.435.189.992.210;87.220.804.586.709;12211700;0.017033805344763776;1.072.407.918.800.350
24/07/2025;8.709.138.488.769.530;8.815.650.955.939.490;8.686.243.704.315.630;8.786.782.991.636.530;10815700;-0.00830931357219958;9.419.542.915.298.460
25/07/2025;8.721.084.594.726.560;874.696.635.033.755;8.633.485.799.649.290;8.717.102.727.750.750;9111500;0.0013707349321096718;7.946.216.228.485.100
28/07/2025;8.617.558.288.574.210;8.777.824.826.095.920;8.567.786.090.821.220;8.729.048.284.947.760;12818500;-0.011941826952225565;11.046.417.092.208.800
29/07/2025;8.544.890.594.482.420;8.642.444.436.799.240;8.505.073.443.623.440;8.625.522.071.737.830;11511500;-0.008468270332067892;983.645.080.783.844
30/07/2025;8.584.707.641.601.560;8.740.992.297.345.180;8.531.949.238.501.220;8.649.411.644.436.530;11644000;0.004648926178250655;9.996.033.577.880.850
31/07/2025;8.526.973.724.365.230;870.714.884.651.645;849.412.388.987.894;857.077.274.421.679;11802100;-0.006747920917279193;10.063.619.659.233.000
1/08/2025;8.553.849.792.480.460;8.564.799.736.559.210;8.400.551.334.841.450;8.444.351.111.156.440;9334100;0.0031469314425733226;7.984.248.934.799.190
4/08/2025;8.642.444.610.595.700;865.638.076.556.929;845.828.762.604.746;8.551.859.603.267.380;7662100;0.010304034102100134;6.621.927.485.084.530
5/08/2025;8.645.430.755.615.230;870.217.103.171.084;8.526.973.439.235.950;8.613.576.578.850.390;8943700;0.0003454611958928583;7.732.213.904.899.590
6/08/2025;8.573.758.697.509.760;8.598.644.796.926.100;84.592.832.477.654;8.578.736.221.178.420;11585000;-0.00832472076714943;9.932.699.451.065.060
7/08/2025;849.312.744.140.625;8.549.867.714.109.250;8.413.491.624.523.970;8.533.941.006.410.860;9802700;-0.009448924116259432;8.325.558.036.987.300
8/08/2025;8.504.077.911.376.950;8.556.836.320.553.760;8.465.255.657.097.280;8.503.082.254.751.870;6667100;0.0012885025812720162;5.669.753.784.294.120
11/08/2025;8.477.201.080.322.260;8.557.831.797.601.390;8.442.359.934.347.040;8.462.269.269.113.370;6216000;-0.0031654686917758617;52.694.281.915.283.200
12/08/2025;8.652.398.681.640.620;8.664.344.282.517.200;8.498.105.324.167.950;8.509.055.268.438.950;9684500;0.020456252699139102;8.379.415.503.234.860
13/08/2025;8.911.213.684.082.030;8.939.086.751.936.470;8.687.238.800.915.660;8.708.143.791.672.350;14986100;0.029473861414538876;13.354.433.939.102.100
14/08/2025;8.916.191.101.074.210;8.949.040.932.484.430;8.806.692.422.503.600;8.808.682.976.166.290;11579800;0.0005584006400827197;10.324.770.971.221.900
15/08/2025;9.026.686.096.191.400;9.032.658.517.079.590;8.909.223.675.454.910;8.936.100.328.915.250;10672400;0.012316463039468609;9.633.640.469.299.310
18/08/2025;8.979.900.360.107.420;9.092.385.260.294.440;897.094.172.852.296;9.018.722.615.900.440;6353200;-0.005196525335937489;5.705.110.296.783.440
19/08/2025;8.839.543.151.855.460;8.935.105.686.104.380;8.819.633.815.888.910;8.926.146.295.053.560;8271800;-0.015753590836384095;7.311.893.304.351.800
20/08/2025;8.881.351.470.947.260;889.628.328.280.875;8.777.825.204.028.070;8.814.656.905.357.930;7956400;0.00471854243843627;7.066.358.484.344.480
21/08/2025;8.951.032.257.080.070;8.961.982.201.826.570;8.782.802.737.677.800;8.820.629.336.234.390;8439100;0.00781512352449114;7.553.865.632.072.440
22/08/2025;9.050.576.782.226.560;9.156.094.364.019.950;8.955.014.248.132.110;8.987.864.082.826.190;9891300;0.011059626901016147;895.219.701.260.376
25/08/2025;8.838.546.752.929.680;9.076.457.791.639.750;8.819.633.075.215.710;9.046.594.169.929.630;8513200;-0.02370601985336409;7.524.431.621.704.100
26/08/2025;8.949.041.748.046.870;895.401.851.238.888;8.830.583.668.539.980;8.866.419.713.441.840;6180600;0.012423990626990197;5.531.044.742.797.850
27/08/2025;898.786.392.211.914;900.677.760.105.273;8.923.159.910.550.510;8.938.091.722.368.420;5737100;0.004328754960007495;5.156.427.410.758.970
28/08/2025;898.786.392.211.914;9.071.480.853.157.850;8.961.982.165.598.990;899.682.255.353.179;4462900;0.0;4.011.193.789.802.550
29/08/2025;8.944.063.568.115.230;9.026.685.596.659.210;8.892.300.817.867.300;8.982.885.820.667.040;5049800;-0.0048851905224348395;4.516.573.220.626.830
2/09/2025;9.245.683.288.574.210;9.308.396.744.528.000;9.068.494.384.029.730;9.087.408.062.423.850;14515200;0.03316674735891138;1.342.029.420.703.120
3/09/2025;9.322.332.763.671.870;9.442.781.390.745.040;9.218.806.501.513.830;9.264.596.832.176.590;9128600;0.008256122816058567;8.509.984.686.645.500
4/09/2025;9.304.415.130.615.230;9.354.187.330.300.160;9.206.861.285.068.830;9.316.359.972.482.980;7801200;-0.0019238611790728547;7.258.560.331.695.550
5/09/2025;950.350.341.796.875;952.142.143.926.969;9.327.309.415.265.580;9.329.300.728.445.380;13163100;0.02117147873157758;12.509.556.584.106.400
8/09/2025;9.399.977.111.816.400;946.468.111.950.635;933.726.441.729.668;9.454.726.832.045.610;10459300;-0.010953257102525177;9.831.718.060.562.130
9/09/2025;9.454.727.172.851.560;9.455.722.070.009.080;9.323.328.599.028.500;9.396.991.240.249.320;6725100;0.005807592003904632;6.358.398.571.014.400
10/09/2025;934.721.908.569.336;9.485.585.737.587.850;9.307.401.174.764.230;9.473.640.136.470.070;10477300;-0.011435971292456451;9.793.361.852.653.500
11/09/2025;9.526.398.468.017.570;9.530.380.335.024.370;9.338.259.618.861.300;9.356.177.640.660.160;7953900;0.018987855953600908;7.577.202.077.476.500
12/09/2025;9.369.119.262.695.310;9.521.422.074.177.440;9.366.132.292.726.430;9.498.526.527.863.730;9366000;-0.016647634635815308;877.511.710.144.043
15/09/2025;9.300.433.349.609.370;940.196.830.374.272;9.221.793.182.243.500;9.365.137.361.691.520;9160400;-0.007358100583272024;8.519.568.965.576.170
16/09/2025;9.331.291.961.669.920;9.370.114.217.405.100;9.283.511.074.363.620;9.310.387.728.540.470;6439800;0.0033124833864229862;6.009.165.397.476.190
17/09/2025;933.427.734.375;9.537.347.995.437.430;9.306.405.035.384.480;9.363.145.308.689.540;15125300;0.0003198811733716208;14.118.374.510.742.100
18/09/2025;9.623.951.721.191.400;9.628.929.244.510.710;9.427.849.150.040.290;9.435.812.883.565.810;9284900;0.030561601792884797;8.935.742.933.609.000
19/09/2025;9.516.444.396.972.650;9.659.788.574.628.230;9.493.549.610.491.460;9.654.811.050.890.500;7144100;-0.01123367083207591;6.798.643.041.641.230
22/09/2025;968.840.560.913.086;9.724.251.773.809.440;9.493.242.819.357.210;9.557.965.103.342.330;11373600;0.017908581216725932;11.019.205.003.601.000
23/09/2025;9.635.631.561.279.290;9.733.212.956.379.050;9.620.696.292.362.260;9.667.494.734.432.240;7122400;-0.005462024171232979;6.862.882.223.205.560
24/09/2025;970.234.603.881.836;9.765.076.449.358.340;9.656.542.773.390.720;9.684.422.955.852.930;9202600;0.00689986756609392;8.928.680.965.682.980
25/09/2025;954.502.182.006.836;9.656.543.315.860.080;9.533.072.844.194.160;9.633.641.302.020.710;9148300;-0.016347972742118126;8.732.072.311.653.130
26/09/2025;975.312.728.881.836;9.758.106.218.311.130;9.545.021.102.481.440;9.586.841.375.380.050;12363300;0.021568237956484663;12.058.083.860.984.800
29/09/2025;9.897.508.239.746.090;9.906.469.401.538.300;9.759.102.503.316.540;979.096.567.804.109;9957300;0.014695051353252431;9.855.245.879.562.370
30/09/2025;9.977.165.985.107.420;10.010.025.098.321.900;9.844.735.113.716.790;9.899.499.542.729.720;12913900;0.00801604806268925;12.884.412.381.507.800
1/10/2025;10.095.657.348.632.800;10.171.332.673.593.800;9.968.204.649.547.690;9.968.204.649.547.690;9736200;0.011806285335345848;9.829.333.907.775.870
2/10/2025;10.215.144.348.144.500;10.216.140.286.043.200;10.057.820.345.655.700;10.120.550.759.071.400;8601200;0.011765993264088285;8.786.249.956.726.070
3/10/2025;1.031.571.273.803.710;10.365.498.997.158.500;10.235.059.241.357.200;10.254.973.441.134.600;12886500;0.009796882209001876;1.329.334.321.987.150
6/10/2025;10.319.695.281.982.400;10.406.323.642.577.600;10.300.776.261.240.500;10.367.490.422.922.700;7956100;0.00038599130105839596;8.210.452.763.298.030
7/10/2025;10.323.678.588.867.100;10.360.520.693.626.700;1.021.116.191.818.570;10.341.601.672.307.200;6746400;0.00038591627116026556;6.964.766.523.193.350
8/10/2025;10.498.926.544.189.400;10.607.460.224.196.700;10.329.652.807.731.400;10.385.413.934.409.300;11850000;0.016832869101558467;12.441.227.954.864.500
9/10/2025;10.606.464.385.986.300;10.680.148.596.989.200;10.531.784.996.761.900;10.540.746.918.501.400;12143500;0.010190644920501183;12.879.960.027.122.400
10/10/2025;10.454.118.347.167.900;10.662.225.302.731.400;10.368.485.921.773.300;10.655.255.256.928.500;16973100;-0.014467661989828602;17.743.879.611.831.600
13/10/2025;10.481.998.443.603.500;1.054.074.662.318;10.400.349.010.726.200;10.467.063.173.919.500;10190500;0.0026633509159934114;10.681.680.513.954.100
14/10/2025;10.467.063.903.808.500;10.555.683.388.610.700;10.298.786.096.639.600;10.368.486.558.952.000;7819800;-0.0014257957780906755;8.185.034.631.500.240
15/10/2025;10.790.673.828.125;1.081.556.695.711.510;10.491.956.280.243.400;10.505.896.371.703.600;11955900;0.030448670517568412;12.901.221.722.167.900
16/10/2025;1.074.487.075.805.660;11.048.566.481.472.300;10.653.263.464.345.600;10.922.109.718.152.700;17515100;-0.004253724715351589;18.819.748.581.443.700
17/10/2025;10.733.917.236.328.100;10.837.471.981.631.100;10.604.472.665.182.400;107.040.451.784.705;9981100;-0.001019938618597571;10.713.630.132.751.400
20/10/2025;10.969.904.327.392.500;1.100.674.643.321.390;10.787.686.433.780.200;10.836.477.515.465.200;8697800;0.02174698965127881;9.541.403.385.879.510
21/10/2025;1.090.916.519.165.030;11.006.746.596.792.700;10.861.370.806.841.100;10.965.921.498.410.000;6792800;-0.005552273758880388;7.410.377.731.384.270
22/10/2025;1.068.612.289.428.710;1.090.916.512.801.100;10.610.447.565.822.900;10.840.460.605.288.800;10679200;-0.02065730523089276;1.141.192.436.126.700
23/10/2025;1.071.001.968.383.780;10.742.878.796.765.700;10.604.473.058.930.400;10.692.096.600.393.400;6341400;0.0022337483871097898;679.165.188.230.896
24/10/2025;10.792.665.100.097.600;10.847.430.288.538.200;10.759.805.987.033.200;1.082.851.126.713.550;5692700;0.0076870236486193625;6.143.940.461.532.590
27/10/2025;11.111.296.844.482.400;11.136.189.973.815.500;10.942.023.868.888.400;10.953.972.844.452.400;13303700;0.02909557851563084;1.478.213.598.299.400
28/10/2025;1.115.212.173.461.910;1.119.493.794.666.590;11.034.626.135.956.500;1.109.735.654.722.970;9438100;0.0036674453880552477;10.525.484.014.350.800
29/10/2025;11.048.566.436.767.500;11.212.861.242.371.900;10.974.882.986.619.900;11.144.155.962.286.200;8714900;-0.009329084585264139;9.628.715.163.978.570
30/10/2025;11.143.161.010.742.100;11.272.604.830.155.800;10.975.879.147.762.400;1.101.172.455.584.270;9328800;0.008525262138894681;10.395.232.043.701.100
31/10/2025;11.222.817.993.164.000;112.526.900.513.188;1.103.661.711.797.920;11.138.181.507.962.900;11962400;0.007123079138398361;13.425.183.796.142.500
3/11/2025;10.939.036.560.058.500;11.145.151.635.747.500;1.074.287.858.393.520;11.050.558.050.356.700;15230300;-0.025611299288021687;1.666.048.085.206.600
4/11/2025;1.075.781.478.881.830;10.971.895.851.527.400;10.753.831.796.991.400;10.786.690.909.804.900;13665400;-0.016705279739912083;1.470.098.422.151.180
5/11/2025;10.874.314.880.371.000;10.938.041.232.762.100;10.686.122.877.266.600;1.071.300.712.356.230;9127700;0.010771127916359488;9.925.748.393.356.320
6/11/2025;10.882.279.968.261.700;109.609.423.441.967;10.820.544.737.107.200;10.880.288.092.594.600;11352600;0.0007321998963433226;123.542.171.567.688
7/11/2025;10.849.421.691.894.500;10.850.417.629.804.700;10.584.559.183.632.900;10.787.686.455.988.400;15136300;-0.0030239971006930572;1.642.201.015.550.230
10/11/2025;109.619.384.765.625;1.105.653.282.735.650;10.881.284.977.617.700;10.980.857.498.656.900;11453400;0.010317355900274413;12.555.146.614.746.000
11/11/2025;11.352.262.878.417.900;11.366.202.970.026.800;10.906.177.667.899.900;10.941.027.896.922.000;13743200;0.03498796242317109;15.601.641.919.067.300
12/11/2025;11.362.220.001.220.700;11.446.856.488.925.600;11.289.531.729.388.700;11.322.390.842.395.400;12302600;0.0008767202399704735;13.978.484.778.701.700
13/11/2025;11.143.161.010.742.100;11.387.113.379.401.900;11.139.178.018.804.800;1.127.459.670.596.350;14770400;-0.019467869385890464;1.645.889.453.930.660
14/11/2025;11.352.262.878.417.900;1.148.668.562.446.240;11.063.502.427.117.800;11.070.472.472.922.200;14433900;0.018591149145920038;16.385.742.716.079.700
17/11/2025;11.433.912.658.691.400;11.568.335.408.811.800;11.257.668.872.798.100;11.302.476.962.623.700;12401800;0.007166637473316832;14.180.109.801.055.900
18/11/2025;11.468.762.969.970.700;11.540.455.306.456.600;11.276.587.974.542.800;1.134.429.731.903.750;9910700;0.003043342074330307;11.366.346.916.648.800
19/11/2025;11.401.053.619.384.700;1.150.261.725.623.360;11.298.494.044.619.100;1.143.192.085.770.270;10309600;-0.0059213022680524256;11.754.030.239.440.900
20/11/2025;11.334.339.904.785.100;11.739.600.022.605.200;11.325.377.983.133.700;1.156.534.811.612.790;13951600;-0.005868726750456151;15.813.217.661.560.000
21/11/2025;11.615.133.666.992.100;11.712.714.303.250.600;11.308.450.147.966.700;11.333.343.275.945.800;11618700;0.024471827159189073;13.495.275.353.668.200
24/11/2025;11.906.881.713.867.100;11.927.791.851.185.700;11.660.937.476.388.600;11.670.894.576.110.100;9908800;0.02480765396064829;11.798.290.952.636.700
25/11/2025;12.085.116.577.148.400;12.089.099.568.961.900;11.904.889.806.059.400;11.932.769.989.075.700;10532400;0.01485813229022486;1.272.852.818.371.580
26/11/2025;12.232.483.673.095.700;12.294.218.907.682.900;1.204.429.167.502.330;12.103.039.855.621.700;8946600;0.012120348922614871;10.943.913.842.971.800
28/11/2025;12.263.351.440.429.600;12.275.299.656.160.800;1.219.663.727.732.590;12.250.406.527.150.200;4255500;0.002520247505697077;52.186.692.054.748.500
1/12/2025;11.933.765.411.376.900;12.144.859.410.303.000;11.922.812.374.282.600;12.132.910.435.378.800;10987500;-0.027243445230347628;13.112.224.745.750.400
2/12/2025;11.795.359.802.246.000;11.974.590.629.569.300;1.172.167.635.531.450;11.928.787.364.737.400;22047200;-0.011665594704502678;2.600.546.566.320.800
3/12/2025;1.213.092.041.015.620;12.143.864.564.396.100;1.182.324.092.537.560;11.825.232.801.214.300;10792000;0.028051381867200832;13.091.689.306.640.600
4/12/2025;12.272.312.927.246.000;1.230.815.909.474.490;1.202.636.868.455.920;12.070.180.835.875.200;10978100;0.011588144683427358;13.472.667.854.660.000
5/12/2025;1.228.824.462.890.620;12.364.915.132.371.600;1.221.655.229.546.020;12.324.090.035.951.200;7524500;0.001297340572035214;9.246.289.671.020.500
8/12/2025;12.313.137.817.382.800;12.533.192.988.800.600;12.288.244.688.131.700;12.461.500.655.009.200;9670300;0.0020237234250276848;119.071.736.635.437
9/12/2025;12.067.193.603.515.600;12.346.992.133.772.700;12.061.218.735.902.100;12.255.385.600.264.200;9640500;-0.020176309573739528;11.633.377.993.469.200
10/12/2025;12.152.826.690.673.800;12.211.574.114.379.100;12.014.420.944.994.500;12.071.177.252.505.600;9219200;0.007071294156249998;11.203.933.982.666.000
11/12/2025;12.249.410.247.802.700;1.232.209.851.674.560;12.127.932.419.746.900;12.148.842.556.371.500;7018100;0.007916000629262468;8.596.758.606.010.430
12/12/2025;1.226.036.376.953.120;12.308.158.912.046.200;12.137.889.998.793.100;12.248.415.553.661.000;7792700;0.000893808523080902;9.554.133.674.682.610
15/12/2025;12.231.487.274.169.900;12.399.765.066.189.000;12.169.752.801.587.600;12.288.244.336.529.200;7533000;-0.002358050331941924;9.213.979.363.632.200
16/12/2025;12.148.843.383.789.000;12.229.496.881.931.100;12.046.283.809.687.900;1.216.776.164.601.710;7972000;-0.006779580481072068;9.685.057.945.556.640
17/12/2025;12.042.300.415.039.000;12.246.423.618.505.200;1.202.935.550.167.170;12.166.766.060.937.200;7928000;-0.008808484503160647;9.547.135.769.042.960
18/12/2025;11.949.697.875.976.500;12.150.834.024.343.000;11.907.876.841.837.900;12.059.227.491.806.900;7083800;-0.007719490289359415;8.464.926.981.384.270
19/12/2025;12.290.235.900.878.900;12.349.979.259.615.700;12.022.385.584.933.900;12.022.385.584.933.900;13016100;0.028099122219432792;15.997.093.950.942.900
22/12/2025;12.578.652.954.101.500;12.637.594.729.676.700;12.279.945.620.804.200;1.231.990.654.709.120;10518300;0.023196049236400482;13.230.604.536.712.600
23/12/2025;12.476.752.471.923.800;12.623.608.436.803.100;12.455.773.157.254.100;12.533.696.543.796.200;6775100;-0.008134056685990336;8.453.124.567.253.110
24/12/2025;1.261.761.474.609.370;12.630.601.723.307.000;12.495.734.262.953.200;12.531.699.020.673.100;3303100;0.01122672291022843;41.677.243.267.822.200
26/12/2025;12.485.743.713.378.900;1.258.764.334.797.450;12.405.821.863.435.900;12.576.654.074.552.600;5653900;-0.010506342882753213;70.593.146.381.073
29/12/2025;12.326.899.719.238.200;12.429.798.590.509.300;12.296.928.833.811.700;12.390.836.896.769.600;7372200;-0.012803647023913619;9.087.637.011.016.840
30/12/2025;1.215.506.820.678.710;12.324.901.953.018.700;12.122.100.385.424.400;12.301.924.172.683.400;7879400;-0.014037624315811473;9.577.464.442.855.830
31/12/2025;1.218.104.248.046.870;12.267.957.434.850.000;12.083.138.252.699.200;12.139.083.852.363.700;7327700;0.00213462897817902;8.925.902.498.413.080
2/01/2026;12.140.082.550.048.800;12.242.982.181.171.400;12.012.208.197.893.600;12.215.008.999.720.100;8840800;-0.003368262701119301;10.732.804.180.847.100
5/01/2026;12.003.217.315.673.800;12.162.061.022.144.400;11.816.400.427.924.500;12.121.101.626.249.800;11833100;-0.011337861954991379;14.203.527.081.809.900
6/01/2026;12.197.026.824.951.100;12.207.017.628.160.400;1.196.425.589.668.460;11.987.232.914.807.000;8364800;0.016017495673466168;10.202.568.998.535.100
7/01/2026;12.630.601.501.464.800;12.899.337.184.684.900;12.262.962.355.156.600;12.282.942.437.009.400;19350100;0.034930340881457696;24.440.340.211.349.400
8/01/2026;12.358.867.645.263.600;12.535.694.487.853.400;12.224.000.192.459.100;12.474.754.249.694.400;14907800;-0.02174872667562754;18.424.352.708.206.100
9/01/2026;1.243.779.067.993.160;12.588.642.812.435.100;12.402.825.155.759.600;12.507.721.728.275.600;9956800;0.006365640090577278;12.384.059.424.194.300
12/01/2026;12.380.846.405.029.200;12.404.822.655.183.000;12.144.078.552.913.700;12.385.841.806.482.300;10175000;-0.004588839800709229;1.259.751.121.711.730
13/01/2026;1.237.285.385.131.830;12.416.810.944.324.500;12.175.048.457.173.000;12.323.902.119.137.700;8421700;-0.0006457664030764965;10.420.046.327.964.700
14/01/2026;12.669.563.293.457.000;12.676.556.398.379.200;12.333.892.732.809.300;12.365.861.321.338.000;10927700;0.02369765871853767;1.384.491.868.019.100
15/01/2026;1.242.280.502.319.330;1.270.952.384.083.960;12.405.821.877.773;12.637.594.328.246.000;10400500;-0.019668627693421016;12.920.338.364.372.200
16/01/2026;12.405.821.990.966.700;1.255.567.488.950.690;12.351.874.856.029.300;12.447.780.619.632.100;9758200;-0.0013680204600515107;1.210.584.921.522.520
20/01/2026;12.516.712.951.660.100;12.528.701.457.697.300;12.115.106.764.612.800;12.229.994.137.014.500;10780000;0.008898909580511892;13.493.016.561.889.600
21/01/2026;12.805.429.077.148.400;12.816.418.350.785.400;12.476.752.387.359.300;1.250.972.020.827.020;8406000;0.02280444024884439;10.764.243.682.250.900
22/01/2026;13.144.097.900.390.600;1.319.604.580.737.810;12.806.428.883.058.900;12.815.419.691.070.300;9726200;0.026103601349287138;1.278.421.249.987.790
23/01/2026;1.279.144.287.109.370;13.154.087.376.834.400;12.773.461.254.800.400;13.080.159.397.402.600;11376600;-0.027196407335491845;14.552.312.896.728.500
26/01/2026;12.773.461.151.123.000;1.283.639.985.640.380;12.578.652.687.613.900;12.668.563.817.115.800;6799300;-0.0014067506704099734;8.685.059.440.483.090
27/01/2026;12.840.394.592.285.100;1.298.025.668.073.430;12.740.492.664.997.800;12.774.459.716.614.900;6965800;0.005226358279581585;8.944.362.065.093.990
28/01/2026;12.581.649.780.273.400;12.858.378.563.585.700;12.567.663.570.523.800;12.848.387.760.457.800;8477500;-0.020356643496209786;10.666.093.601.226.800
29/01/2026;12.661.570.739.746.000;12.722.510.979.681.600;1.252.870.174.849.140;12.580.650.418.142.600;6083400;0.006332094310057363;7.702.539.943.817.130
30/01/2026;1.246.276.626.586.910;12.701.531.827.141.700;12.366.860.500.696.900;12.604.626.829.216.000;10206300;-0.015825979664494408;1.271.987.313.393.400
2/02/2026;12.722.511.291.503.900;1.274.249.213.585.270;12.390.836.897.226.000;12.392.835.362.756.500;5748400;0.020627466577521736;7.313.408.390.808.100
3/02/2026;12.752.481.842.041.000;1.295.728.034.644.720;12.585.645.797.613.700;12.716.517.085.348.800;8920200;0.0023529399366058273;11.375.468.852.737.400
4/02/2026;12.516.712.951.660.100;1.281.941.644.102.200;12.328.897.596.891.200;12.774.460.115.025.900;12029000;-0.01866111953529196;15.056.354.009.552.000
5/02/2026;12.060.161.590.576.100;12.649.583.153.426.000;12.016.204.495.729.000;12.410.817.592.217.600;14456700;-0.037157197307995916;17.435.013.806.648.200
6/02/2026;12.538.691.711.425.700;12.574.656.467.957.400;1.226.695.833.416.010;12.272.952.206.184.900;9603100;0.03891161043351971;12.041.031.037.399.200
9/02/2026;125.986.328.125;1.262.160.983.022.800;12.370.856.527.556.000;12.507.721.687.756.000;5285300;0.004769100595975724;6.658.755.400.390.620
10/02/2026;12.521.707.916.259.700;12.692.540.892.416.500;12.505.724.003.319.300;12.567.663.476.167.600;5884200;-0.00612452972069354;7.368.023.372.085.570
11/02/2026;12.452.776.336.669.900;12.544.685.933.844.200;12.157.066.700.853.800;12.515.714.281.262.700;7805400;-0.005520174425527686;9.719.890.041.824.340
12/02/2026;1.230.592.041.015.620;1.254.868.214.321.400;12.211.013.876.579.300;12.503.726.577.244.200;6850000;-0.011863116246173252;8.429.555.480.957.030
13/02/2026;12.273.951.721.191.400;12.597.633.775.229.400;12.237.986.963.832.500;1.234.787.893.923.280;8805000;-0.002601210195057802;10.807.214.490.509.000
17/02/2026;12.450.777.435.302.700;12.533.696.221.286.000;12.198.025.670.825.300;12.257.966.677.223.700;7777600;0.014303795025531562;9.683.716.658.081.050
18/02/2026;12.547.682.189.941.400;12.624.607.102.466.200;12.378.848.447.414.300;1.239.882.852.843.340;6237900;0.00775289689701365;782.711.867.326.355
19/02/2026;12.661.570.739.746.000;12.666.566.141.258.600;12.330.895.586.338.100;12.462.766.107.043.200;9191400;0.009035517629066403;11.637.756.129.730.200
20/02/2026;12.465.763.092.041.000;12.547.682.646.707.000;12.281.943.900.962.600;12.469.759.260.828.500;13356300;-0.015585546212261008;16.649.647.158.622.700
23/02/2026;1.268.454.818.725.580;12.816.417.942.314.200;12.501.727.472.239.600;12.531.698.356.147.300;10952000;0.017398640664350123;13.892.117.174.682.600
24/02/2026;12.903.334.045.410.100;12.951.286.546.472.300;126.985.347.776.729;12.723.510.260.948.600;9478000;0.017101156565007287;12.229.780.008.239.700
25/02/2026;12.815.420.532.226.500;13.105.135.543.748.100;12.796.438.920.034.900;12.912.325.534.396.600;9733900;-0.006836556204935487;12.474.402.191.864.000
26/02/2026;12.754.479.217.529.200;12.770.463.892.177.700;12.487.741.247.410.500;12.737.496.072.358.700;9223800;-0.004766653814123554;11.764.476.540.664.600
27/02/2026;1.272.450.942.993.160;12.737.496.406.781.000;1.256.366.725.746.670;12.594.636.612.672.200;5937500;-0.002352511069742067;7.555.177.474.021.910
2/03/2026;12.642.589.569.091.700;1.271.851.448.725.050;12.402.824.784.222.700;12.450.777.283.881.800;9334600;-0.006458771310166572;11.801.351.659.164.400
3/03/2026;1.233.788.833.618.160;12.517.712.114.783.800;12.186.037.738.177.300;12.343.882.208.071.300;13501200;-0.024396358360115108;16.657.629.800.445.500
4/03/2026;1.262.960.205.078.120;12.696.536.162.243.700;12.316.909.278.251.000;12.432.795.122.942.300;8470000;0.023368547266465152;10.697.272.937.011.700
5/03/2026;12.377.849.578.857.400;12.545.684.855.804.900;12.259.965.268.118.100;12.464.763.772.257.400;10130700;-0.0201348766688249;12.539.628.072.853.000
6/03/2026;1.238.783.950.805.660;12.402.824.950.222.300;12.073.148.271.341.100;12.165.057.865.410.500;11373300;0.0008067556453602253;1.408.906.150.769.800
9/03/2026;1.269.953.384.399.410;12.739.494.006.958.500;12.347.878.617.253.400;1.240.781.962.389.140;12194300;0.024849981002724585;15.486.192.555.381.700
10/03/2026;1.273.050.308.227.530;12.898.338.356.638.100;12.656.575.866.839.100;12.656.575.866.839.100;10042000;0.002435643619480018;12.783.971.195.220.900
11/03/2026;12.625.605.773.925.700;12.753.480.885.932.800;12.529.700.011.563.900;12.654.577.425.398.300;7379400;-0.008273975109610678;9.316.939.524.810.790
12/03/2026;122.499.755.859.375;12.472.756.474.921.400;12.169.054.500.020.900;12.462.766.433.825.500;11524800;-0.030203012099394806;1.411.785.186.328.120
13/03/2026;12.171.052.551.269.500;12.478.750.684.572.900;12.085.136.828.825.100;12.330.895.489.936.500;10405300;-0.006463553376357281;12.664.345.311.172.400
16/03/2026;12.378.849.029.541.000;12.440.787.740.927.400;12.297.927.944.568.700;12.317.908.788.718.600;7354200;0.0169289021565987;9.103.653.153.305.050
17/03/2026;1.240.682.144.165.030;12.506.723.375.765.400;12.354.872.009.083.400;12.369.857.451.638.900;5898900;0.0022571448303417368;7.318.659.900.215.140
18/03/2026;1.209.912.338.256.830;12.322.903.503.069.100;12.094.127.980.952.600;12.307.918.060.413.400;9336100;-0.02511343535802985;11.295.862.581.199.600
19/03/2026;12.221.003.723.144.500;12.323.902.592.826.600;11.957.262.679.352.500;12.017.203.687.088.700;11717300;0.010023085850589048;14.319.716.692.520.100
20/03/2026;12.019.200.897.216.700;12.339.885.999.528.100;1.194.127.751.413.810;12.158.064.518.280.800;12186700;-0.016650642306875296;14.647.439.557.411.100
23/03/2026;12.158.065.032.958.900;12.315.910.271.215.800;12.083.138.582.643.600;12.173.050.475.460.300;8366700;0.011487292496848737;10.172.288.271.125.700
24/03/2026;11.942.276.763.916.000;12.051.169.501.401.700;11.807.409.311.303.100;12.014.206.275.227.200;10280000;-0.017907964765490416;12.276.660.513.305.600
25/03/2026;12.379.846.954.345.700;1.248.774.122.142.470;12.098.123.542.878.000;12.112.109.752.070.700;11469100;0.035985131317635664;1.419.857.027.040.860
26/03/2026;12.377.849.578.857.400;12.551.678.727.848.700;12.239.984.424.320.000;12.239.984.424.320.000;11477100;-0.0001613539038203012;14.206.181.740.150.400
27/03/2026;11.947.271.728.515.600;12.356.870.261.062.300;11.939.280.153.189.800;12.311.913.934.172.700;10706300;-0.03540560587122811;12.791.107.530.700.600
30/03/2026;11.866.351.318.359.300;12.049.172.036.188.100;11.816.400.352.538.900;11.961.258.610.733.000;9306200;-0.0067961705330548275;11.043.063.863.891.600
31/03/2026;12.760.474.395.751.900;12.782.452.181.043.900;12.261.963.195.120.000;12.275.949.404.938.200;18482500;0.07264568103479874;23.584.546.801.948.500
1/04/2026;12.842.393.493.652.300;13.132.108.482.868.200;12.790.444.062.872.200;12.866.368.981.410.400;20031500;0.006399234476728386;2.572.524.052.680.960
2/04/2026;1.288.335.418.701.170;12.982.256.126.893.200;125.446.859.267.061;12.553.677.497.180.600;9896100;0.0031844149667721974;12.749.496.137.008.600
6/04/2026;12.867.369.079.589.800;1.304.119.746.476.140;12.853.382.870.157.800;12.902.333.840.978.500;6290400;-0.0012415270289421966;8.094.089.845.825.190
7/04/2026;12.872.364.807.128.900;12.909.328.034.910.700;12.624.607.675.416.300;12.784.450.617.396.400;9788800;0.00038817243595263786;12.600.500.462.402.300
8/04/2026;13.052.186.584.472.600;13.313.930.678.449.300;12.966.270.863.435.800;1.322.901.342.793.790;7511800;0.01387292367223437;980.454.151.852.417
9/04/2026;13.169.073.486.328.100;1.320.203.978.262.770;12.942.295.672.511.200;1.295.728.035.264.730;5596600;0.008915488864960804;7.370.203.667.358.390
10/04/2026;1.293.130.645.751.950;13.214.029.110.968.700;12.863.372.350.368.500;1.319.604.597.034.130;10034300;-0.018219934486122854;12.975.660.838.668.800
13/04/2026;13.192.050.170.898.400;13.346.898.467.386.700;13.006.232.519.989.000;13.017.221.793.272.200;7851900;0.019963159903036605;10.358.265.873.687.700
14/04/2026;13.558.689.880.371.000;1.362.662.246.015.970;1.328.995.344.836.090;1.330.693.659.330.800;11046900;0.02741327297213556;14.978.149.123.947.100
15/04/2026;13.631.617.736.816.400;13.736.515.065.831.900;13.431.813.881.313.300;1.362.362.539.967.030;8563800;0.005364266734240539;11.673.844.797.454.800
16/04/2026;13.532.716.369.628.900;13.649.601.447.058.100;13.457.789.920.683.200;13.600.648.951.636.000;6839900;-0.007281739637682847;9.256.242.669.662.470
17/04/2026;1.385.340.118.408.200;13.905.350.617.261.200;13.707.545.212.209.200;13.763.490.052.071.800;10212700;0.02342058689385111;14.148.063.027.267.400
20/04/2026;1.376.548.614.501.950;13.849.404.924.025.000;13.686.564.291.729.800;13.785.467.750.352.800;6034000;-0.006366319898986121;8.306.094.339.904.780
21/04/2026;13.625.624.084.472.600;13.811.441.734.058.000;13.565.682.317.103.500;13.784.467.786.303.700;6756500;-0.010212311578905679;920.615.291.267.395
22/04/2026;1.371.753.387.451.170;13.854.399.031.907.900;13.634.615.089.020.200;13.780.472.578.719.300;4641000;0.006722715520363882;6.366.307.471.160.880
23/04/2026;1.343.581.085.205.070;13.798.453.814.287.500;1.334.589.820.217.740;13.668.582.527.330.200;7785000;-0.020751265432612263;10.459.778.748.321.500
24/04/2026;1.331.492.919.921.870;1.347.577.136.859.050;13.184.057.913.927.700;13.439.806.612.570.000;6790700;-0.009037692071256338;9.041.768.971.313.470
27/04/2026;13.290.953.063.964.800;13.572.677.258.776.000;1.324.999.442.821.400;13.330.914.753.503.200;6658700;-0.0018023188636994939;885.004.691.670.227
28/04/2026;1.310.313.720.703.120;13.430.815.408.037.800;1.309.414.639.938.720;132.100.314.770.244;7649700;-0.014231900029313946;10.023.506.869.262.600
29/04/2026;12.877.359.008.789.000;13.048.191.990.981.300;12.763.471.624.313;12.992.247.150.426.500;9033100;-0.017381029238814988;11.632.247.166.229.200
30/04/2026;13.120.120.239.257.800;13.171.069.673.185.700;12.919.317.915.019.200;1.296.627.041.821.800;7917900;0.01867629430157329;10.388.380.004.241.900
1/05/2026;13.029.209.899.902.300;13.133.108.763.724.700;12.886.350.867.624.600;13.049.189.981.596.600;8261100;-0.0069531957523217575;10.763.560.590.408.300
4/05/2026;13.336.907.958.984.300;13.363.881.907.526.200;12.967.271.114.435.800;1.298.625.272.546.960;8114200;0.02334147413889257;10.821.833.856.079.100
5/05/2026;13.365.878.295.898.400;13.623.625.453.440.400;13.183.059.108.848.100;13.501.744.979.152.000;8702600;0.0021698371101824894;11.631.789.245.788.500
6/05/2026;1.375.449.676.513.670;13.781.470.712.621.400;13.411.833.882.559.600;13.477.769.521.130.100;8468600;0.028660744563695034;11.648.133.130.523.600
7/05/2026;1.335.289.306.640.620;13.703.548.311.276.100;13.183.060.080.912.100;1.366.658.508.293.910;10692800;-0.029632737649637975;14.277.981.498.046.800
8/05/2026;13.457.789.611.816.400;13.574.674.686.563.000;1.331.393.058.924.120;13.373.870.832.392.500;11783800;0.007825021235867716;15.858.390.122.772.200
11/05/2026;13.461.785.888.671.800;13.796.457.984.339.900;13.401.844.117.262.400;1.351.073.838.613.560;9991800;0.0002969048961973649;13.450.747.224.243.100
12/05/2026;13.477.769.470.214.800;13.535.712.771.371.600;13.312.930.374.411.200;13.428.816.976.724.800;5994100;0.0011866256295288526;807.870.979.814.148
13/05/2026;13.571.678.161.621.000;13.623.626.069.048.900;13.355.889.621.223.500;13.448.797.686.893.800;7037200;0.0069435110084792185;9.550.661.355.895.990
14/05/2026;13.471.775.817.871.000;136.775.735.489.697;13.340.903.009.598.600;13.612.636.380.092.700;5197100;-0.007388316468348682;7.001.416.610.305.780
15/05/2026;1.305.618.438.720.700;1.335.389.173.256.630;13.017.222.692.761.900;13.307.937.695.211.900;9438200;-0.031334895847378495;1.232.268.794.833.370
18/05/2026;12.754.479.217.529.200;13.137.103.792.275.800;12.657.574.223.498.700;13.077.162.024.535.200;8076600;-0.023379399828801238;10.301.282.684.829.700
19/05/2026;12.666.566.467.285.100;1.280.043.545.691.740;12.494.735.016.630.200;12.715.518.202.165.200;12027000;-0.00691656053838001;15.234.079.490.203.800
20/05/2026;13.158.084.106.445.300;13.194.048.862.864.000;12.768.465.657.844.900;12.768.465.657.844.900;10734400;0.038070370132584255;14.124.413.803.222.600
21/05/2026;1.326.497.802.734.370;1.332.991.367.152.230;12.954.282.966.787.900;1.305.118.795.999.030;6852700;0.008091000467780536;9.090.091.492.797.850
22/05/2026;1.315.308.837.890.620;13.415.829.416.413.400;1.313.410.676.843.600;13.236.007.163.160.000;6467700;-0.008470742389344695;8.507.022.970.825.190
26/05/2026;13.321.923.828.125;1.335.489.012.567.890;13.126.115.362.061.000;13.234.009.636.294.300;5928300;0.01275449746340777;7.897.636.103.027.340
27/05/2026;13.431.814.575.195.300;135.896.598.121.228;13.316.927.962.099.000;1.334.889.578.795.210;7576700;0.008215028750495018;10.176.882.949.188.200
28/05/2026;1.358.566.436.767.570;13.642.607.676.598.200;13.299.944.779.367.200;13.409.835.990.635.100;6861000;0.011389031211287653;9.321.124.322.662.350
29/05/2026;1.365.559.539.794.920;13.721.531.039.254.000;13.547.701.127.918.300;13.634.615.321.394.900;6734800;0.005134210714988679;919.677.038.861.084
1/06/2026;13.348.895.263.671.800;13.552.696.052.463.000;132.110.316.382.475;13.548.699.121.649.300;7929300;-0.022715727263437086;1.058.473.952.142.330
2/06/2026;12.763.471.221.923.800;1.318.405.826.998.670;127.444.896.106.806;13.141.099.645.954.800;14202400;-0.044846349380886004;18.127.192.368.225.000
3/06/2026;1.297.026.824.951.170;1.298.625.292.477.310;1.269.953.410.034.880;1.274.448.966.568.690;8097300;0.016072400164323604;10.502.415.309.677.100
4/06/2026;13.328.915.405.273.400;13.434.811.207.868.200;1.303.120.807.874.390;1.303.120.807.874.390;7324200;0.02727608551388181;9.762.364.221.130.370
5/06/2026;12.854.380.798.339.800;1.331.892.567.475.430;1.280.542.830.520.200;1.326.397.930.988.180;8408400;-0.03625109453400146;10.808.477.550.476.000
8/06/2026;12.830.404.663.085.900;13.093.147.237.537.000;12.772.462.120.580.800;1.300.823.150.819.260;6472300;-0.001866952889601368;8.304.222.810.089.110
9/06/2026;13.125.115.966.796.800;1.322.601.636.667.030;12.743.489.864.947.400;1.310.014.048.445.740;11868500;0.02270992549315128;1.557.754.388.519.280
10/06/2026;12.872.364.807.128.900;13.348.895.934.808.100;12.866.369.410.606.800;1.303.120.851.635.530;8127300;-0.01944489357760638;10.461.757.049.697.800
11/06/2026;13.260.983.276.367.100;1.332.891.585.982.670;12.832.403.125.580.500;12.901.335.703.985.500;10176700;0.029743385154138352;13.495.304.850.860.500
12/06/2026;13.365.878.295.898.400;13.540.706.670.153.500;13.282.961.036.993.900;1.328.495.797.800.150;7822900;0.007878927967616441;10.455.992.932.098.300
15/06/2026;1.362.662.353.515.620;13.663.588.288.258.500;13.441.805.867.175.200;13.561.687.886.154.200;5269900;0.01932042844579162;7.181.094.336.791.990
16/06/2026;135.207.275.390.625;1.372.252.987.491.810;13.403.842.457.848.000;13.629.620.282.537.900;6925500;-0.007801610766233569;9.363.779.857.177.730
17/06/2026;1.392.532.958.984.370;14.168.092.065.939.500;13.622.626.871.978.100;13.638.611.546.203.000;17203400;0.029485573234939378;23.956.301.506.591.700
18/06/2026;14.058.200.073.242.100;14.331.931.917.262.400;13.856.397.742.623.000;1.418.607.442.498.150;9569900;0.009496406174454299;1.345.355.688.809.200
22/06/2026;14.586.000.061.035.100;14.677.000.427.246.000;143.25;14.352.999.877.929.600;16738700;0.03685630810931345;24.415.067.922.164.900
23/06/2026;14.702.999.877.929.600;14.875.999.450.683.500;14.411.000.061.035.100;14.411.000.061.035.100;10610000;0.007989377546567568;15.599.882.870.483.300
24/06/2026;1.497.100.067.138.670;15.177.999.877.929.600;14.732.000.732.421.800;14.732.000.732.421.800;13716000;0.01806349502040358;20.534.224.520.874.000
25/06/2026;15.158.999.633.789.000;1.546.999.969.482.420;14.988.999.938.964.800;14.988.999.938.964.800;12268600;0.012479349506377966;1.859.797.029.071.040
26/06/2026;1.553.800.048.828.120;15.592.999.267.578.100;1.511.999.969.482.420;15.122.999.572.753.900;11014400;0.024694277133309794;171.141.752.578.125
29/06/2026;15.830.999.755.859.300;1.583.300.018.310.540;1.543.699.951.171.870;155.5;12227900;0.01868135971675707;19.357.988.191.467.200
30/06/2026;158.25;16.000.999.450.683.500;15.752.000.427.246.000;15.880.999.755.859.300;9017700;-0.0003790596397199406;1427051025.0
1/07/2026;1.565.500.030.517.570;159.0;15.619.000.244.140.600;15.792.999.267.578.100;7575200;-0.0108005937580492;11.858.975.831.176.700
2/07/2026;1.604.600.067.138.670;16.082.000.732.421.800;15.647.999.572.753.900;15.750.999.450.683.500;9683200;0.02466926490064873;15.537.663.370.117.100
6/07/2026;16.080.999.755.859.300;16.155.999.755.859.300;1.586.699.981.689.450;16.022.999.572.753.900;7470600;0.0021787965171175695;12.013.471.677.612.300
7/07/2026;1.638.699.951.171.870;16.435.000.610.351.500;15.935.000.610.351.500;1.620.399.932.861.320;9548200;0.01884987207726332;15.646.634.873.779.200
8/07/2026;16.297.000.122.070.300;16.413.999.938.964.800;1.594.600.067.138.670;16.222.999.572.753.900;10792500;-0.005507258483013617;17.588.537.381.744.300
9/07/2026;16.427.999.877.929.600;1.657.100.067.138.670;1.628.000.030.517.570;1.628.000.030.517.570;7532000;0.00800613937948023;1.237.356.950.805.660
10/07/2026;15.902.999.877.929.600;16.422.999.572.753.900;15.627.000.427.246.000;16.388.999.938.964.800;12260000;-0.03247942566583798;19.497.077.850.341.700
13/07/2026;15.533.999.633.789.000;1.572.899.932.861.320;1.538.699.951.171.870;15.722.999.572.753.900;11350500;-0.023476616575193194;17.631.866.284.332.200
14/07/2026;1.554.499.969.482.420;15.632.000.732.421.800;153.75;15.572.000.122.070.300;8187600;0.0007078774562965236;12.727.623.950.134.200
15/07/2026;15.622.000.122.070.300;1.563.300.018.310.540;15.289.999.389.648.400;154.25;5608900;0.004941161123153577;8.762.223.648.468.010
16/07/2026;152.0;15.564.999.389.648.400;15.092.999.267.578.100;15.502.000.427.246.000;9850600;-0.027384757149875066;1497291200.0
17/07/2026;15.425.999.450.683.500;15.547.000.122.070.300;14.914.999.389.648.400;14.957.000.732.421.800;11572800;0.014758934049800028;1.785.220.064.428.710
20/07/2026;15.094.000.244.140.600;1.565.399.932.861.320;15.088.999.938.964.800;15.463.999.938.964.800;7797500;-0.02175703186467387;11.769.546.690.368.600
21/07/2026;154.5;15.472.000.122.070.300;15.077.000.427.246.000;15.102.000.427.246.000;7759200;0.02331167330639761;1198796400.0
22/07/2026;15.211.000.061.035.100;154.75;15.197.999.572.753.900;15.363.999.938.964.800;6301200;-0.015590149001581635;9.584.755.358.459.470
23/07/2026;15.222.999.572.753.900;15.338.999.938.964.800;1.493.300.018.310.540;14.999.000.549.316.400;6647000;0.0007885596691161369;10.118.727.816.009.500
24/07/2026;15.047.999.572.753.900;15.327.999.877.929.600;14.991.000.366.210.900;15.277.999.877.929.600;7387100;-0.011562350404777983;11.116.107.764.389.000
27/07/2026;15.058.999.633.789.000;1.542.100.067.138.670;1.505.399.932.861.320;15.175.999.450.683.500;9321300;0.0007307311797609983;140.369.453.286.438
28/07/2026;14.977.999.877.929.600;15.088.999.938.964.800;14.714.999.389.648.400;150.5;8913700;-0.005393345109070834;13.350.939.751.190.100
29/07/2026;14.791.000.366.210.900;15.111.000.061.035.100;1.466.699.981.689.450;14.922.999.572.753.900;9042200;-0.012563537228930069;13.374.318.351.135.200
30/07/2026;1.514.600.067.138.670;15.183.999.633.789.000;14.672.000.122.070.300;148.0;6725300;0.02371760257101754;1.018.613.983.152.770
31/07/2026;14.700.999.450.683.500;15.177.000.427.246.000;146.0;1.511.999.969.482.420;8044000;-0.029821033703381232;11.825.483.958.129.800
3/08/2026;14.730.999.755.859.300;14.814.999.389.648.400;14.377.999.877.929.600;14.697.999.572.753.900;6719000;0.002038618943638293;9.897.758.735.961.910
4/08/2026;1.518.800.048.828.120;1.522.100.067.138.670;14.794.000.244.140.600;14.877.000.427.246.000;7841300;0.030551574259156885;11.909.366.822.875.900
5/08/2026;15.300.999.450.683.500;1.551.199.951.171.870;15.149.000.549.316.400;1.531.300.048.828.120;8973800;0.007412475320286288;13.730.810.887.054.400
6/08/2026;154.5;15.688.999.938.964.800;15.313.999.938.964.800;1.539.499.969.482.420;8778700;0.009690853504765342;1356309150.0
7/08/2026;1.573.699.951.171.870;15.785.000.610.351.500;1.549.600.067.138.670;1.568.699.951.171.870;8397100;0.01840559324737814;13.214.515.859.985.300
10/08/2026;15.802.999.877.929.600;1.585.500.030.517.570;155.0;15.597.999.572.753.900;7454700;0.004185191111331508;11.780.662.319.000.200
11/08/2026;15.807.000.732.421.800;15.917.999.267.578.100;1.567.899.932.861.320;158.5;6203700;0.00025313852807972494;9.806.189.044.372.550
12/08/2026;15.938.999.938.964.800;16.008.999.633.789.000;15.719.000.244.140.600;15.813.999.938.964.800;6047300;0.008316006077075415;963.879.143.309.021
13/08/2026;15.686.000.061.035.100;1.606.699.981.689.450;1.565.500.030.517.570;160.25;7535100;-0.016000333626085394;118.195.579.059.906
14/08/2026;15.741.000.366.210.900;15.777.000.427.246.000;15.414.999.389.648.400;1.565.399.932.861.320;6322600;0.0035001979559323047;9.952.404.891.540.520
17/08/2026;15.952.999.877.929.600;15.986.000.061.035.100;15.586.000.061.035.100;1.568.300.018.310.540;6362100;0.013378095029522202;10.149.458.052.337.600
18/08/2026;16.011.000.061.035.100;16.060.000.610.351.500;1.578.800.048.828.120;15.833.999.633.789.000;6522000;0.0036290981650053344;10.442.374.239.807.100
19/08/2026;1.695.500.030.517.570;16.967.999.267.578.100;164.5;1.656.999.969.482.420;14090500;0.05728680374476917;23.890.443.180.007.900
20/08/2026;1.633.800.048.828.120;16.752.999.877.929.600;16.252.999.877.929.600;16.666.000.366.210.900;15031000;-0.03706908077085462;24.557.648.533.935.500
21/08/2026;16.572.999.572.753.900;16.791.000.366.210.900;16.374.000.549.316.400;16.460.000.610.351.500;10010500;0.014281126555850699;16.590.401.222.305.200
